-- MySQL dump 10.16  Distrib 10.1.38-MariaDB, for debian-linux-gnu (x86_64)
--
-- Host: localhost    Database: abantecart
-- ------------------------------------------------------
-- Server version	10.1.38-MariaDB-0+deb9u1

/*!40101 SET @OLD_CHARACTER_SET_CLIENT=@@CHARACTER_SET_CLIENT */;
/*!40101 SET @OLD_CHARACTER_SET_RESULTS=@@CHARACTER_SET_RESULTS */;
/*!40101 SET @OLD_COLLATION_CONNECTION=@@COLLATION_CONNECTION */;
/*!40101 SET NAMES utf8mb4 */;
/*!40103 SET @OLD_TIME_ZONE=@@TIME_ZONE */;
/*!40103 SET TIME_ZONE='+00:00' */;
/*!40014 SET @OLD_UNIQUE_CHECKS=@@UNIQUE_CHECKS, UNIQUE_CHECKS=0 */;
/*!40014 SET @OLD_FOREIGN_KEY_CHECKS=@@FOREIGN_KEY_CHECKS, FOREIGN_KEY_CHECKS=0 */;
/*!40101 SET @OLD_SQL_MODE=@@SQL_MODE, SQL_MODE='NO_AUTO_VALUE_ON_ZERO' */;
/*!40111 SET @OLD_SQL_NOTES=@@SQL_NOTES, SQL_NOTES=0 */;

--
-- Table structure for table `abc_addresses`
--

DROP TABLE IF EXISTS `abc_addresses`;
/*!40101 SET @saved_cs_client     = @@character_set_client */;
/*!40101 SET character_set_client = utf8 */;
CREATE TABLE `abc_addresses` (
  `address_id` int(11) NOT NULL AUTO_INCREMENT,
  `customer_id` int(11) NOT NULL,
  `company` varchar(32) NOT NULL,
  `firstname` varchar(32) NOT NULL DEFAULT '',
  `lastname` varchar(32) NOT NULL DEFAULT '',
  `address_1` varchar(128) NOT NULL,
  `address_2` varchar(128) NOT NULL,
  `postcode` varchar(10) NOT NULL DEFAULT '',
  `city` varchar(128) NOT NULL,
  `country_id` int(11) NOT NULL DEFAULT '0',
  `zone_id` int(11) NOT NULL DEFAULT '0',
  PRIMARY KEY (`address_id`),
  KEY `ac_addresses_idx` (`customer_id`,`country_id`,`zone_id`)
) ENGINE=MyISAM AUTO_INCREMENT=17 DEFAULT CHARSET=utf8;
/*!40101 SET character_set_client = @saved_cs_client */;

--
-- Dumping data for table `abc_addresses`
--

LOCK TABLES `abc_addresses` WRITE;
/*!40000 ALTER TABLE `abc_addresses` DISABLE KEYS */;
INSERT INTO `abc_addresses` VALUES (1,2,'','Juliana','Davis','9778 Golden Crescent','Apt 10','85804-7365','Humansville',223,3616),(2,3,'','Keely','Mccoy','5071 Misty Pond Farm','Suite #101','63406-9081','Bumble Bee',223,3648),(3,4,'BelfastCo','Zelda','Weiss','6944 Sleepy Fawn Abbey','Suite #31','86014-8121','Lawyers',223,3616),(4,5,'','Gloria','Macias','7590 Easy Robin Hollow','','73477-3842','Sandymush',223,3660),(5,6,'','Bernard','Horne','5607 Umber Branch Via','','86301-9785','Spook City',223,3616),(6,7,'','James','Curtis','6500 Arapahoe Road','','80303','Boulder',223,3634),(7,8,'','Bruce','Rosarini','61 Cumberland ST','','68624-2273','Skokie',223,3650),(8,9,'','Carlos','Compton','31 Capital Drive','','63142-0892','Fort Misery',223,3648),(9,10,'','Garrison','Baxter','Eddie Hoffman Highway','','64034-2948','Shell Pile',223,3648),(10,11,'','Anthony','Blair','104 Main Street','','29181-8284','Gassaway',223,3666),(11,12,'','Allen','Waters','110 Shenandoah Avenue','','86565-1710','Honohina',223,3616),(12,13,'','Tom','Kipling','100 Main Str','','64034-2948','Shell Pile',223,3648),(13,14,'Eaton Stevenson Inc','Yuri','Howard','22555 Jensen Ave','','93654','Reedley',223,3624),(14,15,'Day and Rivera Traders','Regan','Shields','2355 Boulevard Bastien','','QC G2B 1B3','Québec',38,612),(15,16,'','Randall','Richards','500 N Nebraska Ave','','33603','Tampa',223,3630),(16,16,'Guzman and Morin Inc','Mallory','Ballard','2430 S French Ave','','32771','Sanford',223,3630);
/*!40000 ALTER TABLE `abc_addresses` ENABLE KEYS */;
UNLOCK TABLES;

--
-- Table structure for table `abc_ant_messages`
--

DROP TABLE IF EXISTS `abc_ant_messages`;
/*!40101 SET @saved_cs_client     = @@character_set_client */;
/*!40101 SET character_set_client = utf8 */;
CREATE TABLE `abc_ant_messages` (
  `id` varchar(60) NOT NULL,
  `priority` int(11) NOT NULL DEFAULT '0',
  `start_date` timestamp NOT NULL DEFAULT '0000-00-00 00:00:00',
  `end_date` timestamp NOT NULL DEFAULT '0000-00-00 00:00:00',
  `viewed_date` timestamp NOT NULL DEFAULT '0000-00-00 00:00:00',
  `viewed` int(11) NOT NULL DEFAULT '0',
  `title` varchar(255) DEFAULT NULL,
  `description` text,
  `html` longtext,
  `url` text,
  `language_code` varchar(2) NOT NULL DEFAULT 'en',
  `date_modified` timestamp NOT NULL DEFAULT CURRENT_TIMESTAMP ON UPDATE CURRENT_TIMESTAMP,
  PRIMARY KEY (`id`,`language_code`),
  KEY `daterange_idx` (`start_date`,`end_date`)
) ENGINE=MyISAM DEFAULT CHARSET=utf8;
/*!40101 SET character_set_client = @saved_cs_client */;

--
-- Dumping data for table `abc_ant_messages`
--

LOCK TABLES `abc_ant_messages` WRITE;
/*!40000 ALTER TABLE `abc_ant_messages` DISABLE KEYS */;
INSERT INTO `abc_ant_messages` VALUES ('abantecart_share_word',1,'0000-00-00 00:00:00','2030-01-01 00:00:00','0000-00-00 00:00:00',0,'Help us making AbanteCart #1','','<p class=\"p1\">Do you enjoy AbanteCart? See how you can help and contribute towards making AbanteCart even better.\r\n<strong><a href=\"http://www.abantecart.com/contribute-to-abantecart\" target=\"_abantecart\">Learn more</a></strong> </p>','','*','2019-07-17 05:53:42'),('capterra_review',1,'0000-00-00 00:00:00','2030-01-01 00:00:00','0000-00-00 00:00:00',0,'Please review AbanteCart and share your experience','','Do you like <strong>AbanteCart</strong>? Please rate AbanteCart or share your experience with other eCommerce entrepreneurs. Go to <strong><a href=\"http://www.capterra.com/ecommerce-software/spotlight/126413/AbanteCart/AbanteCart\" target=\"_blank\">Capterra rating page</a></strong> to add your rating or <strong><a href=\"http://www.capterra.com/ecommerce-software/reviews/126413/AbanteCart/AbanteCart/new\" target=\"_blank\">write a review</a></strong>','','*','2019-07-17 05:53:42'),('abantecart_payments',1,'0000-00-00 00:00:00','2030-01-01 00:00:00','0000-00-00 00:00:00',0,'Do you need to accept payments with AbanteCart?','','Do you need to accept payments on your <strong>AbanteCart</strong>? Check best rates with companies preselected for AbanteCart platform. Go to <strong><a href=\"http://www.abantecart.com/payment-partners\" target=\"_blank\">payment partners page</a></strong> to see what solution works best for your ecommerce ','','*','2019-07-17 05:53:42'),('banner',1,'2011-09-16 06:54:47','2030-01-01 00:00:00','2019-07-17 05:54:13',1,'Banner at AbanteCart header','','<strong>AbanteCart</strong> V1.2.15 is a current application version. <strong><a href=\"http://www.abantecart.com/shopping-cart-news/abantecart-1215-released\" target=\"_blank\">Learn more ... </a></strong>','http://www.abantecart.com','*','2019-07-17 05:53:42');
/*!40000 ALTER TABLE `abc_ant_messages` ENABLE KEYS */;
UNLOCK TABLES;

--
-- Table structure for table `abc_banner_descriptions`
--

DROP TABLE IF EXISTS `abc_banner_descriptions`;
/*!40101 SET @saved_cs_client     = @@character_set_client */;
/*!40101 SET character_set_client = utf8 */;
CREATE TABLE `abc_banner_descriptions` (
  `banner_id` int(11) NOT NULL,
  `language_id` int(11) NOT NULL,
  `name` varchar(255) NOT NULL COMMENT 'translatable',
  `description` longtext NOT NULL COMMENT 'translatable',
  `meta` text COMMENT 'translatable',
  `date_added` timestamp NOT NULL DEFAULT '0000-00-00 00:00:00',
  `date_modified` timestamp NOT NULL DEFAULT CURRENT_TIMESTAMP ON UPDATE CURRENT_TIMESTAMP,
  PRIMARY KEY (`banner_id`,`language_id`)
) ENGINE=MyISAM DEFAULT CHARSET=utf8;
/*!40101 SET character_set_client = @saved_cs_client */;

--
-- Dumping data for table `abc_banner_descriptions`
--

LOCK TABLES `abc_banner_descriptions` WRITE;
/*!40000 ALTER TABLE `abc_banner_descriptions` DISABLE KEYS */;
INSERT INTO `abc_banner_descriptions` VALUES (18,1,'fallback','','','2019-07-12 07:21:52','2019-07-12 07:21:52'),(17,1,'Main Banner 5','&lt;p&gt;\r\n	&lt;img alt=&quot;&quot; class=&quot;wp1_3 slide2_bot&quot; src=&quot;storefront/view/default/image/banner_image_5.png&quot; width=&quot;600&quot; height=&quot;300&quot; /&gt; &lt;span class=&quot;txt1&quot;&gt;Application and data security&lt;/span&gt; &lt;span class=&quot;txt2&quot;&gt;Secure Solution&lt;/span&gt; &lt;span class=&quot;txt3&quot;&gt;Very secure solution with up to date industry security practices and inline with PCI compliance. Customer information protection with data encryption&lt;/span&gt; &lt;span class=&quot;txt4&quot;&gt;&lt;a class=&quot;btn btn-wht&quot; href=&quot;#&quot;&gt;Install Now!&lt;/a&gt;&lt;/span&gt;&lt;/p&gt;\r\n','','2019-07-12 07:21:52','2019-07-12 07:21:52'),(16,1,'banner4','','','2019-07-12 07:21:52','2019-07-12 07:21:52'),(15,1,'banner3','','','2019-07-12 07:21:52','2019-07-12 07:21:52'),(14,1,'banner2','','','2019-07-12 07:21:52','2019-07-12 07:21:52'),(13,1,'banner1','','','2019-07-12 07:21:52','2019-07-12 07:21:52'),(11,1,'Main Banner 4','&lt;p&gt;\r\n	&lt;img alt=&quot;&quot; class=&quot;wp1_3 slide3_bot&quot; src=&quot;storefront/view/default/image/banner_image_4.png&quot; width=&quot;600&quot; height=&quot;300&quot; /&gt; &lt;span class=&quot;txt1 blue&quot;&gt;Stay in control&lt;/span&gt; &lt;span class=&quot;txt2 blue&quot;&gt;Easy updates&lt;/span&gt; &lt;span class=&quot;txt3 short&quot;&gt;Upgrade right from admin. Backward supportability in upgrades and automatic backups. Easy extension download with one step installation.&lt;/span&gt; &lt;span class=&quot;txt4 txt4up&quot;&gt;&lt;a class=&quot;btn btn-wht&quot; href=&quot;#&quot;&gt;Get Yours!&lt;/a&gt;&lt;/span&gt;&lt;/p&gt;\r\n','','2019-07-12 07:21:52','2019-07-12 07:21:52'),(10,1,'Main Banner 3','&lt;p&gt;\r\n	&lt;img alt=&quot;&quot; class=&quot;wp1_3 slide2_bot&quot; src=&quot;storefront/view/default/image/banner_image_3.png&quot; width=&quot;600&quot; height=&quot;300&quot; /&gt; &lt;span class=&quot;txt1&quot;&gt;Feature rich with smart UI&lt;/span&gt; &lt;span class=&quot;txt2&quot;&gt;Easy &amp;amp; fun to manage&lt;/span&gt; &lt;span class=&quot;txt3&quot;&gt;Feature reach shopping cart application right out of the box. Standard features allow to set up complete eCommerce site with all the tools needed to sell products online.&lt;/span&gt; &lt;span class=&quot;txt4&quot;&gt;&lt;a class=&quot;btn btn-wht&quot; href=&quot;#&quot;&gt;Install Now!&lt;/a&gt;&lt;/span&gt;&lt;/p&gt;\r\n','','2019-07-12 07:21:52','2019-07-12 07:21:52'),(9,1,'Main Banner 2','&lt;p&gt;\r\n	&lt;img alt=&quot;&quot; class=&quot;wp1_3 wp1_left slide2_bot&quot; src=&quot;storefront/view/default/image/banner_image_2.png&quot; width=&quot;600&quot; height=&quot;300&quot; /&gt; &lt;span class=&quot;txt1 blue txt_right2&quot;&gt;Highly flexible layout on any page&lt;/span&gt; &lt;span class=&quot;txt2 blue txt_right2&quot;&gt;SEO Friendly&lt;/span&gt; &lt;span class=&quot;txt2 blue txt_right2&quot;&gt;Fast Loading&lt;/span&gt; &lt;span class=&quot;txt4 txt_right2 txt4up&quot;&gt;&lt;a class=&quot;btn btn-wht&quot; href=&quot;#&quot;&gt;Try Now!&lt;/a&gt;&lt;/span&gt;&lt;/p&gt;\r\n','','2019-07-12 07:21:52','2019-07-12 07:21:52'),(8,1,'Main Banner 1','&lt;p&gt;\r\n	&lt;img alt=&quot;&quot; class=&quot;wp1_3 slide1_bot&quot; src=&quot;storefront/view/default/image/banner_image_1.png&quot; width=&quot;600&quot; height=&quot;300&quot; /&gt; &lt;span class=&quot;txt1&quot;&gt;HTML5 Responsive Storefront to look great on&lt;/span&gt; &lt;span class=&quot;txt2&quot;&gt;ALL Screen Sizes&lt;/span&gt; &lt;span class=&quot;txt3 short&quot;&gt;Natively responsive template implemented with bootstrap library and HTML5. Will look good on most mobile devices and tablets.&lt;/span&gt; &lt;span class=&quot;txt4 txt4up&quot;&gt;&lt;a class=&quot;btn btn-wht&quot; href=&quot;&quot;&gt;Try on your device!&lt;/a&gt;&lt;/span&gt;&lt;/p&gt;\r\n','','2019-07-12 07:21:52','2019-07-12 07:21:52');
/*!40000 ALTER TABLE `abc_banner_descriptions` ENABLE KEYS */;
UNLOCK TABLES;

--
-- Table structure for table `abc_banner_stat`
--

DROP TABLE IF EXISTS `abc_banner_stat`;
/*!40101 SET @saved_cs_client     = @@character_set_client */;
/*!40101 SET character_set_client = utf8 */;
CREATE TABLE `abc_banner_stat` (
  `rowid` int(11) NOT NULL AUTO_INCREMENT,
  `banner_id` int(11) NOT NULL,
  `type` int(11) NOT NULL,
  `time` timestamp NOT NULL DEFAULT CURRENT_TIMESTAMP ON UPDATE CURRENT_TIMESTAMP,
  `store_id` int(11) NOT NULL,
  `user_info` text,
  PRIMARY KEY (`rowid`),
  KEY `ac_banner_stat_idx` (`banner_id`,`type`,`time`,`store_id`)
) ENGINE=MyISAM AUTO_INCREMENT=111 DEFAULT CHARSET=utf8;
/*!40101 SET character_set_client = @saved_cs_client */;

--
-- Dumping data for table `abc_banner_stat`
--

LOCK TABLES `abc_banner_stat` WRITE;
/*!40000 ALTER TABLE `abc_banner_stat` DISABLE KEYS */;
INSERT INTO `abc_banner_stat` VALUES (1,18,1,'2019-07-17 05:50:42',0,'a:4:{s:7:\"user_id\";s:0:\"\";s:7:\"user_ip\";s:13:\"49.230.31.235\";s:9:\"user_host\";N;s:2:\"rt\";s:26:\"r/extension/banner_manager\";}'),(2,8,1,'2019-07-17 05:50:42',0,'a:4:{s:7:\"user_id\";s:0:\"\";s:7:\"user_ip\";s:13:\"49.230.31.235\";s:9:\"user_host\";N;s:2:\"rt\";s:26:\"r/extension/banner_manager\";}'),(3,10,1,'2019-07-17 05:50:42',0,'a:4:{s:7:\"user_id\";s:0:\"\";s:7:\"user_ip\";s:13:\"49.230.31.235\";s:9:\"user_host\";N;s:2:\"rt\";s:26:\"r/extension/banner_manager\";}'),(4,9,1,'2019-07-17 05:50:42',0,'a:4:{s:7:\"user_id\";s:0:\"\";s:7:\"user_ip\";s:13:\"49.230.31.235\";s:9:\"user_host\";N;s:2:\"rt\";s:26:\"r/extension/banner_manager\";}'),(5,11,1,'2019-07-17 05:50:43',0,'a:4:{s:7:\"user_id\";s:0:\"\";s:7:\"user_ip\";s:13:\"49.230.31.235\";s:9:\"user_host\";N;s:2:\"rt\";s:26:\"r/extension/banner_manager\";}'),(6,13,1,'2019-07-17 05:50:43',0,'a:4:{s:7:\"user_id\";s:0:\"\";s:7:\"user_ip\";s:13:\"49.230.31.235\";s:9:\"user_host\";N;s:2:\"rt\";s:26:\"r/extension/banner_manager\";}'),(7,14,1,'2019-07-17 05:50:43',0,'a:4:{s:7:\"user_id\";s:0:\"\";s:7:\"user_ip\";s:13:\"49.230.31.235\";s:9:\"user_host\";N;s:2:\"rt\";s:26:\"r/extension/banner_manager\";}'),(8,17,1,'2019-07-17 05:50:43',0,'a:4:{s:7:\"user_id\";s:0:\"\";s:7:\"user_ip\";s:13:\"49.230.31.235\";s:9:\"user_host\";N;s:2:\"rt\";s:26:\"r/extension/banner_manager\";}'),(9,16,1,'2019-07-17 05:50:43',0,'a:4:{s:7:\"user_id\";s:0:\"\";s:7:\"user_ip\";s:13:\"49.230.31.235\";s:9:\"user_host\";N;s:2:\"rt\";s:26:\"r/extension/banner_manager\";}'),(10,15,1,'2019-07-17 05:50:43',0,'a:4:{s:7:\"user_id\";s:0:\"\";s:7:\"user_ip\";s:13:\"49.230.31.235\";s:9:\"user_host\";N;s:2:\"rt\";s:26:\"r/extension/banner_manager\";}'),(11,8,1,'2019-07-17 05:51:28',0,'a:4:{s:7:\"user_id\";s:0:\"\";s:7:\"user_ip\";s:11:\"93.80.98.63\";s:9:\"user_host\";N;s:2:\"rt\";s:26:\"r/extension/banner_manager\";}'),(12,18,1,'2019-07-17 05:51:28',0,'a:4:{s:7:\"user_id\";s:0:\"\";s:7:\"user_ip\";s:11:\"93.80.98.63\";s:9:\"user_host\";N;s:2:\"rt\";s:26:\"r/extension/banner_manager\";}'),(13,9,1,'2019-07-17 05:51:28',0,'a:4:{s:7:\"user_id\";s:0:\"\";s:7:\"user_ip\";s:11:\"93.80.98.63\";s:9:\"user_host\";N;s:2:\"rt\";s:26:\"r/extension/banner_manager\";}'),(14,10,1,'2019-07-17 05:51:28',0,'a:4:{s:7:\"user_id\";s:0:\"\";s:7:\"user_ip\";s:11:\"93.80.98.63\";s:9:\"user_host\";N;s:2:\"rt\";s:26:\"r/extension/banner_manager\";}'),(15,11,1,'2019-07-17 05:51:28',0,'a:4:{s:7:\"user_id\";s:0:\"\";s:7:\"user_ip\";s:11:\"93.80.98.63\";s:9:\"user_host\";N;s:2:\"rt\";s:26:\"r/extension/banner_manager\";}'),(16,17,1,'2019-07-17 05:51:28',0,'a:4:{s:7:\"user_id\";s:0:\"\";s:7:\"user_ip\";s:11:\"93.80.98.63\";s:9:\"user_host\";N;s:2:\"rt\";s:26:\"r/extension/banner_manager\";}'),(17,13,1,'2019-07-17 05:51:29',0,'a:4:{s:7:\"user_id\";s:0:\"\";s:7:\"user_ip\";s:11:\"93.80.98.63\";s:9:\"user_host\";N;s:2:\"rt\";s:26:\"r/extension/banner_manager\";}'),(18,14,1,'2019-07-17 05:51:29',0,'a:4:{s:7:\"user_id\";s:0:\"\";s:7:\"user_ip\";s:11:\"93.80.98.63\";s:9:\"user_host\";N;s:2:\"rt\";s:26:\"r/extension/banner_manager\";}'),(19,15,1,'2019-07-17 05:51:29',0,'a:4:{s:7:\"user_id\";s:0:\"\";s:7:\"user_ip\";s:11:\"93.80.98.63\";s:9:\"user_host\";N;s:2:\"rt\";s:26:\"r/extension/banner_manager\";}'),(20,16,1,'2019-07-17 05:51:29',0,'a:4:{s:7:\"user_id\";s:0:\"\";s:7:\"user_ip\";s:11:\"93.80.98.63\";s:9:\"user_host\";N;s:2:\"rt\";s:26:\"r/extension/banner_manager\";}'),(21,18,1,'2019-07-17 05:59:07',0,'a:4:{s:7:\"user_id\";s:0:\"\";s:7:\"user_ip\";s:13:\"204.187.14.72\";s:9:\"user_host\";N;s:2:\"rt\";s:26:\"r/extension/banner_manager\";}'),(22,8,1,'2019-07-17 05:59:07',0,'a:4:{s:7:\"user_id\";s:0:\"\";s:7:\"user_ip\";s:13:\"204.187.14.72\";s:9:\"user_host\";N;s:2:\"rt\";s:26:\"r/extension/banner_manager\";}'),(23,9,1,'2019-07-17 05:59:07',0,'a:4:{s:7:\"user_id\";s:0:\"\";s:7:\"user_ip\";s:13:\"204.187.14.72\";s:9:\"user_host\";N;s:2:\"rt\";s:26:\"r/extension/banner_manager\";}'),(24,10,1,'2019-07-17 05:59:07',0,'a:4:{s:7:\"user_id\";s:0:\"\";s:7:\"user_ip\";s:13:\"204.187.14.72\";s:9:\"user_host\";N;s:2:\"rt\";s:26:\"r/extension/banner_manager\";}'),(25,11,1,'2019-07-17 05:59:07',0,'a:4:{s:7:\"user_id\";s:0:\"\";s:7:\"user_ip\";s:13:\"204.187.14.72\";s:9:\"user_host\";N;s:2:\"rt\";s:26:\"r/extension/banner_manager\";}'),(26,17,1,'2019-07-17 05:59:07',0,'a:4:{s:7:\"user_id\";s:0:\"\";s:7:\"user_ip\";s:13:\"204.187.14.72\";s:9:\"user_host\";N;s:2:\"rt\";s:26:\"r/extension/banner_manager\";}'),(27,13,1,'2019-07-17 05:59:07',0,'a:4:{s:7:\"user_id\";s:0:\"\";s:7:\"user_ip\";s:13:\"204.187.14.72\";s:9:\"user_host\";N;s:2:\"rt\";s:26:\"r/extension/banner_manager\";}'),(28,14,1,'2019-07-17 05:59:07',0,'a:4:{s:7:\"user_id\";s:0:\"\";s:7:\"user_ip\";s:13:\"204.187.14.72\";s:9:\"user_host\";N;s:2:\"rt\";s:26:\"r/extension/banner_manager\";}'),(29,15,1,'2019-07-17 05:59:07',0,'a:4:{s:7:\"user_id\";s:0:\"\";s:7:\"user_ip\";s:13:\"204.187.14.72\";s:9:\"user_host\";N;s:2:\"rt\";s:26:\"r/extension/banner_manager\";}'),(30,16,1,'2019-07-17 05:59:07',0,'a:4:{s:7:\"user_id\";s:0:\"\";s:7:\"user_ip\";s:13:\"204.187.14.72\";s:9:\"user_host\";N;s:2:\"rt\";s:26:\"r/extension/banner_manager\";}'),(31,9,1,'2019-07-17 06:00:07',0,'a:4:{s:7:\"user_id\";s:0:\"\";s:7:\"user_ip\";s:13:\"49.230.31.235\";s:9:\"user_host\";N;s:2:\"rt\";s:26:\"r/extension/banner_manager\";}'),(32,10,1,'2019-07-17 06:00:07',0,'a:4:{s:7:\"user_id\";s:0:\"\";s:7:\"user_ip\";s:13:\"49.230.31.235\";s:9:\"user_host\";N;s:2:\"rt\";s:26:\"r/extension/banner_manager\";}'),(33,17,1,'2019-07-17 06:00:07',0,'a:4:{s:7:\"user_id\";s:0:\"\";s:7:\"user_ip\";s:13:\"49.230.31.235\";s:9:\"user_host\";N;s:2:\"rt\";s:26:\"r/extension/banner_manager\";}'),(34,18,1,'2019-07-17 06:00:07',0,'a:4:{s:7:\"user_id\";s:0:\"\";s:7:\"user_ip\";s:13:\"49.230.31.235\";s:9:\"user_host\";N;s:2:\"rt\";s:26:\"r/extension/banner_manager\";}'),(35,8,1,'2019-07-17 06:00:07',0,'a:4:{s:7:\"user_id\";s:0:\"\";s:7:\"user_ip\";s:13:\"49.230.31.235\";s:9:\"user_host\";N;s:2:\"rt\";s:26:\"r/extension/banner_manager\";}'),(36,11,1,'2019-07-17 06:00:07',0,'a:4:{s:7:\"user_id\";s:0:\"\";s:7:\"user_ip\";s:13:\"49.230.31.235\";s:9:\"user_host\";N;s:2:\"rt\";s:26:\"r/extension/banner_manager\";}'),(37,13,1,'2019-07-17 06:00:07',0,'a:4:{s:7:\"user_id\";s:0:\"\";s:7:\"user_ip\";s:13:\"49.230.31.235\";s:9:\"user_host\";N;s:2:\"rt\";s:26:\"r/extension/banner_manager\";}'),(38,14,1,'2019-07-17 06:00:07',0,'a:4:{s:7:\"user_id\";s:0:\"\";s:7:\"user_ip\";s:13:\"49.230.31.235\";s:9:\"user_host\";N;s:2:\"rt\";s:26:\"r/extension/banner_manager\";}'),(39,15,1,'2019-07-17 06:00:07',0,'a:4:{s:7:\"user_id\";s:0:\"\";s:7:\"user_ip\";s:13:\"49.230.31.235\";s:9:\"user_host\";N;s:2:\"rt\";s:26:\"r/extension/banner_manager\";}'),(40,16,1,'2019-07-17 06:00:07',0,'a:4:{s:7:\"user_id\";s:0:\"\";s:7:\"user_ip\";s:13:\"49.230.31.235\";s:9:\"user_host\";N;s:2:\"rt\";s:26:\"r/extension/banner_manager\";}'),(41,9,1,'2019-07-17 06:00:11',0,'a:4:{s:7:\"user_id\";s:0:\"\";s:7:\"user_ip\";s:13:\"49.230.31.235\";s:9:\"user_host\";N;s:2:\"rt\";s:26:\"r/extension/banner_manager\";}'),(42,8,1,'2019-07-17 06:00:11',0,'a:4:{s:7:\"user_id\";s:0:\"\";s:7:\"user_ip\";s:13:\"49.230.31.235\";s:9:\"user_host\";N;s:2:\"rt\";s:26:\"r/extension/banner_manager\";}'),(43,18,1,'2019-07-17 06:00:11',0,'a:4:{s:7:\"user_id\";s:0:\"\";s:7:\"user_ip\";s:13:\"49.230.31.235\";s:9:\"user_host\";N;s:2:\"rt\";s:26:\"r/extension/banner_manager\";}'),(44,10,1,'2019-07-17 06:00:11',0,'a:4:{s:7:\"user_id\";s:0:\"\";s:7:\"user_ip\";s:13:\"49.230.31.235\";s:9:\"user_host\";N;s:2:\"rt\";s:26:\"r/extension/banner_manager\";}'),(45,17,1,'2019-07-17 06:00:11',0,'a:4:{s:7:\"user_id\";s:0:\"\";s:7:\"user_ip\";s:13:\"49.230.31.235\";s:9:\"user_host\";N;s:2:\"rt\";s:26:\"r/extension/banner_manager\";}'),(46,11,1,'2019-07-17 06:00:11',0,'a:4:{s:7:\"user_id\";s:0:\"\";s:7:\"user_ip\";s:13:\"49.230.31.235\";s:9:\"user_host\";N;s:2:\"rt\";s:26:\"r/extension/banner_manager\";}'),(47,14,1,'2019-07-17 06:00:11',0,'a:4:{s:7:\"user_id\";s:0:\"\";s:7:\"user_ip\";s:13:\"49.230.31.235\";s:9:\"user_host\";N;s:2:\"rt\";s:26:\"r/extension/banner_manager\";}'),(48,13,1,'2019-07-17 06:00:11',0,'a:4:{s:7:\"user_id\";s:0:\"\";s:7:\"user_ip\";s:13:\"49.230.31.235\";s:9:\"user_host\";N;s:2:\"rt\";s:26:\"r/extension/banner_manager\";}'),(49,15,1,'2019-07-17 06:00:11',0,'a:4:{s:7:\"user_id\";s:0:\"\";s:7:\"user_ip\";s:13:\"49.230.31.235\";s:9:\"user_host\";N;s:2:\"rt\";s:26:\"r/extension/banner_manager\";}'),(50,16,1,'2019-07-17 06:00:11',0,'a:4:{s:7:\"user_id\";s:0:\"\";s:7:\"user_ip\";s:13:\"49.230.31.235\";s:9:\"user_host\";N;s:2:\"rt\";s:26:\"r/extension/banner_manager\";}'),(51,8,1,'2019-07-17 06:00:32',0,'a:4:{s:7:\"user_id\";s:0:\"\";s:7:\"user_ip\";s:13:\"49.230.31.235\";s:9:\"user_host\";N;s:2:\"rt\";s:26:\"r/extension/banner_manager\";}'),(52,18,1,'2019-07-17 06:00:32',0,'a:4:{s:7:\"user_id\";s:0:\"\";s:7:\"user_ip\";s:13:\"49.230.31.235\";s:9:\"user_host\";N;s:2:\"rt\";s:26:\"r/extension/banner_manager\";}'),(53,9,1,'2019-07-17 06:00:32',0,'a:4:{s:7:\"user_id\";s:0:\"\";s:7:\"user_ip\";s:13:\"49.230.31.235\";s:9:\"user_host\";N;s:2:\"rt\";s:26:\"r/extension/banner_manager\";}'),(54,10,1,'2019-07-17 06:00:32',0,'a:4:{s:7:\"user_id\";s:0:\"\";s:7:\"user_ip\";s:13:\"49.230.31.235\";s:9:\"user_host\";N;s:2:\"rt\";s:26:\"r/extension/banner_manager\";}'),(55,11,1,'2019-07-17 06:00:32',0,'a:4:{s:7:\"user_id\";s:0:\"\";s:7:\"user_ip\";s:13:\"49.230.31.235\";s:9:\"user_host\";N;s:2:\"rt\";s:26:\"r/extension/banner_manager\";}'),(56,17,1,'2019-07-17 06:00:32',0,'a:4:{s:7:\"user_id\";s:0:\"\";s:7:\"user_ip\";s:13:\"49.230.31.235\";s:9:\"user_host\";N;s:2:\"rt\";s:26:\"r/extension/banner_manager\";}'),(57,13,1,'2019-07-17 06:00:32',0,'a:4:{s:7:\"user_id\";s:0:\"\";s:7:\"user_ip\";s:13:\"49.230.31.235\";s:9:\"user_host\";N;s:2:\"rt\";s:26:\"r/extension/banner_manager\";}'),(58,14,1,'2019-07-17 06:00:32',0,'a:4:{s:7:\"user_id\";s:0:\"\";s:7:\"user_ip\";s:13:\"49.230.31.235\";s:9:\"user_host\";N;s:2:\"rt\";s:26:\"r/extension/banner_manager\";}'),(59,15,1,'2019-07-17 06:00:32',0,'a:4:{s:7:\"user_id\";s:0:\"\";s:7:\"user_ip\";s:13:\"49.230.31.235\";s:9:\"user_host\";N;s:2:\"rt\";s:26:\"r/extension/banner_manager\";}'),(60,16,1,'2019-07-17 06:00:32',0,'a:4:{s:7:\"user_id\";s:0:\"\";s:7:\"user_ip\";s:13:\"49.230.31.235\";s:9:\"user_host\";N;s:2:\"rt\";s:26:\"r/extension/banner_manager\";}'),(61,8,1,'2019-07-17 06:11:21',0,'a:4:{s:7:\"user_id\";s:0:\"\";s:7:\"user_ip\";s:11:\"93.80.98.63\";s:9:\"user_host\";N;s:2:\"rt\";s:26:\"r/extension/banner_manager\";}'),(62,18,1,'2019-07-17 06:11:21',0,'a:4:{s:7:\"user_id\";s:0:\"\";s:7:\"user_ip\";s:11:\"93.80.98.63\";s:9:\"user_host\";N;s:2:\"rt\";s:26:\"r/extension/banner_manager\";}'),(63,9,1,'2019-07-17 06:11:21',0,'a:4:{s:7:\"user_id\";s:0:\"\";s:7:\"user_ip\";s:11:\"93.80.98.63\";s:9:\"user_host\";N;s:2:\"rt\";s:26:\"r/extension/banner_manager\";}'),(64,10,1,'2019-07-17 06:11:21',0,'a:4:{s:7:\"user_id\";s:0:\"\";s:7:\"user_ip\";s:11:\"93.80.98.63\";s:9:\"user_host\";N;s:2:\"rt\";s:26:\"r/extension/banner_manager\";}'),(65,11,1,'2019-07-17 06:11:21',0,'a:4:{s:7:\"user_id\";s:0:\"\";s:7:\"user_ip\";s:11:\"93.80.98.63\";s:9:\"user_host\";N;s:2:\"rt\";s:26:\"r/extension/banner_manager\";}'),(66,17,1,'2019-07-17 06:11:21',0,'a:4:{s:7:\"user_id\";s:0:\"\";s:7:\"user_ip\";s:11:\"93.80.98.63\";s:9:\"user_host\";N;s:2:\"rt\";s:26:\"r/extension/banner_manager\";}'),(67,14,1,'2019-07-17 06:11:22',0,'a:4:{s:7:\"user_id\";s:0:\"\";s:7:\"user_ip\";s:11:\"93.80.98.63\";s:9:\"user_host\";N;s:2:\"rt\";s:26:\"r/extension/banner_manager\";}'),(68,13,1,'2019-07-17 06:11:22',0,'a:4:{s:7:\"user_id\";s:0:\"\";s:7:\"user_ip\";s:11:\"93.80.98.63\";s:9:\"user_host\";N;s:2:\"rt\";s:26:\"r/extension/banner_manager\";}'),(69,15,1,'2019-07-17 06:11:22',0,'a:4:{s:7:\"user_id\";s:0:\"\";s:7:\"user_ip\";s:11:\"93.80.98.63\";s:9:\"user_host\";N;s:2:\"rt\";s:26:\"r/extension/banner_manager\";}'),(70,16,1,'2019-07-17 06:11:22',0,'a:4:{s:7:\"user_id\";s:0:\"\";s:7:\"user_ip\";s:11:\"93.80.98.63\";s:9:\"user_host\";N;s:2:\"rt\";s:26:\"r/extension/banner_manager\";}'),(71,18,1,'2019-07-17 06:14:27',0,'a:4:{s:7:\"user_id\";s:0:\"\";s:7:\"user_ip\";s:13:\"49.230.31.235\";s:9:\"user_host\";N;s:2:\"rt\";s:26:\"r/extension/banner_manager\";}'),(72,8,1,'2019-07-17 06:14:27',0,'a:4:{s:7:\"user_id\";s:0:\"\";s:7:\"user_ip\";s:13:\"49.230.31.235\";s:9:\"user_host\";N;s:2:\"rt\";s:26:\"r/extension/banner_manager\";}'),(73,9,1,'2019-07-17 06:14:27',0,'a:4:{s:7:\"user_id\";s:0:\"\";s:7:\"user_ip\";s:13:\"49.230.31.235\";s:9:\"user_host\";N;s:2:\"rt\";s:26:\"r/extension/banner_manager\";}'),(74,10,1,'2019-07-17 06:14:27',0,'a:4:{s:7:\"user_id\";s:0:\"\";s:7:\"user_ip\";s:13:\"49.230.31.235\";s:9:\"user_host\";N;s:2:\"rt\";s:26:\"r/extension/banner_manager\";}'),(75,11,1,'2019-07-17 06:14:27',0,'a:4:{s:7:\"user_id\";s:0:\"\";s:7:\"user_ip\";s:13:\"49.230.31.235\";s:9:\"user_host\";N;s:2:\"rt\";s:26:\"r/extension/banner_manager\";}'),(76,17,1,'2019-07-17 06:14:27',0,'a:4:{s:7:\"user_id\";s:0:\"\";s:7:\"user_ip\";s:13:\"49.230.31.235\";s:9:\"user_host\";N;s:2:\"rt\";s:26:\"r/extension/banner_manager\";}'),(77,13,1,'2019-07-17 06:14:27',0,'a:4:{s:7:\"user_id\";s:0:\"\";s:7:\"user_ip\";s:13:\"49.230.31.235\";s:9:\"user_host\";N;s:2:\"rt\";s:26:\"r/extension/banner_manager\";}'),(78,14,1,'2019-07-17 06:14:27',0,'a:4:{s:7:\"user_id\";s:0:\"\";s:7:\"user_ip\";s:13:\"49.230.31.235\";s:9:\"user_host\";N;s:2:\"rt\";s:26:\"r/extension/banner_manager\";}'),(79,15,1,'2019-07-17 06:14:27',0,'a:4:{s:7:\"user_id\";s:0:\"\";s:7:\"user_ip\";s:13:\"49.230.31.235\";s:9:\"user_host\";N;s:2:\"rt\";s:26:\"r/extension/banner_manager\";}'),(80,16,1,'2019-07-17 06:14:27',0,'a:4:{s:7:\"user_id\";s:0:\"\";s:7:\"user_ip\";s:13:\"49.230.31.235\";s:9:\"user_host\";N;s:2:\"rt\";s:26:\"r/extension/banner_manager\";}'),(81,8,1,'2019-07-17 06:15:28',0,'a:4:{s:7:\"user_id\";s:0:\"\";s:7:\"user_ip\";s:13:\"49.230.31.235\";s:9:\"user_host\";N;s:2:\"rt\";s:26:\"r/extension/banner_manager\";}'),(82,11,1,'2019-07-17 06:15:28',0,'a:4:{s:7:\"user_id\";s:0:\"\";s:7:\"user_ip\";s:13:\"49.230.31.235\";s:9:\"user_host\";N;s:2:\"rt\";s:26:\"r/extension/banner_manager\";}'),(83,9,1,'2019-07-17 06:15:28',0,'a:4:{s:7:\"user_id\";s:0:\"\";s:7:\"user_ip\";s:13:\"49.230.31.235\";s:9:\"user_host\";N;s:2:\"rt\";s:26:\"r/extension/banner_manager\";}'),(84,17,1,'2019-07-17 06:15:28',0,'a:4:{s:7:\"user_id\";s:0:\"\";s:7:\"user_ip\";s:13:\"49.230.31.235\";s:9:\"user_host\";N;s:2:\"rt\";s:26:\"r/extension/banner_manager\";}'),(85,18,1,'2019-07-17 06:15:28',0,'a:4:{s:7:\"user_id\";s:0:\"\";s:7:\"user_ip\";s:13:\"49.230.31.235\";s:9:\"user_host\";N;s:2:\"rt\";s:26:\"r/extension/banner_manager\";}'),(86,10,1,'2019-07-17 06:15:28',0,'a:4:{s:7:\"user_id\";s:0:\"\";s:7:\"user_ip\";s:13:\"49.230.31.235\";s:9:\"user_host\";N;s:2:\"rt\";s:26:\"r/extension/banner_manager\";}'),(87,13,1,'2019-07-17 06:15:28',0,'a:4:{s:7:\"user_id\";s:0:\"\";s:7:\"user_ip\";s:13:\"49.230.31.235\";s:9:\"user_host\";N;s:2:\"rt\";s:26:\"r/extension/banner_manager\";}'),(88,14,1,'2019-07-17 06:15:28',0,'a:4:{s:7:\"user_id\";s:0:\"\";s:7:\"user_ip\";s:13:\"49.230.31.235\";s:9:\"user_host\";N;s:2:\"rt\";s:26:\"r/extension/banner_manager\";}'),(89,15,1,'2019-07-17 06:15:28',0,'a:4:{s:7:\"user_id\";s:0:\"\";s:7:\"user_ip\";s:13:\"49.230.31.235\";s:9:\"user_host\";N;s:2:\"rt\";s:26:\"r/extension/banner_manager\";}'),(90,16,1,'2019-07-17 06:15:28',0,'a:4:{s:7:\"user_id\";s:0:\"\";s:7:\"user_ip\";s:13:\"49.230.31.235\";s:9:\"user_host\";N;s:2:\"rt\";s:26:\"r/extension/banner_manager\";}'),(91,8,1,'2019-07-17 06:17:37',0,'a:4:{s:7:\"user_id\";s:0:\"\";s:7:\"user_ip\";s:11:\"93.80.98.63\";s:9:\"user_host\";N;s:2:\"rt\";s:26:\"r/extension/banner_manager\";}'),(92,18,1,'2019-07-17 06:17:37',0,'a:4:{s:7:\"user_id\";s:0:\"\";s:7:\"user_ip\";s:11:\"93.80.98.63\";s:9:\"user_host\";N;s:2:\"rt\";s:26:\"r/extension/banner_manager\";}'),(93,10,1,'2019-07-17 06:17:37',0,'a:4:{s:7:\"user_id\";s:0:\"\";s:7:\"user_ip\";s:11:\"93.80.98.63\";s:9:\"user_host\";N;s:2:\"rt\";s:26:\"r/extension/banner_manager\";}'),(94,9,1,'2019-07-17 06:17:37',0,'a:4:{s:7:\"user_id\";s:0:\"\";s:7:\"user_ip\";s:11:\"93.80.98.63\";s:9:\"user_host\";N;s:2:\"rt\";s:26:\"r/extension/banner_manager\";}'),(95,11,1,'2019-07-17 06:17:37',0,'a:4:{s:7:\"user_id\";s:0:\"\";s:7:\"user_ip\";s:11:\"93.80.98.63\";s:9:\"user_host\";N;s:2:\"rt\";s:26:\"r/extension/banner_manager\";}'),(96,17,1,'2019-07-17 06:17:37',0,'a:4:{s:7:\"user_id\";s:0:\"\";s:7:\"user_ip\";s:11:\"93.80.98.63\";s:9:\"user_host\";N;s:2:\"rt\";s:26:\"r/extension/banner_manager\";}'),(97,13,1,'2019-07-17 06:17:37',0,'a:4:{s:7:\"user_id\";s:0:\"\";s:7:\"user_ip\";s:11:\"93.80.98.63\";s:9:\"user_host\";N;s:2:\"rt\";s:26:\"r/extension/banner_manager\";}'),(98,14,1,'2019-07-17 06:17:37',0,'a:4:{s:7:\"user_id\";s:0:\"\";s:7:\"user_ip\";s:11:\"93.80.98.63\";s:9:\"user_host\";N;s:2:\"rt\";s:26:\"r/extension/banner_manager\";}'),(99,15,1,'2019-07-17 06:17:37',0,'a:4:{s:7:\"user_id\";s:0:\"\";s:7:\"user_ip\";s:11:\"93.80.98.63\";s:9:\"user_host\";N;s:2:\"rt\";s:26:\"r/extension/banner_manager\";}'),(100,16,1,'2019-07-17 06:17:37',0,'a:4:{s:7:\"user_id\";s:0:\"\";s:7:\"user_ip\";s:11:\"93.80.98.63\";s:9:\"user_host\";N;s:2:\"rt\";s:26:\"r/extension/banner_manager\";}'),(101,18,1,'2019-07-17 06:18:06',0,'a:4:{s:7:\"user_id\";s:0:\"\";s:7:\"user_ip\";s:11:\"93.80.98.63\";s:9:\"user_host\";N;s:2:\"rt\";s:26:\"r/extension/banner_manager\";}'),(102,8,1,'2019-07-17 06:18:06',0,'a:4:{s:7:\"user_id\";s:0:\"\";s:7:\"user_ip\";s:11:\"93.80.98.63\";s:9:\"user_host\";N;s:2:\"rt\";s:26:\"r/extension/banner_manager\";}'),(103,9,1,'2019-07-17 06:18:06',0,'a:4:{s:7:\"user_id\";s:0:\"\";s:7:\"user_ip\";s:11:\"93.80.98.63\";s:9:\"user_host\";N;s:2:\"rt\";s:26:\"r/extension/banner_manager\";}'),(104,10,1,'2019-07-17 06:18:06',0,'a:4:{s:7:\"user_id\";s:0:\"\";s:7:\"user_ip\";s:11:\"93.80.98.63\";s:9:\"user_host\";N;s:2:\"rt\";s:26:\"r/extension/banner_manager\";}'),(105,11,1,'2019-07-17 06:18:06',0,'a:4:{s:7:\"user_id\";s:0:\"\";s:7:\"user_ip\";s:11:\"93.80.98.63\";s:9:\"user_host\";N;s:2:\"rt\";s:26:\"r/extension/banner_manager\";}'),(106,17,1,'2019-07-17 06:18:06',0,'a:4:{s:7:\"user_id\";s:0:\"\";s:7:\"user_ip\";s:11:\"93.80.98.63\";s:9:\"user_host\";N;s:2:\"rt\";s:26:\"r/extension/banner_manager\";}'),(107,13,1,'2019-07-17 06:18:06',0,'a:4:{s:7:\"user_id\";s:0:\"\";s:7:\"user_ip\";s:11:\"93.80.98.63\";s:9:\"user_host\";N;s:2:\"rt\";s:26:\"r/extension/banner_manager\";}'),(108,14,1,'2019-07-17 06:18:06',0,'a:4:{s:7:\"user_id\";s:0:\"\";s:7:\"user_ip\";s:11:\"93.80.98.63\";s:9:\"user_host\";N;s:2:\"rt\";s:26:\"r/extension/banner_manager\";}'),(109,15,1,'2019-07-17 06:18:06',0,'a:4:{s:7:\"user_id\";s:0:\"\";s:7:\"user_ip\";s:11:\"93.80.98.63\";s:9:\"user_host\";N;s:2:\"rt\";s:26:\"r/extension/banner_manager\";}'),(110,16,1,'2019-07-17 06:18:06',0,'a:4:{s:7:\"user_id\";s:0:\"\";s:7:\"user_ip\";s:11:\"93.80.98.63\";s:9:\"user_host\";N;s:2:\"rt\";s:26:\"r/extension/banner_manager\";}');
/*!40000 ALTER TABLE `abc_banner_stat` ENABLE KEYS */;
UNLOCK TABLES;

--
-- Table structure for table `abc_banners`
--

DROP TABLE IF EXISTS `abc_banners`;
/*!40101 SET @saved_cs_client     = @@character_set_client */;
/*!40101 SET character_set_client = utf8 */;
CREATE TABLE `abc_banners` (
  `banner_id` int(11) NOT NULL AUTO_INCREMENT,
  `status` int(1) NOT NULL DEFAULT '0',
  `banner_type` int(11) NOT NULL DEFAULT '1',
  `banner_group_name` varchar(255) NOT NULL DEFAULT '',
  `start_date` timestamp NULL DEFAULT NULL,
  `end_date` timestamp NULL DEFAULT NULL,
  `blank` tinyint(1) NOT NULL DEFAULT '0',
  `target_url` text,
  `sort_order` int(11) NOT NULL,
  `date_added` timestamp NOT NULL DEFAULT '0000-00-00 00:00:00',
  `date_modified` timestamp NOT NULL DEFAULT CURRENT_TIMESTAMP ON UPDATE CURRENT_TIMESTAMP,
  PRIMARY KEY (`banner_id`)
) ENGINE=MyISAM AUTO_INCREMENT=19 DEFAULT CHARSET=utf8;
/*!40101 SET character_set_client = @saved_cs_client */;

--
-- Dumping data for table `abc_banners`
--

LOCK TABLES `abc_banners` WRITE;
/*!40000 ALTER TABLE `abc_banners` DISABLE KEYS */;
INSERT INTO `abc_banners` VALUES (18,1,1,'Main Page Banners','2013-03-10 00:00:00',NULL,0,'',6,'2019-07-12 07:21:52','2019-07-12 07:21:52'),(17,1,2,'Main Page Banners','2013-03-10 00:00:00',NULL,0,'',5,'2019-07-12 07:21:52','2019-07-12 07:21:52'),(16,1,1,'Main bottom banners','2013-03-10 00:00:00',NULL,0,'http://www.abantecart.com',4,'2019-07-12 07:21:52','2019-07-12 07:21:52'),(15,1,1,'Main bottom banners','2013-03-10 00:00:00',NULL,0,'http://www.abantecart.com',3,'2019-07-12 07:21:52','2019-07-12 07:21:52'),(14,1,1,'Main bottom banners','2013-03-10 00:00:00',NULL,0,'http://www.abantecart.com',2,'2019-07-12 07:21:52','2019-07-12 07:21:52'),(13,1,1,'Main bottom banners','2013-03-10 00:00:00',NULL,0,'http://www.abantecart.com',1,'2019-07-12 07:21:52','2019-07-12 07:21:52'),(11,1,2,'Main Page Banners','2013-03-10 00:00:00',NULL,0,'',4,'2019-07-12 07:21:52','2019-07-12 07:21:52'),(10,1,2,'Main Page Banners','2013-03-10 00:00:00',NULL,0,'',3,'2019-07-12 07:21:52','2019-07-12 07:21:52'),(9,1,2,'Main Page Banners','2013-03-10 00:00:00',NULL,0,'',2,'2019-07-12 07:21:52','2019-07-12 07:21:52'),(8,1,2,'Main Page Banners','2013-03-10 00:00:00',NULL,0,'',1,'2019-07-12 07:21:52','2019-07-12 07:21:52');
/*!40000 ALTER TABLE `abc_banners` ENABLE KEYS */;
UNLOCK TABLES;

--
-- Table structure for table `abc_block_descriptions`
--

DROP TABLE IF EXISTS `abc_block_descriptions`;
/*!40101 SET @saved_cs_client     = @@character_set_client */;
/*!40101 SET character_set_client = utf8 */;
CREATE TABLE `abc_block_descriptions` (
  `block_description_id` int(10) NOT NULL AUTO_INCREMENT,
  `custom_block_id` int(10) NOT NULL,
  `language_id` int(10) NOT NULL,
  `block_wrapper` varchar(255) NOT NULL DEFAULT '0',
  `block_framed` tinyint(1) DEFAULT '1',
  `name` varchar(255) NOT NULL COMMENT 'translatable',
  `title` varchar(255) NOT NULL COMMENT 'translatable',
  `description` varchar(255) NOT NULL DEFAULT '' COMMENT 'translatable',
  `content` longtext NOT NULL,
  `date_added` timestamp NOT NULL DEFAULT '0000-00-00 00:00:00',
  `date_modified` timestamp NOT NULL DEFAULT CURRENT_TIMESTAMP ON UPDATE CURRENT_TIMESTAMP,
  PRIMARY KEY (`block_description_id`,`custom_block_id`,`language_id`)
) ENGINE=MyISAM AUTO_INCREMENT=31 DEFAULT CHARSET=utf8;
/*!40101 SET character_set_client = @saved_cs_client */;

--
-- Dumping data for table `abc_block_descriptions`
--

LOCK TABLES `abc_block_descriptions` WRITE;
/*!40000 ALTER TABLE `abc_block_descriptions` DISABLE KEYS */;
INSERT INTO `abc_block_descriptions` VALUES (1,1,1,'0',0,'home page static banner','home page banner','','&lt;div style=&quot;text-align: center;&quot;&gt;&lt;a href=&quot;index.php?rt=product/special&quot;&gt; &lt;img alt=&quot;banner&quot; src=&quot;storefront/view/default/image/banner1.jpg&quot; /&gt; &lt;/a&gt;&lt;/div&gt;','2015-06-12 09:56:24','2015-06-12 09:56:24'),(2,2,1,'0',0,'Video block','Video','','a:3:{s:18:\"listing_datasource\";s:5:\"media\";s:13:\"resource_type\";s:5:\"video\";s:5:\"limit\";s:1:\"1\";}','2015-06-12 09:56:24','2015-06-12 09:56:24'),(3,3,1,'0',1,'Custom Listing block','Popular','','a:2:{s:18:\"listing_datasource\";s:34:\"catalog_product_getPopularProducts\";s:5:\"limit\";s:2:\"12\";}','2015-06-12 09:56:24','2015-06-12 09:56:24'),(30,16,1,'0',1,'Testimonials','Testimonials','Flexislider testimonials','&lt;div style=&quot;font-family: \'Open Sans\', sans-serif;&quot; class=&quot;flexslider&quot; id=&quot;testimonialsidebar&quot;&gt;\r\n	&lt;ul class=&quot;slides&quot;&gt;\r\n		&lt;li&gt;\r\n			&quot; I was working with many shopping carts, free and hosted for my clients. There is always something missing. In abantecart I find this gap to be much less. Interface is very easy to use and support is very responsive. This is considering its is free. Go abantecart go!&quot;&lt;br /&gt;\r\n			&lt;span class=&quot;pull-left orange&quot;&gt;By : TopShop on reviewcentre.com&lt;/span&gt;&lt;/li&gt;\r\n		&lt;li&gt;\r\n			&quot; Without a doubt the best cart I have used. The title says it all - abantecart is undoubtedly the best I have used. I\'m not an expert in site setup, so something this great looking and easy to use is absolutely perfect ... &quot;&lt;br /&gt;\r\n			&lt;span class=&quot;pull-left orange&quot;&gt;By : johnstenson80 on venturebeat.com&lt;/span&gt;&lt;/li&gt;\r\n		&lt;li&gt;\r\n			&quot; Will not regret using this cart. All good is already mentioned, I want to add my experience with support. My problems with some configuration were resolved quick. Faster than paid shopping cart we had before.&quot;&lt;br /&gt;\r\n			&lt;span class=&quot;pull-left orange&quot;&gt;By : shopper23 at bestshoppingcartreviews.com&lt;/span&gt;&lt;/li&gt;\r\n		&lt;li&gt;\r\n			&quot; Wow! Abante Cart is really a catch! What a nice experience it was for me. I mean, to have all these features so direct, so quick and easy was really essential for my website. I was able to add some features and a cart to my website in no time ...&quot;&lt;br /&gt;\r\n			&lt;span class=&quot;pull-left orange&quot;&gt;By : EcommerceSport at hotscripts.com&lt;/span&gt;&lt;/li&gt;\r\n		&lt;li&gt;\r\n			&quot; Love the cart. I installed it a while back and use it since when. Some features a hidden, but fun to discover them.&quot;&lt;br /&gt;\r\n			&lt;span class=&quot;pull-left orange&quot;&gt;By : Liz Wattkins at shopping-cart-reviews.com&lt;/span&gt;&lt;/li&gt;\r\n\r\n	&lt;/ul&gt;\r\n&lt;/div&gt;\r\n','2015-06-12 09:56:24','2015-06-12 09:56:24'),(28,15,1,'0',0,'Social Icons','Social Icons','This is a an HTML block to show social icons and link.\r\nNOTE: Need to edit HTML in block content to add  personal link to social media sites','      &lt;div class=&quot;social_icons&quot;&gt;\r\n        &lt;a href=&quot;http://www.facebook.com/AbanteCart&quot; target=&quot;_blank&quot; title=&quot;Facebook&quot; class=&quot;facebook&quot;&gt;Facebook&lt;/a&gt;\r\n        &lt;a href=&quot;https://twitter.com/abantecart&quot; target=&quot;_blank&quot; title=&quot;Twitter&quot; class=&quot;twitter&quot;&gt;Twitter&lt;/a&gt;\r\n        &lt;a href=&quot;#&quot; title=&quot;Linkedin&quot; class=&quot;linkedin&quot;&gt;Linkedin&lt;/a&gt;\r\n        &lt;a href=&quot;#&quot; title=&quot;rss&quot; class=&quot;rss&quot;&gt;rss&lt;/a&gt;\r\n        &lt;a href=&quot;#&quot; target=&quot;_blank&quot; title=&quot;Googleplus&quot; class=&quot;googleplus&quot;&gt;Googleplus&lt;/a&gt;\r\n        &lt;a href=&quot;#&quot; target=&quot;_blank&quot; title=&quot;Skype&quot; class=&quot;skype&quot;&gt;Skype&lt;/a&gt;\r\n        &lt;a href=&quot;#&quot; target=&quot;_blank&quot; title=&quot;Flickr&quot; class=&quot;flickr&quot;&gt;Flickr&lt;/a&gt;\r\n      &lt;/div&gt;\r\n','2015-06-12 09:56:24','2015-06-12 09:56:24'),(26,14,1,'0',1,'Contact us','Contact Us','','&lt;ul class=&quot;contact&quot;&gt;	&lt;li&gt;&lt;span class=&quot;phone&quot;&gt;&nbsp;&lt;/span&gt;+123 456 7890, +123 456 7890&lt;/li&gt;	&lt;li&gt;&lt;span class=&quot;mobile&quot;&gt;&nbsp;&lt;/span&gt;+123 456 7890, +123 456 78900&lt;/li&gt;	&lt;li&gt;&lt;span class=&quot;email&quot;&gt;&nbsp;&lt;/span&gt;help at abantecart.com&lt;/li&gt;	&lt;li&gt;&lt;span class=&quot;email&quot;&gt;&nbsp;&lt;/span&gt;help at abantecart.com&lt;/li&gt;&lt;/ul&gt;','2015-06-12 09:56:24','2015-06-12 09:56:24'),(24,13,1,'0',1,'About Us','About Us','','&lt;p&gt;\r\n	AbanteCart is a free eCommerce solution for merchants to provide ability creating online business and sell products or services online. AbanteCart application is built and supported by experienced enthusiasts that are passionate about their work and contribution to rapidly evolving eCommerce industry. AbanteCart is more than just a shopping cart, it is rapidly growing eCommerce platform with many benefits.&lt;/p&gt;\r\n','2015-06-12 09:56:24','2015-06-12 09:56:24'),(22,12,1,'blocks/listing_block/popular_brands_content_bottom.tpl',1,'Brands Scrolling List','Brands Scrolling List','','a:1:{s:18:\"listing_datasource\";s:20:\"custom_manufacturers\";}','2015-06-12 09:56:24','2015-06-12 09:56:24'),(20,11,1,'0',0,'Main Page Banner Bottom','Bottom Banners','','a:1:{s:17:\"banner_group_name\";s:19:\"Main bottom banners\";}','2015-06-12 09:56:24','2015-06-12 09:56:24'),(18,10,1,'0',0,'Main Page Promo','Promo','','	&lt;section class=&quot;row promo_section&quot;&gt;\r\n	&lt;div class=&quot;col-md-3 col-xs-6 promo_block&quot;&gt;\r\n		&lt;div class=&quot;promo_icon&quot;&gt;&lt;i class=&quot;fa fa-truck fa-fw&quot;&gt;&lt;/i&gt;&lt;/div&gt;\r\n		&lt;div class=&quot;promo_text&quot;&gt;\r\n			&lt;h2&gt;\r\n				Free shipping&lt;/h2&gt;\r\n			All over in world over $200\r\n		&lt;/div&gt;\r\n	&lt;/div&gt;\r\n	&lt;div class=&quot;col-md-3 col-xs-6 promo_block&quot;&gt;\r\n		&lt;div class=&quot;promo_icon&quot;&gt;&lt;i class=&quot;fa fa-money fa-fw&quot;&gt;&lt;/i&gt;&lt;/div&gt;\r\n		&lt;div class=&quot;promo_text&quot;&gt;\r\n			&lt;h2&gt;\r\n				Easy Payment&lt;/h2&gt;\r\n			Payment Gateway support&lt;/div&gt;\r\n	&lt;/div&gt;\r\n	&lt;div class=&quot;col-md-3 col-xs-6 promo_block&quot;&gt;\r\n		&lt;div class=&quot;promo_icon&quot;&gt;&lt;i class=&quot;fa fa-clock-o fa-fw&quot;&gt;&lt;/i&gt;&lt;/div&gt;\r\n		&lt;div class=&quot;promo_text&quot;&gt;\r\n			&lt;h2&gt;\r\n				24hrs Shipping&lt;/h2&gt;\r\n			For All US States&lt;/div&gt;\r\n	&lt;/div&gt;\r\n	&lt;div class=&quot;col-md-3 col-xs-6 promo_block&quot;&gt;\r\n		&lt;div class=&quot;promo_icon&quot;&gt;&lt;i class=&quot;fa fa-tags fa-fw&quot;&gt;&lt;/i&gt;&lt;/div&gt;\r\n		&lt;div class=&quot;promo_text&quot;&gt;\r\n			&lt;h2&gt;\r\n				Large Variety&lt;/h2&gt;\r\n			50,000+ Products&lt;/div&gt;\r\n	&lt;/div&gt;\r\n	&lt;/section&gt;','2015-06-12 09:56:24','2015-06-12 09:56:24'),(16,9,1,'blocks/banner_block/one_by_one_slider_banner_block.tpl',0,'Main Page Banner Slider','Main Page Banner Slider','','a:1:{s:17:\"banner_group_name\";s:17:\"Main Page Banners\";}','2015-06-12 09:56:24','2015-06-12 09:56:24');
/*!40000 ALTER TABLE `abc_block_descriptions` ENABLE KEYS */;
UNLOCK TABLES;

--
-- Table structure for table `abc_block_layouts`
--

DROP TABLE IF EXISTS `abc_block_layouts`;
/*!40101 SET @saved_cs_client     = @@character_set_client */;
/*!40101 SET character_set_client = utf8 */;
CREATE TABLE `abc_block_layouts` (
  `instance_id` int(10) NOT NULL AUTO_INCREMENT,
  `layout_id` int(10) NOT NULL DEFAULT '0',
  `block_id` int(10) NOT NULL DEFAULT '0',
  `custom_block_id` int(10) NOT NULL DEFAULT '0',
  `parent_instance_id` int(10) NOT NULL DEFAULT '0',
  `position` smallint(5) NOT NULL DEFAULT '0',
  `status` smallint(1) NOT NULL DEFAULT '0',
  `date_added` timestamp NOT NULL DEFAULT '0000-00-00 00:00:00',
  `date_modified` timestamp NOT NULL DEFAULT CURRENT_TIMESTAMP ON UPDATE CURRENT_TIMESTAMP,
  PRIMARY KEY (`instance_id`),
  UNIQUE KEY `ac_block_layouts_idx` (`instance_id`,`layout_id`,`block_id`,`parent_instance_id`,`custom_block_id`)
) ENGINE=MyISAM AUTO_INCREMENT=2068 DEFAULT CHARSET=utf8;
/*!40101 SET character_set_client = @saved_cs_client */;

--
-- Dumping data for table `abc_block_layouts`
--

LOCK TABLES `abc_block_layouts` WRITE;
/*!40000 ALTER TABLE `abc_block_layouts` DISABLE KEYS */;
INSERT INTO `abc_block_layouts` VALUES (330,11,1,0,0,10,1,'2019-07-12 07:21:52','2019-07-12 07:21:52'),(331,11,2,0,0,20,1,'2019-07-12 07:21:52','2019-07-12 07:21:52'),(332,11,3,0,0,30,1,'2019-07-12 07:21:52','2019-07-12 07:21:52'),(333,11,4,0,0,40,1,'2019-07-12 07:21:52','2019-07-12 07:21:52'),(334,11,5,0,0,50,1,'2019-07-12 07:21:52','2019-07-12 07:21:52'),(335,11,6,0,0,60,1,'2019-07-12 07:21:52','2019-07-12 07:21:52'),(336,11,7,0,0,70,1,'2019-07-12 07:21:52','2019-07-12 07:21:52'),(337,11,8,0,0,80,1,'2019-07-12 07:21:52','2019-07-12 07:21:52'),(1839,11,25,0,337,40,1,'2019-07-12 07:21:52','2019-07-12 07:21:52'),(1840,11,11,0,337,50,1,'2019-07-12 07:21:52','2019-07-12 07:21:52'),(1835,11,9,0,331,10,1,'2019-07-12 07:21:52','2019-07-12 07:21:52'),(1842,11,24,0,337,70,1,'2019-07-12 07:21:52','2019-07-12 07:21:52'),(1843,11,21,0,337,80,1,'2019-07-12 07:21:52','2019-07-12 07:21:52'),(1844,11,31,0,330,20,1,'2019-07-12 07:21:52','2019-07-12 07:21:52'),(1829,11,27,0,330,30,1,'2019-07-12 07:21:52','2019-07-12 07:21:52'),(1830,11,26,0,330,40,1,'2019-07-12 07:21:52','2019-07-12 07:21:52'),(1831,11,14,0,330,60,1,'2019-07-12 07:21:52','2019-07-12 07:21:52'),(1832,11,13,0,330,50,1,'2019-07-12 07:21:52','2019-07-12 07:21:52'),(1833,11,15,0,330,70,1,'2019-07-12 07:21:52','2019-07-12 07:21:52'),(1950,11,28,0,331,20,1,'2019-07-12 07:21:52','2019-07-12 07:21:52'),(1782,12,21,0,356,80,1,'2019-07-12 07:21:52','2019-07-12 07:21:52'),(354,12,6,0,0,60,0,'2019-07-12 07:21:52','2019-07-12 07:21:52'),(352,12,4,0,0,40,1,'2019-07-12 07:21:52','2019-07-12 07:21:52'),(351,12,3,0,0,30,0,'2019-07-12 07:21:52','2019-07-12 07:21:52'),(350,12,2,0,0,20,1,'2019-07-12 07:21:52','2019-07-12 07:21:52'),(353,12,5,0,0,50,1,'2019-07-12 07:21:52','2019-07-12 07:21:52'),(1781,12,24,0,356,70,1,'2019-07-12 07:21:52','2019-07-12 07:21:52'),(355,12,7,0,0,70,1,'2019-07-12 07:21:52','2019-07-12 07:21:52'),(356,12,8,0,0,80,1,'2019-07-12 07:21:52','2019-07-12 07:21:52'),(349,12,1,0,0,10,1,'2019-07-12 07:21:52','2019-07-12 07:21:52'),(1763,12,14,0,349,60,1,'2019-07-12 07:21:52','2019-07-12 07:21:52'),(1764,12,15,0,349,70,1,'2019-07-12 07:21:52','2019-07-12 07:21:52'),(1761,12,26,0,349,40,1,'2019-07-12 07:21:52','2019-07-12 07:21:52'),(1762,12,13,0,349,50,1,'2019-07-12 07:21:52','2019-07-12 07:21:52'),(1770,12,12,0,353,20,1,'2019-07-12 07:21:52','2019-07-12 07:21:52'),(1771,12,18,0,353,30,1,'2019-07-12 07:21:52','2019-07-12 07:21:52'),(1772,12,22,0,353,40,1,'2019-07-12 07:21:52','2019-07-12 07:21:52'),(1766,12,9,0,350,10,1,'2019-07-12 07:21:52','2019-07-12 07:21:52'),(1779,12,11,0,356,50,1,'2019-07-12 07:21:52','2019-07-12 07:21:52'),(1769,12,19,0,353,10,1,'2019-07-12 07:21:52','2019-07-12 07:21:52'),(1778,12,25,0,356,40,1,'2019-07-12 07:21:52','2019-07-12 07:21:52'),(1845,12,31,0,349,20,1,'2019-07-12 07:21:52','2019-07-12 07:21:52'),(1760,12,27,0,349,30,1,'2019-07-12 07:21:52','2019-07-12 07:21:52'),(1846,13,31,0,378,20,1,'2019-07-12 07:21:52','2019-07-12 07:21:52'),(1799,13,27,0,378,30,1,'2019-07-12 07:21:52','2019-07-12 07:21:52'),(1810,13,11,0,379,50,1,'2019-07-12 07:21:52','2019-07-12 07:21:52'),(1805,13,9,0,375,10,1,'2019-07-12 07:21:52','2019-07-12 07:21:52'),(1951,13,28,0,375,20,1,'2019-07-12 07:21:52','2019-07-12 07:21:52'),(1801,13,13,0,378,50,1,'2019-07-12 07:21:52','2019-07-12 07:21:52'),(1813,13,21,0,379,80,1,'2019-07-12 07:21:52','2019-07-12 07:21:52'),(1809,13,25,0,379,40,1,'2019-07-12 07:21:52','2019-07-12 07:21:52'),(1800,13,26,0,378,40,1,'2019-07-12 07:21:52','2019-07-12 07:21:52'),(1812,13,24,0,379,70,1,'2019-07-12 07:21:52','2019-07-12 07:21:52'),(1802,13,14,0,378,60,1,'2019-07-12 07:21:52','2019-07-12 07:21:52'),(1803,13,15,0,378,70,1,'2019-07-12 07:21:52','2019-07-12 07:21:52'),(379,13,8,0,0,80,1,'2019-07-12 07:21:52','2019-07-12 07:21:52'),(378,13,1,0,0,10,1,'2019-07-12 07:21:52','2019-07-12 07:21:52'),(370,13,7,0,0,70,1,'2019-07-12 07:21:52','2019-07-12 07:21:52'),(371,13,6,0,0,60,0,'2019-07-12 07:21:52','2019-07-12 07:21:52'),(372,13,5,0,0,50,1,'2019-07-12 07:21:52','2019-07-12 07:21:52'),(373,13,4,0,0,40,1,'2019-07-12 07:21:52','2019-07-12 07:21:52'),(374,13,3,0,0,30,0,'2019-07-12 07:21:52','2019-07-12 07:21:52'),(375,13,2,0,0,20,1,'2019-07-12 07:21:52','2019-07-12 07:21:52'),(1795,14,11,0,392,50,1,'2019-07-12 07:21:52','2019-07-12 07:21:52'),(1794,14,25,0,392,40,1,'2019-07-12 07:21:52','2019-07-12 07:21:52'),(1790,14,12,0,387,10,1,'2019-07-12 07:21:52','2019-07-12 07:21:52'),(1847,14,31,0,391,20,1,'2019-07-12 07:21:52','2019-07-12 07:21:52'),(1783,14,27,0,391,30,1,'2019-07-12 07:21:52','2019-07-12 07:21:52'),(1784,14,26,0,391,40,1,'2019-07-12 07:21:52','2019-07-12 07:21:52'),(1785,14,13,0,391,50,1,'2019-07-12 07:21:52','2019-07-12 07:21:52'),(1786,14,14,0,391,60,1,'2019-07-12 07:21:52','2019-07-12 07:21:52'),(1789,14,9,0,388,10,1,'2019-07-12 07:21:52','2019-07-12 07:21:52'),(1952,14,28,0,388,20,1,'2019-07-12 07:21:52','2019-07-12 07:21:52'),(1787,14,15,0,391,70,1,'2019-07-12 07:21:52','2019-07-12 07:21:52'),(1797,14,24,0,392,70,1,'2019-07-12 07:21:52','2019-07-12 07:21:52'),(1798,14,21,0,392,80,1,'2019-07-12 07:21:52','2019-07-12 07:21:52'),(388,14,2,0,0,20,1,'2019-07-12 07:21:52','2019-07-12 07:21:52'),(386,14,4,0,0,40,1,'2019-07-12 07:21:52','2019-07-12 07:21:52'),(387,14,3,0,0,30,1,'2019-07-12 07:21:52','2019-07-12 07:21:52'),(384,14,6,0,0,60,0,'2019-07-12 07:21:52','2019-07-12 07:21:52'),(383,14,7,0,0,70,1,'2019-07-12 07:21:52','2019-07-12 07:21:52'),(391,14,1,0,0,10,1,'2019-07-12 07:21:52','2019-07-12 07:21:52'),(392,14,8,0,0,80,1,'2019-07-12 07:21:52','2019-07-12 07:21:52'),(385,14,5,0,0,50,1,'2019-07-12 07:21:52','2019-07-12 07:21:52'),(1827,15,24,0,403,70,1,'2019-07-12 07:21:52','2019-07-12 07:21:52'),(1818,15,15,0,395,70,1,'2019-07-12 07:21:52','2019-07-12 07:21:52'),(1817,15,14,0,395,60,1,'2019-07-12 07:21:52','2019-07-12 07:21:52'),(1816,15,13,0,395,50,1,'2019-07-12 07:21:52','2019-07-12 07:21:52'),(1828,15,21,0,403,80,1,'2019-07-12 07:21:52','2019-07-12 07:21:52'),(1815,15,26,0,395,40,1,'2019-07-12 07:21:52','2019-07-12 07:21:52'),(1848,15,31,0,395,20,1,'2019-07-12 07:21:52','2019-07-12 07:21:52'),(1814,15,27,0,395,30,1,'2019-07-12 07:21:52','2019-07-12 07:21:52'),(1820,15,9,0,399,10,1,'2019-07-12 07:21:52','2019-07-12 07:21:52'),(1953,15,28,0,399,20,1,'2019-07-12 07:21:52','2019-07-12 07:21:52'),(1825,15,11,0,403,50,1,'2019-07-12 07:21:52','2019-07-12 07:21:52'),(402,15,5,0,0,50,1,'2019-07-12 07:21:52','2019-07-12 07:21:52'),(401,15,4,0,0,40,1,'2019-07-12 07:21:52','2019-07-12 07:21:52'),(400,15,3,0,0,30,0,'2019-07-12 07:21:52','2019-07-12 07:21:52'),(399,15,2,0,0,20,1,'2019-07-12 07:21:52','2019-07-12 07:21:52'),(398,15,5,0,0,50,1,'2019-07-12 07:21:52','2019-07-12 07:21:52'),(397,15,6,0,0,60,1,'2019-07-12 07:21:52','2019-07-12 07:21:52'),(396,15,7,0,0,70,1,'2019-07-12 07:21:52','2019-07-12 07:21:52'),(395,15,1,0,0,10,1,'2019-07-12 07:21:52','2019-07-12 07:21:52'),(1824,15,25,0,403,40,1,'2019-07-12 07:21:52','2019-07-12 07:21:52'),(2021,15,16,0,397,10,1,'2019-07-12 07:21:52','2019-07-12 07:21:52'),(403,15,8,0,0,80,1,'2019-07-12 07:21:52','2019-07-12 07:21:52'),(942,17,5,0,0,50,1,'2019-07-12 07:21:52','2019-07-12 07:21:52'),(943,17,6,0,0,60,1,'2019-07-12 07:21:52','2019-07-12 07:21:52'),(944,17,7,0,0,70,1,'2019-07-12 07:21:52','2019-07-12 07:21:52'),(945,17,8,0,0,80,1,'2019-07-12 07:21:52','2019-07-12 07:21:52'),(940,17,3,0,0,30,1,'2019-07-12 07:21:52','2019-07-12 07:21:52'),(939,17,2,0,0,20,1,'2019-07-12 07:21:52','2019-07-12 07:21:52'),(938,17,1,0,0,10,1,'2019-07-12 07:21:52','2019-07-12 07:21:52'),(941,17,4,0,0,40,1,'2019-07-12 07:21:52','2019-07-12 07:21:52'),(1954,17,28,0,939,20,1,'2019-07-12 07:21:52','2019-07-12 07:21:52'),(1900,18,5,0,0,50,1,'2019-07-12 07:21:52','2019-07-12 07:21:52'),(1901,18,4,0,0,40,1,'2019-07-12 07:21:52','2019-07-12 07:21:52'),(1902,18,3,0,0,30,0,'2019-07-12 07:21:52','2019-07-12 07:21:52'),(1903,18,2,0,0,20,1,'2019-07-12 07:21:52','2019-07-12 07:21:52'),(1904,18,5,0,0,50,1,'2019-07-12 07:21:52','2019-07-12 07:21:52'),(1905,18,6,0,0,60,1,'2019-07-12 07:21:52','2019-07-12 07:21:52'),(1906,18,7,0,0,70,1,'2019-07-12 07:21:52','2019-07-12 07:21:52'),(1907,18,1,0,0,10,1,'2019-07-12 07:21:52','2019-07-12 07:21:52'),(1908,18,8,0,0,80,1,'2019-07-12 07:21:52','2019-07-12 07:21:52'),(1920,18,24,0,1908,70,1,'2019-07-12 07:21:52','2019-07-12 07:21:52'),(1921,18,15,0,1907,70,1,'2019-07-12 07:21:52','2019-07-12 07:21:52'),(1922,18,14,0,1907,60,1,'2019-07-12 07:21:52','2019-07-12 07:21:52'),(1923,18,13,0,1907,50,1,'2019-07-12 07:21:52','2019-07-12 07:21:52'),(1924,18,21,0,1908,80,1,'2019-07-12 07:21:52','2019-07-12 07:21:52'),(1925,18,26,0,1907,40,1,'2019-07-12 07:21:52','2019-07-12 07:21:52'),(1849,18,31,0,1907,20,1,'2019-07-12 07:21:52','2019-07-12 07:21:52'),(1926,18,27,0,1907,30,1,'2019-07-12 07:21:52','2019-07-12 07:21:52'),(1927,18,9,0,1903,10,1,'2019-07-12 07:21:52','2019-07-12 07:21:52'),(1955,18,28,0,1903,20,1,'2019-07-12 07:21:52','2019-07-12 07:21:52'),(1930,18,11,0,1908,50,1,'2019-07-12 07:21:52','2019-07-12 07:21:52'),(1932,18,25,0,1908,40,1,'2019-07-12 07:21:52','2019-07-12 07:21:52'),(1935,18,29,0,1905,10,1,'2019-07-12 07:21:52','2019-07-12 07:21:52'),(2000,19,24,0,2019,70,1,'2019-07-12 07:21:52','2019-07-12 07:21:52'),(2001,19,15,0,2017,70,1,'2019-07-12 07:21:52','2019-07-12 07:21:52'),(2002,19,14,0,2017,60,1,'2019-07-12 07:21:52','2019-07-12 07:21:52'),(2003,19,13,0,2017,50,1,'2019-07-12 07:21:52','2019-07-12 07:21:52'),(2004,19,21,0,2019,80,1,'2019-07-12 07:21:52','2019-07-12 07:21:52'),(2005,19,26,0,2017,40,1,'2019-07-12 07:21:52','2019-07-12 07:21:52'),(2006,19,31,0,2017,20,1,'2019-07-12 07:21:52','2019-07-12 07:21:52'),(2007,19,27,0,2017,30,1,'2019-07-12 07:21:52','2019-07-12 07:21:52'),(2008,19,9,0,2013,10,1,'2019-07-12 07:21:52','2019-07-12 07:21:52'),(2009,19,11,0,2019,50,1,'2019-07-12 07:21:52','2019-07-12 07:21:52'),(2010,19,5,0,0,50,1,'2019-07-12 07:21:52','2019-07-12 07:21:52'),(2011,19,4,0,0,40,1,'2019-07-12 07:21:52','2019-07-12 07:21:52'),(2012,19,3,0,0,30,0,'2019-07-12 07:21:52','2019-07-12 07:21:52'),(2013,19,2,0,0,20,1,'2019-07-12 07:21:52','2019-07-12 07:21:52'),(2014,19,5,0,0,50,1,'2019-07-12 07:21:52','2019-07-12 07:21:52'),(2015,19,6,0,0,60,1,'2019-07-12 07:21:52','2019-07-12 07:21:52'),(2016,19,7,0,0,70,1,'2019-07-12 07:21:52','2019-07-12 07:21:52'),(2017,19,1,0,0,10,1,'2019-07-12 07:21:52','2019-07-12 07:21:52'),(2018,19,25,0,2019,40,1,'2019-07-12 07:21:52','2019-07-12 07:21:52'),(2019,19,8,0,0,80,1,'2019-07-12 07:21:52','2019-07-12 07:21:52'),(2020,19,28,0,2013,20,1,'2019-07-12 07:21:52','2019-07-12 07:21:52'),(2043,20,1,0,0,10,1,'2019-07-12 07:21:52','2019-07-12 07:21:52'),(2044,20,2,0,0,20,1,'2019-07-12 07:21:52','2019-07-12 07:21:52'),(2045,20,3,0,0,30,1,'2019-07-12 07:21:52','2019-07-12 07:21:52'),(2046,20,4,0,0,40,1,'2019-07-12 07:21:52','2019-07-12 07:21:52'),(2047,20,5,0,0,50,1,'2019-07-12 07:21:52','2019-07-12 07:21:52'),(2048,20,6,0,0,60,1,'2019-07-12 07:21:52','2019-07-12 07:21:52'),(2049,20,7,0,0,70,1,'2019-07-12 07:21:52','2019-07-12 07:21:52'),(2050,20,8,0,0,80,1,'2019-07-12 07:21:52','2019-07-12 07:21:52'),(2051,20,25,0,2050,40,1,'2019-07-12 07:21:52','2019-07-12 07:21:52'),(2052,20,11,0,2050,50,1,'2019-07-12 07:21:52','2019-07-12 07:21:52'),(2053,20,9,0,2044,10,1,'2019-07-12 07:21:52','2019-07-12 07:21:52'),(2054,20,24,0,2050,70,1,'2019-07-12 07:21:52','2019-07-12 07:21:52'),(2055,20,21,0,2050,80,1,'2019-07-12 07:21:52','2019-07-12 07:21:52'),(2056,20,31,0,2043,20,1,'2019-07-12 07:21:52','2019-07-12 07:21:52'),(2057,20,27,0,2043,30,1,'2019-07-12 07:21:52','2019-07-12 07:21:52'),(2058,20,26,0,2043,40,1,'2019-07-12 07:21:52','2019-07-12 07:21:52'),(2059,20,14,0,2043,60,1,'2019-07-12 07:21:52','2019-07-12 07:21:52'),(2060,20,13,0,2043,50,1,'2019-07-12 07:21:52','2019-07-12 07:21:52'),(2061,20,15,0,2043,70,1,'2019-07-12 07:21:52','2019-07-12 07:21:52'),(2062,20,17,15,2043,80,1,'2019-07-12 07:21:52','2019-07-12 07:21:52'),(2063,20,28,0,2044,20,1,'2019-07-12 07:21:52','2019-07-12 07:21:52'),(2064,20,17,13,2050,10,1,'2019-07-12 07:21:52','2019-07-12 07:21:52'),(2065,20,17,14,2050,20,1,'2019-07-12 07:21:52','2019-07-12 07:21:52'),(2066,20,17,16,2050,30,1,'2019-07-12 07:21:52','2019-07-12 07:21:52'),(2067,20,17,15,2050,60,1,'2019-07-12 07:21:52','2019-07-12 07:21:52'),(34,2,17,1,19,10,1,'2019-07-12 07:21:52','2019-07-12 07:21:52'),(1836,11,17,13,337,10,1,'2019-07-12 07:21:52','2019-07-12 07:21:52'),(1841,11,17,15,337,60,1,'2019-07-12 07:21:52','2019-07-12 07:21:52'),(1838,11,17,16,337,30,1,'2019-07-12 07:21:52','2019-07-12 07:21:52'),(1837,11,17,14,337,20,1,'2019-07-12 07:21:52','2019-07-12 07:21:52'),(1834,11,17,15,330,80,1,'2019-07-12 07:21:52','2019-07-12 07:21:52'),(1780,12,17,15,356,60,1,'2019-07-12 07:21:52','2019-07-12 07:21:52'),(366,12,17,1,19,10,1,'2019-07-12 07:21:52','2019-07-12 07:21:52'),(1774,12,20,12,353,60,1,'2019-07-12 07:21:52','2019-07-12 07:21:52'),(1775,12,17,13,356,10,1,'2019-07-12 07:21:52','2019-07-12 07:21:52'),(1765,12,17,15,349,80,1,'2019-07-12 07:21:52','2019-07-12 07:21:52'),(1776,12,17,14,356,20,1,'2019-07-12 07:21:52','2019-07-12 07:21:52'),(1767,12,23,9,350,20,1,'2019-07-12 07:21:52','2019-07-12 07:21:52'),(1768,12,17,10,352,10,1,'2019-07-12 07:21:52','2019-07-12 07:21:52'),(1773,12,23,11,353,50,1,'2019-07-12 07:21:52','2019-07-12 07:21:52'),(1777,12,17,16,356,30,1,'2019-07-12 07:21:52','2019-07-12 07:21:52'),(1808,13,17,16,379,30,1,'2019-07-12 07:21:52','2019-07-12 07:21:52'),(1811,13,17,15,379,60,1,'2019-07-12 07:21:52','2019-07-12 07:21:52'),(1807,13,17,14,379,20,1,'2019-07-12 07:21:52','2019-07-12 07:21:52'),(1806,13,17,13,379,10,1,'2019-07-12 07:21:52','2019-07-12 07:21:52'),(1804,13,17,15,378,80,1,'2019-07-12 07:21:52','2019-07-12 07:21:52'),(1793,14,17,16,392,30,1,'2019-07-12 07:21:52','2019-07-12 07:21:52'),(1792,14,17,14,392,20,1,'2019-07-12 07:21:52','2019-07-12 07:21:52'),(1796,14,17,15,392,60,1,'2019-07-12 07:21:52','2019-07-12 07:21:52'),(1791,14,17,13,392,10,1,'2019-07-12 07:21:52','2019-07-12 07:21:52'),(1788,14,17,15,391,80,1,'2019-07-12 07:21:52','2019-07-12 07:21:52'),(1819,15,17,15,395,80,1,'2019-07-12 07:21:52','2019-07-12 07:21:52'),(1822,15,17,14,403,20,1,'2019-07-12 07:21:52','2019-07-12 07:21:52'),(1821,15,17,13,403,10,1,'2019-07-12 07:21:52','2019-07-12 07:21:52'),(1823,15,17,16,403,30,1,'2019-07-12 07:21:52','2019-07-12 07:21:52'),(1826,15,17,15,403,60,1,'2019-07-12 07:21:52','2019-07-12 07:21:52'),(1928,18,17,15,1907,80,1,'2019-07-12 07:21:52','2019-07-12 07:21:52'),(1929,18,17,14,1908,20,1,'2019-07-12 07:21:52','2019-07-12 07:21:52'),(1931,18,17,13,1908,10,1,'2019-07-12 07:21:52','2019-07-12 07:21:52'),(1933,18,17,16,1908,30,1,'2019-07-12 07:21:52','2019-07-12 07:21:52'),(1934,18,17,15,1908,60,1,'2019-07-12 07:21:52','2019-07-12 07:21:52'),(2030,19,17,15,2017,80,1,'2019-07-12 07:21:52','2019-07-12 07:21:52'),(2031,19,17,14,2019,20,1,'2019-07-12 07:21:52','2019-07-12 07:21:52'),(2032,19,17,13,2019,10,1,'2019-07-12 07:21:52','2019-07-12 07:21:52'),(2033,19,17,16,2019,30,1,'2019-07-12 07:21:52','2019-07-12 07:21:52'),(2034,19,17,15,2019,60,1,'2019-07-12 07:21:52','2019-07-12 07:21:52');
/*!40000 ALTER TABLE `abc_block_layouts` ENABLE KEYS */;
UNLOCK TABLES;

--
-- Table structure for table `abc_block_templates`
--

DROP TABLE IF EXISTS `abc_block_templates`;
/*!40101 SET @saved_cs_client     = @@character_set_client */;
/*!40101 SET character_set_client = utf8 */;
CREATE TABLE `abc_block_templates` (
  `block_id` int(10) NOT NULL AUTO_INCREMENT,
  `parent_block_id` int(10) NOT NULL DEFAULT '0',
  `template` varchar(255) NOT NULL,
  `date_added` timestamp NOT NULL DEFAULT '0000-00-00 00:00:00',
  `date_modified` timestamp NOT NULL DEFAULT CURRENT_TIMESTAMP ON UPDATE CURRENT_TIMESTAMP,
  PRIMARY KEY (`block_id`,`parent_block_id`)
) ENGINE=MyISAM AUTO_INCREMENT=32 DEFAULT CHARSET=utf8;
/*!40101 SET character_set_client = @saved_cs_client */;

--
-- Dumping data for table `abc_block_templates`
--

LOCK TABLES `abc_block_templates` WRITE;
/*!40000 ALTER TABLE `abc_block_templates` DISABLE KEYS */;
INSERT INTO `abc_block_templates` VALUES (15,1,'blocks/cart_top.tpl','2019-07-12 07:21:52','2019-07-12 07:21:52'),(15,6,'blocks/cart.tpl','2019-07-12 07:21:52','2019-07-12 07:21:52'),(9,1,'blocks/category_top.tpl','2019-07-12 07:21:52','2019-07-12 07:21:52'),(9,2,'blocks/category_top.tpl','2019-07-12 07:21:52','2019-07-12 07:21:52'),(9,3,'blocks/category.tpl','2019-07-12 07:21:52','2019-07-12 07:21:52'),(9,6,'blocks/category.tpl','2019-07-12 07:21:52','2019-07-12 07:21:52'),(9,7,'blocks/category_bottom.tpl','2019-07-12 07:21:52','2019-07-12 07:21:52'),(9,8,'blocks/category_bottom.tpl','2019-07-12 07:21:52','2019-07-12 07:21:52'),(10,3,'blocks/manufacturer.tpl','2019-07-12 07:21:52','2019-07-12 07:21:52'),(10,6,'blocks/manufacturer.tpl','2019-07-12 07:21:52','2019-07-12 07:21:52'),(11,3,'blocks/content.tpl','2019-07-12 07:21:52','2019-07-12 07:21:52'),(11,1,'blocks/content_header.tpl','2019-07-12 07:21:52','2019-07-12 07:21:52'),(11,6,'blocks/content.tpl','2019-07-12 07:21:52','2019-07-12 07:21:52'),(11,8,'blocks/content_footer.tpl','2019-07-12 07:21:52','2019-07-12 07:21:52'),(12,3,'blocks/latest.tpl','2019-07-12 07:21:52','2019-07-12 07:21:52'),(12,6,'blocks/latest.tpl','2019-07-12 07:21:52','2019-07-12 07:21:52'),(12,5,'blocks/latest_home.tpl','2019-07-12 07:21:52','2019-07-12 07:21:52'),(12,4,'blocks/latest_home.tpl','2019-07-12 07:21:52','2019-07-12 07:21:52'),(13,1,'blocks/language.tpl','2019-07-12 07:21:52','2019-07-12 07:21:52'),(14,1,'blocks/currency.tpl','2019-07-12 07:21:52','2019-07-12 07:21:52'),(16,6,'blocks/order_summary.tpl','2019-07-12 07:21:52','2019-07-12 07:21:52'),(17,1,'blocks/html_block_header.tpl','2019-07-12 07:21:52','2019-07-12 07:21:52'),(17,2,'blocks/html_block_content.tpl','2019-07-12 07:21:52','2019-07-12 07:21:52'),(17,3,'blocks/html_block.tpl','2019-07-12 07:21:52','2019-07-12 07:21:52'),(17,4,'blocks/html_block_content.tpl','2019-07-12 07:21:52','2019-07-12 07:21:52'),(17,5,'blocks/html_block_content.tpl','2019-07-12 07:21:52','2019-07-12 07:21:52'),(17,6,'blocks/html_block.tpl','2019-07-12 07:21:52','2019-07-12 07:21:52'),(17,7,'blocks/html_block_content.tpl','2019-07-12 07:21:52','2019-07-12 07:21:52'),(17,8,'blocks/html_block_footer.tpl','2019-07-12 07:21:52','2019-07-12 07:21:52'),(18,3,'blocks/bestseller.tpl','2019-07-12 07:21:52','2019-07-12 07:21:52'),(18,6,'blocks/bestseller.tpl','2019-07-12 07:21:52','2019-07-12 07:21:52'),(18,5,'blocks/bestseller_home.tpl','2019-07-12 07:21:52','2019-07-12 07:21:52'),(19,3,'blocks/featured.tpl','2019-07-12 07:21:52','2019-07-12 07:21:52'),(19,6,'blocks/featured.tpl','2019-07-12 07:21:52','2019-07-12 07:21:52'),(19,5,'blocks/featured_home.tpl','2019-07-12 07:21:52','2019-07-12 07:21:52'),(20,1,'blocks/listing_block_header.tpl','2019-07-12 07:21:52','2019-07-12 07:21:52'),(20,2,'blocks/listing_block_header_bottom.tpl','2019-07-12 07:21:52','2019-07-12 07:21:52'),(20,3,'blocks/listing_block_column_left.tpl','2019-07-12 07:21:52','2019-07-12 07:21:52'),(20,4,'blocks/listing_block_content_top.tpl','2019-07-12 07:21:52','2019-07-12 07:21:52'),(20,5,'blocks/listing_block_content_bottom.tpl','2019-07-12 07:21:52','2019-07-12 07:21:52'),(20,6,'blocks/listing_block_column_right.tpl','2019-07-12 07:21:52','2019-07-12 07:21:52'),(20,7,'blocks/listing_block_footer_top.tpl','2019-07-12 07:21:52','2019-07-12 07:21:52'),(20,8,'blocks/listing_block_footer.tpl','2019-07-12 07:21:52','2019-07-12 07:21:52'),(21,8,'blocks/donate.tpl','2019-07-12 07:21:52','2019-07-12 07:21:52'),(22,3,'blocks/special.tpl','2019-07-12 07:21:52','2019-07-12 07:21:52'),(22,5,'blocks/special_home.tpl','2019-07-12 07:21:52','2019-07-12 07:21:52'),(22,6,'blocks/special.tpl','2019-07-12 07:21:52','2019-07-12 07:21:52'),(23,1,'blocks/banner_block_header.tpl','2019-07-12 07:21:52','2019-07-12 07:21:52'),(23,2,'blocks/banner_block_content.tpl','2019-07-12 07:21:52','2019-07-12 07:21:52'),(23,3,'blocks/banner_block.tpl','2019-07-12 07:21:52','2019-07-12 07:21:52'),(23,4,'blocks/banner_block_content.tpl','2019-07-12 07:21:52','2019-07-12 07:21:52'),(23,5,'blocks/banner_block_content.tpl','2019-07-12 07:21:52','2019-07-12 07:21:52'),(23,6,'blocks/banner_block.tpl','2019-07-12 07:21:52','2019-07-12 07:21:52'),(23,7,'blocks/banner_block_content.tpl','2019-07-12 07:21:52','2019-07-12 07:21:52'),(23,8,'blocks/banner_block_header.tpl','2019-07-12 07:21:52','2019-07-12 07:21:52'),(24,8,'blocks/credit_cards.tpl','2019-07-12 07:21:52','2019-07-12 07:21:52'),(25,1,'blocks/newsletter_signup_header.tpl','2019-07-12 07:21:52','2019-07-12 07:21:52'),(25,2,'blocks/newsletter_signup_header_bottom.tpl','2019-07-12 07:21:52','2019-07-12 07:21:52'),(25,3,'blocks/newsletter_signup_column_left.tpl','2019-07-12 07:21:52','2019-07-12 07:21:52'),(25,4,'blocks/newsletter_signup_content_top.tpl','2019-07-12 07:21:52','2019-07-12 07:21:52'),(25,5,'blocks/newsletter_signup_content_bottom.tpl','2019-07-12 07:21:52','2019-07-12 07:21:52'),(25,6,'blocks/newsletter_signup_column_right.tpl','2019-07-12 07:21:52','2019-07-12 07:21:52'),(25,7,'blocks/newsletter_signup_footer_top.tpl','2019-07-12 07:21:52','2019-07-12 07:21:52'),(25,8,'blocks/newsletter_signup_footer.tpl','2019-07-12 07:21:52','2019-07-12 07:21:52'),(26,1,'blocks/search_top.tpl','2019-07-12 07:21:52','2019-07-12 07:21:52'),(26,2,'blocks/search_top.tpl','2019-07-12 07:21:52','2019-07-12 07:21:52'),(26,3,'blocks/search.tpl','2019-07-12 07:21:52','2019-07-12 07:21:52'),(26,6,'blocks/search.tpl','2019-07-12 07:21:52','2019-07-12 07:21:52'),(27,1,'blocks/menu_top.tpl','2019-07-12 07:21:52','2019-07-12 07:21:52'),(27,2,'blocks/menu.tpl','2019-07-12 07:21:52','2019-07-12 07:21:52'),(27,8,'blocks/menu_bottom.tpl','2019-07-12 07:21:52','2019-07-12 07:21:52'),(27,3,'blocks/menu.tpl','2019-07-12 07:21:52','2019-07-12 07:21:52'),(27,6,'blocks/menu.tpl','2019-07-12 07:21:52','2019-07-12 07:21:52'),(28,2,'blocks/breadcrumbs.tpl','2019-07-12 07:21:52','2019-07-12 07:21:52'),(29,3,'blocks/account.tpl','2019-07-12 07:21:52','2019-07-12 07:21:52'),(29,6,'blocks/account.tpl','2019-07-12 07:21:52','2019-07-12 07:21:52'),(30,1,'blocks/custom_form_block_header.tpl','2019-07-12 07:21:52','2019-07-12 07:21:52'),(30,2,'blocks/custom_form_block_content.tpl','2019-07-12 07:21:52','2019-07-12 07:21:52'),(30,3,'blocks/custom_form_block.tpl','2019-07-12 07:21:52','2019-07-12 07:21:52'),(30,4,'blocks/custom_form_block_content.tpl','2019-07-12 07:21:52','2019-07-12 07:21:52'),(30,5,'blocks/custom_form_block_content.tpl','2019-07-12 07:21:52','2019-07-12 07:21:52'),(30,6,'blocks/custom_form_block.tpl','2019-07-12 07:21:52','2019-07-12 07:21:52'),(30,7,'blocks/custom_form_block_content.tpl','2019-07-12 07:21:52','2019-07-12 07:21:52'),(30,8,'blocks/custom_form_block_header.tpl','2019-07-12 07:21:52','2019-07-12 07:21:52'),(31,1,'blocks/customer.tpl','2019-07-12 07:21:52','2019-07-12 07:21:52');
/*!40000 ALTER TABLE `abc_block_templates` ENABLE KEYS */;
UNLOCK TABLES;

--
-- Table structure for table `abc_blocks`
--

DROP TABLE IF EXISTS `abc_blocks`;
/*!40101 SET @saved_cs_client     = @@character_set_client */;
/*!40101 SET character_set_client = utf8 */;
CREATE TABLE `abc_blocks` (
  `block_id` int(10) NOT NULL AUTO_INCREMENT,
  `block_txt_id` varchar(255) NOT NULL,
  `controller` varchar(255) NOT NULL,
  `date_added` timestamp NOT NULL DEFAULT '0000-00-00 00:00:00',
  `date_modified` timestamp NOT NULL DEFAULT CURRENT_TIMESTAMP ON UPDATE CURRENT_TIMESTAMP,
  PRIMARY KEY (`block_id`)
) ENGINE=MyISAM AUTO_INCREMENT=32 DEFAULT CHARSET=utf8;
/*!40101 SET character_set_client = @saved_cs_client */;

--
-- Dumping data for table `abc_blocks`
--

LOCK TABLES `abc_blocks` WRITE;
/*!40000 ALTER TABLE `abc_blocks` DISABLE KEYS */;
INSERT INTO `abc_blocks` VALUES (1,'header','common/header','2019-07-12 07:21:52','2019-07-12 07:21:52'),(2,'header_bottom','common/header_bottom','2019-07-12 07:21:52','2019-07-12 07:21:52'),(3,'column_left','common/column_left','2019-07-12 07:21:52','2019-07-12 07:21:52'),(4,'content_top','common/content_top','2019-07-12 07:21:52','2019-07-12 07:21:52'),(5,'content_bottom','common/content_bottom','2019-07-12 07:21:52','2019-07-12 07:21:52'),(6,'column_right','common/column_right','2019-07-12 07:21:52','2019-07-12 07:21:52'),(7,'footer_top','common/footer_top','2019-07-12 07:21:52','2019-07-12 07:21:52'),(8,'footer','common/footer','2019-07-12 07:21:52','2019-07-12 07:21:52'),(9,'category','blocks/category','2019-07-12 07:21:52','2019-07-12 07:21:52'),(10,'manufacturer','blocks/manufacturer','2019-07-12 07:21:52','2019-07-12 07:21:52'),(11,'content','blocks/content','2019-07-12 07:21:52','2019-07-12 07:21:52'),(12,'latest','blocks/latest','2019-07-12 07:21:52','2019-07-12 07:21:52'),(13,'language','blocks/language','2019-07-12 07:21:52','2019-07-12 07:21:52'),(14,'currency','blocks/currency','2019-07-12 07:21:52','2019-07-12 07:21:52'),(15,'cart','blocks/cart','2019-07-12 07:21:52','2019-07-12 07:21:52'),(16,'order_summary','blocks/order_summary','2019-07-12 07:21:52','2019-07-12 07:21:52'),(17,'html_block','blocks/html_block','2019-07-12 07:21:52','2019-07-12 07:21:52'),(18,'bestsellers','blocks/bestseller','2019-07-12 07:21:52','2019-07-12 07:21:52'),(19,'featured','blocks/featured','2019-07-12 07:21:52','2019-07-12 07:21:52'),(20,'listing_block','blocks/listing_block','2019-07-12 07:21:52','2019-07-12 07:21:52'),(21,'donate','blocks/donate','2019-07-12 07:21:52','2019-07-12 07:21:52'),(22,'special','blocks/special','2019-07-12 07:21:52','2019-07-12 07:21:52'),(23,'banner_block','blocks/banner_block','2019-07-12 07:21:52','2019-07-12 07:21:52'),(24,'credit_cards','blocks/credit_cards','2019-07-12 07:21:52','2019-07-12 07:21:52'),(25,'newsletter_signup','blocks/newsletter_signup','2019-07-12 07:21:52','2019-07-12 07:21:52'),(26,'search','blocks/search','2019-07-12 07:21:52','2019-07-12 07:21:52'),(27,'menu','blocks/menu','2019-07-12 07:21:52','2019-07-12 07:21:52'),(28,'breadcrumbs','blocks/breadcrumbs','2019-07-12 07:21:52','2019-07-12 07:21:52'),(29,'account','blocks/account','2019-07-12 07:21:52','2019-07-12 07:21:52'),(30,'custom_form_block','blocks/custom_form_block','2019-07-12 07:21:52','2019-07-12 07:21:52'),(31,'customer','blocks/customer','2019-07-12 07:21:52','2019-07-12 07:21:52');
/*!40000 ALTER TABLE `abc_blocks` ENABLE KEYS */;
UNLOCK TABLES;

--
-- Table structure for table `abc_categories`
--

DROP TABLE IF EXISTS `abc_categories`;
/*!40101 SET @saved_cs_client     = @@character_set_client */;
/*!40101 SET character_set_client = utf8 */;
CREATE TABLE `abc_categories` (
  `category_id` int(11) NOT NULL AUTO_INCREMENT,
  `parent_id` int(11) NOT NULL DEFAULT '0',
  `sort_order` int(3) NOT NULL DEFAULT '0',
  `status` int(1) NOT NULL DEFAULT '1',
  `date_added` timestamp NOT NULL DEFAULT '0000-00-00 00:00:00',
  `date_modified` timestamp NOT NULL DEFAULT CURRENT_TIMESTAMP ON UPDATE CURRENT_TIMESTAMP,
  PRIMARY KEY (`category_id`),
  KEY `ac_categories_idx` (`category_id`,`parent_id`,`status`)
) ENGINE=MyISAM AUTO_INCREMENT=71 DEFAULT CHARSET=utf8;
/*!40101 SET character_set_client = @saved_cs_client */;

--
-- Dumping data for table `abc_categories`
--

LOCK TABLES `abc_categories` WRITE;
/*!40000 ALTER TABLE `abc_categories` DISABLE KEYS */;
INSERT INTO `abc_categories` VALUES (46,43,0,1,'2019-07-12 07:21:52','2019-07-12 07:21:52'),(47,43,0,1,'2019-07-12 07:21:52','2019-07-12 07:21:52'),(38,36,0,1,'2019-07-12 07:21:52','2019-07-12 07:21:52'),(40,36,0,1,'2019-07-12 07:21:52','2019-07-12 07:21:52'),(41,36,0,1,'2019-07-12 07:21:52','2019-07-12 07:21:52'),(42,36,0,1,'2019-07-12 07:21:52','2019-07-12 07:21:52'),(43,0,2,1,'2019-07-12 07:21:52','2019-07-12 07:21:52'),(44,43,0,1,'2019-07-12 07:21:52','2019-07-12 07:21:52'),(45,43,0,1,'2019-07-12 07:21:52','2019-07-12 07:21:52'),(39,36,0,1,'2019-07-12 07:21:52','2019-07-12 07:21:52'),(36,0,1,1,'2019-07-12 07:21:52','2019-07-12 07:21:52'),(37,36,0,1,'2019-07-12 07:21:52','2019-07-12 07:21:52'),(48,43,0,1,'2019-07-12 07:21:52','2019-07-12 07:21:52'),(49,0,3,1,'2019-07-12 07:21:52','2019-07-12 07:21:52'),(50,49,0,1,'2019-07-12 07:21:52','2019-07-12 07:21:52'),(51,49,0,1,'2019-07-12 07:21:52','2019-07-12 07:21:52'),(52,0,98,1,'2019-07-12 07:21:52','2019-07-12 07:21:52'),(53,52,0,1,'2019-07-12 07:21:52','2019-07-12 07:21:52'),(54,52,0,1,'2019-07-12 07:21:52','2019-07-12 07:21:52'),(58,0,4,1,'2019-07-12 07:21:52','2019-07-12 07:21:52'),(59,58,0,1,'2019-07-12 07:21:52','2019-07-12 07:21:52'),(60,58,0,1,'2019-07-12 07:21:52','2019-07-12 07:21:52'),(61,58,0,1,'2019-07-12 07:21:52','2019-07-12 07:21:52'),(62,58,0,0,'2019-07-12 07:21:52','2019-07-12 07:21:52'),(63,58,0,1,'2019-07-12 07:21:52','2019-07-12 07:21:52'),(64,0,99,0,'2019-07-12 07:21:52','2019-07-12 07:21:52'),(65,0,100,1,'2019-07-12 07:21:52','2019-07-12 07:21:52'),(66,65,0,1,'2019-07-12 07:21:52','2019-07-12 07:21:52'),(67,65,0,1,'2019-07-12 07:21:52','2019-07-12 07:21:52'),(68,0,0,1,'2019-07-12 07:21:52','2019-07-12 07:21:52'),(69,68,0,1,'2019-07-12 07:21:52','2019-07-12 07:21:52'),(70,68,0,1,'2019-07-12 07:21:52','2019-07-12 07:21:52');
/*!40000 ALTER TABLE `abc_categories` ENABLE KEYS */;
UNLOCK TABLES;

--
-- Table structure for table `abc_categories_to_stores`
--

DROP TABLE IF EXISTS `abc_categories_to_stores`;
/*!40101 SET @saved_cs_client     = @@character_set_client */;
/*!40101 SET character_set_client = utf8 */;
CREATE TABLE `abc_categories_to_stores` (
  `category_id` int(11) NOT NULL,
  `store_id` int(11) NOT NULL,
  PRIMARY KEY (`category_id`,`store_id`)
) ENGINE=MyISAM DEFAULT CHARSET=utf8;
/*!40101 SET character_set_client = @saved_cs_client */;

--
-- Dumping data for table `abc_categories_to_stores`
--

LOCK TABLES `abc_categories_to_stores` WRITE;
/*!40000 ALTER TABLE `abc_categories_to_stores` DISABLE KEYS */;
INSERT INTO `abc_categories_to_stores` VALUES (36,0),(37,0),(38,0),(39,0),(40,0),(41,0),(42,0),(43,0),(44,0),(45,0),(46,0),(47,0),(48,0),(49,0),(50,0),(51,0),(52,0),(53,0),(54,0),(58,0),(59,0),(60,0),(61,0),(62,0),(63,0),(64,0),(65,0),(66,0),(67,0),(68,0),(69,0),(70,0);
/*!40000 ALTER TABLE `abc_categories_to_stores` ENABLE KEYS */;
UNLOCK TABLES;

--
-- Table structure for table `abc_category_descriptions`
--

DROP TABLE IF EXISTS `abc_category_descriptions`;
/*!40101 SET @saved_cs_client     = @@character_set_client */;
/*!40101 SET character_set_client = utf8 */;
CREATE TABLE `abc_category_descriptions` (
  `category_id` int(11) NOT NULL,
  `language_id` int(11) NOT NULL,
  `name` varchar(255) NOT NULL DEFAULT '' COMMENT 'translatable',
  `meta_keywords` varchar(255) NOT NULL COMMENT 'translatable',
  `meta_description` varchar(255) NOT NULL COMMENT 'translatable',
  `description` text NOT NULL COMMENT 'translatable',
  PRIMARY KEY (`category_id`,`language_id`),
  KEY `name` (`name`)
) ENGINE=MyISAM DEFAULT CHARSET=utf8;
/*!40101 SET character_set_client = @saved_cs_client */;

--
-- Dumping data for table `abc_category_descriptions`
--

LOCK TABLES `abc_category_descriptions` WRITE;
/*!40000 ALTER TABLE `abc_category_descriptions` DISABLE KEYS */;
INSERT INTO `abc_category_descriptions` VALUES (43,1,'Skincare','','','&lt;p&gt;\r\n	Products from award-winning skin care brands&lt;/p&gt;\r\n'),(41,1,'Lips','','',''),(42,1,'Nails','','',''),(38,1,'Face','','',''),(39,1,'Eyes','','',''),(36,1,'Makeup','Makeup','','&lt;p&gt;\r\n	All your makeup needs, from foundation to eye shadow in hundreds of different assortments and colors.&lt;/p&gt;\r\n'),(40,1,'Cheeks','','',''),(37,1,'Value Sets','value sets makeup','',''),(44,1,'Sun','','',''),(45,1,'Gift Ideas &amp; Sets','','',''),(46,1,'Face','','','&lt;p&gt;\r\n	Find face skin care solutions&lt;/p&gt;\r\n'),(47,1,'Eyes','','',''),(48,1,'Hands &amp; Nails','','','&lt;p&gt;\r\n	Keep your hands looking fresh&lt;/p&gt;\r\n'),(49,1,'Fragrance','','','&lt;p&gt;\r\n	Looking for a new scent? Check out our fragrance&lt;/p&gt;\r\n'),(50,1,'Women','','','&lt;p&gt;\r\n	Fragrance for Women&lt;/p&gt;\r\n'),(51,1,'Men','','',''),(52,1,'Hair Care','','','&lt;p&gt;\r\n	The widest range of premium hair products&lt;/p&gt;\r\n'),(53,1,'Shampoo','','',''),(54,1,'Conditioner','','',''),(58,1,'Men','','',''),(59,1,'Fragrance Sets','','',''),(60,1,'Skincare','','',''),(61,1,'Pre-Shave &amp; Shaving','','',''),(62,1,'Post-Shave &amp; Moisturizers','','',''),(63,1,'Body &amp; Shower','','',''),(64,1,'Bath &amp; Body','','',''),(65,1,'Books','','','Find the Items You&amp;#39;d Like to read'),(66,1,'Audio CD','','',''),(67,1,'Paperback','','',''),(68,1,'Apparel &amp; accessories','','',''),(69,1,'Shoes','','',''),(70,1,'T-shirts','','','Shop men&amp;#39;s T-shirts');
/*!40000 ALTER TABLE `abc_category_descriptions` ENABLE KEYS */;
UNLOCK TABLES;

--
-- Table structure for table `abc_content_descriptions`
--

DROP TABLE IF EXISTS `abc_content_descriptions`;
/*!40101 SET @saved_cs_client     = @@character_set_client */;
/*!40101 SET character_set_client = utf8 */;
CREATE TABLE `abc_content_descriptions` (
  `content_id` int(10) NOT NULL DEFAULT '0',
  `language_id` int(11) NOT NULL,
  `name` varchar(255) NOT NULL COMMENT 'translatable',
  `title` varchar(255) NOT NULL COMMENT 'translatable',
  `description` varchar(255) NOT NULL DEFAULT '' COMMENT 'translatable',
  `meta_keywords` varchar(255) NOT NULL COMMENT 'translatable',
  `meta_description` varchar(255) NOT NULL COMMENT 'translatable',
  `content` longtext NOT NULL COMMENT 'translatable',
  `date_added` timestamp NOT NULL DEFAULT '0000-00-00 00:00:00',
  `date_modified` timestamp NOT NULL DEFAULT CURRENT_TIMESTAMP ON UPDATE CURRENT_TIMESTAMP,
  PRIMARY KEY (`content_id`,`language_id`)
) ENGINE=MyISAM DEFAULT CHARSET=utf8;
/*!40101 SET character_set_client = @saved_cs_client */;

--
-- Dumping data for table `abc_content_descriptions`
--

LOCK TABLES `abc_content_descriptions` WRITE;
/*!40000 ALTER TABLE `abc_content_descriptions` DISABLE KEYS */;
INSERT INTO `abc_content_descriptions` VALUES (1,1,'About Us','About Us','some description','','','text about your store','2019-07-12 07:21:52','2019-07-12 07:21:52'),(2,1,'Privacy Policy','Privacy Policy','some description','','','some text about privacy policy','2019-07-12 07:21:52','2019-07-12 07:21:52'),(3,1,'Return Policy','Return Policy','some description','','','some text about return policy','2019-07-12 07:21:52','2019-07-12 07:21:52'),(4,1,'Shipping','Shipping','some description','','','some text about shipping','2019-07-12 07:21:52','2019-07-12 07:21:52'),(1,9,'Acerca de Nosotros','Acerca de Nosotros','alguna descripción','','','texto acerca de su tienda','2019-07-12 07:21:52','2019-07-12 07:21:52'),(2,9,'Política de Privacidad','Política de Privacidad','alguna descripción','','','un texto sobre la política','2019-07-12 07:21:52','2019-07-12 07:21:52'),(3,9,'Política de devoluciones','Política de devoluciones','alguna descripción','','','un texto sobre la política de retorno','2019-07-12 07:21:52','2019-07-12 07:21:52'),(4,9,'Entrega','Entrega','alguna descripción','','','un texto sobre el envío','2019-07-12 07:21:52','2019-07-12 07:21:52');
/*!40000 ALTER TABLE `abc_content_descriptions` ENABLE KEYS */;
UNLOCK TABLES;

--
-- Table structure for table `abc_contents`
--

DROP TABLE IF EXISTS `abc_contents`;
/*!40101 SET @saved_cs_client     = @@character_set_client */;
/*!40101 SET character_set_client = utf8 */;
CREATE TABLE `abc_contents` (
  `content_id` int(11) NOT NULL AUTO_INCREMENT,
  `parent_content_id` int(11) NOT NULL DEFAULT '0',
  `sort_order` int(3) NOT NULL DEFAULT '0',
  `status` int(1) NOT NULL DEFAULT '0',
  PRIMARY KEY (`content_id`,`parent_content_id`)
) ENGINE=MyISAM AUTO_INCREMENT=5 DEFAULT CHARSET=utf8;
/*!40101 SET character_set_client = @saved_cs_client */;

--
-- Dumping data for table `abc_contents`
--

LOCK TABLES `abc_contents` WRITE;
/*!40000 ALTER TABLE `abc_contents` DISABLE KEYS */;
INSERT INTO `abc_contents` VALUES (1,0,1,1),(2,0,2,1),(3,0,3,1),(4,0,4,1);
/*!40000 ALTER TABLE `abc_contents` ENABLE KEYS */;
UNLOCK TABLES;

--
-- Table structure for table `abc_contents_to_stores`
--

DROP TABLE IF EXISTS `abc_contents_to_stores`;
/*!40101 SET @saved_cs_client     = @@character_set_client */;
/*!40101 SET character_set_client = utf8 */;
CREATE TABLE `abc_contents_to_stores` (
  `content_id` int(11) NOT NULL,
  `store_id` int(11) NOT NULL,
  PRIMARY KEY (`content_id`,`store_id`)
) ENGINE=MyISAM DEFAULT CHARSET=utf8;
/*!40101 SET character_set_client = @saved_cs_client */;

--
-- Dumping data for table `abc_contents_to_stores`
--

LOCK TABLES `abc_contents_to_stores` WRITE;
/*!40000 ALTER TABLE `abc_contents_to_stores` DISABLE KEYS */;
/*!40000 ALTER TABLE `abc_contents_to_stores` ENABLE KEYS */;
UNLOCK TABLES;

--
-- Table structure for table `abc_countries`
--

DROP TABLE IF EXISTS `abc_countries`;
/*!40101 SET @saved_cs_client     = @@character_set_client */;
/*!40101 SET character_set_client = utf8 */;
CREATE TABLE `abc_countries` (
  `country_id` int(11) NOT NULL AUTO_INCREMENT,
  `iso_code_2` varchar(2) NOT NULL DEFAULT '',
  `iso_code_3` varchar(3) NOT NULL DEFAULT '',
  `address_format` text NOT NULL,
  `status` int(1) NOT NULL DEFAULT '1',
  `sort_order` int(3) NOT NULL DEFAULT '0',
  PRIMARY KEY (`country_id`),
  KEY `ac_countries_idx` (`iso_code_2`,`iso_code_3`,`status`)
) ENGINE=MyISAM AUTO_INCREMENT=241 DEFAULT CHARSET=utf8;
/*!40101 SET character_set_client = @saved_cs_client */;

--
-- Dumping data for table `abc_countries`
--

LOCK TABLES `abc_countries` WRITE;
/*!40000 ALTER TABLE `abc_countries` DISABLE KEYS */;
INSERT INTO `abc_countries` VALUES (1,'AF','AFG','',1,0),(2,'AL','ALB','',1,0),(3,'DZ','DZA','',1,0),(4,'AS','ASM','',1,0),(5,'AD','AND','',1,0),(6,'AO','AGO','',1,0),(7,'AI','AIA','',1,0),(8,'AQ','ATA','',1,0),(9,'AG','ATG','',1,0),(10,'AR','ARG','',1,0),(11,'AM','ARM','',1,0),(12,'AW','ABW','',1,0),(13,'AU','AUS','',1,0),(14,'AT','AUT','',1,0),(15,'AZ','AZE','',1,0),(16,'BS','BHS','',1,0),(17,'BH','BHR','',1,0),(18,'BD','BGD','',1,0),(19,'BB','BRB','',1,0),(20,'BY','BLR','',1,0),(21,'BE','BEL','',1,0),(22,'BZ','BLZ','',1,0),(23,'BJ','BEN','',1,0),(24,'BM','BMU','',1,0),(25,'BT','BTN','',1,0),(26,'BO','BOL','',1,0),(27,'BA','BIH','',1,0),(28,'BW','BWA','',1,0),(29,'BV','BVT','',1,0),(30,'BR','BRA','',1,0),(31,'IO','IOT','',1,0),(32,'BN','BRN','',1,0),(33,'BG','BGR','',1,0),(34,'BF','BFA','',1,0),(35,'BI','BDI','',1,0),(36,'KH','KHM','',1,0),(37,'CM','CMR','',1,0),(38,'CA','CAN','',1,0),(39,'CV','CPV','',1,0),(40,'KY','CYM','',1,0),(41,'CF','CAF','',1,0),(42,'TD','TCD','',1,0),(43,'CL','CHL','',1,0),(44,'CN','CHN','',1,0),(45,'CX','CXR','',1,0),(46,'CC','CCK','',1,0),(47,'CO','COL','',1,0),(48,'KM','COM','',1,0),(49,'CG','COG','',1,0),(50,'CK','COK','',1,0),(51,'CR','CRI','',1,0),(52,'CI','CIV','',1,0),(53,'HR','HRV','',1,0),(54,'CU','CUB','',1,0),(55,'CY','CYP','',1,0),(56,'CZ','CZE','',1,0),(57,'DK','DNK','',1,0),(58,'DJ','DJI','',1,0),(59,'DM','DMA','',1,0),(60,'DO','DOM','',1,0),(61,'TP','TMP','',1,0),(62,'EC','ECU','',1,0),(63,'EG','EGY','',1,0),(64,'SV','SLV','',1,0),(65,'GQ','GNQ','',1,0),(66,'ER','ERI','',1,0),(67,'EE','EST','',1,0),(68,'ET','ETH','',1,0),(69,'FK','FLK','',1,0),(70,'FO','FRO','',1,0),(71,'FJ','FJI','',1,0),(72,'FI','FIN','',1,0),(73,'FR','FRA','',1,0),(74,'FX','FXX','',1,0),(75,'GF','GUF','',1,0),(76,'PF','PYF','',1,0),(77,'TF','ATF','',1,0),(78,'GA','GAB','',1,0),(79,'GM','GMB','',1,0),(80,'GE','GEO','',1,0),(81,'DE','DEU','',1,0),(82,'GH','GHA','',1,0),(83,'GI','GIB','',1,0),(84,'GR','GRC','',1,0),(85,'GL','GRL','',1,0),(86,'GD','GRD','',1,0),(87,'GP','GLP','',1,0),(88,'GU','GUM','',1,0),(89,'GT','GTM','',1,0),(90,'GN','GIN','',1,0),(91,'GW','GNB','',1,0),(92,'GY','GUY','',1,0),(93,'HT','HTI','',1,0),(94,'HM','HMD','',1,0),(95,'HN','HND','',1,0),(96,'HK','HKG','',1,0),(97,'HU','HUN','',1,0),(98,'IS','ISL','',1,0),(99,'IN','IND','',1,0),(100,'ID','IDN','',1,0),(101,'IR','IRN','',1,0),(102,'IQ','IRQ','',1,0),(103,'IE','IRL','',1,0),(104,'IL','ISR','',1,0),(105,'IT','ITA','',1,0),(106,'JM','JAM','',1,0),(107,'JP','JPN','',1,0),(108,'JO','JOR','',1,0),(109,'KZ','KAZ','',1,0),(110,'KE','KEN','',1,0),(111,'KI','KIR','',1,0),(112,'KP','PRK','',1,0),(113,'KR','KOR','',1,0),(114,'KW','KWT','',1,0),(115,'KG','KGZ','',1,0),(116,'LA','LAO','',1,0),(117,'LV','LVA','',1,0),(118,'LB','LBN','',1,0),(119,'LS','LSO','',1,0),(120,'LR','LBR','',1,0),(121,'LY','LBY','',1,0),(122,'LI','LIE','',1,0),(123,'LT','LTU','',1,0),(124,'LU','LUX','',1,0),(125,'MO','MAC','',1,0),(126,'MK','MKD','',1,0),(127,'MG','MDG','',1,0),(128,'MW','MWI','',1,0),(129,'MY','MYS','',1,0),(130,'MV','MDV','',1,0),(131,'ML','MLI','',1,0),(132,'MT','MLT','',1,0),(133,'MH','MHL','',1,0),(134,'MQ','MTQ','',1,0),(135,'MR','MRT','',1,0),(136,'MU','MUS','',1,0),(137,'YT','MYT','',1,0),(138,'MX','MEX','',1,0),(139,'FM','FSM','',1,0),(140,'MD','MDA','',1,0),(141,'MC','MCO','',1,0),(142,'MN','MNG','',1,0),(143,'MS','MSR','',1,0),(144,'MA','MAR','',1,0),(145,'MZ','MOZ','',1,0),(146,'MM','MMR','',1,0),(147,'NA','NAM','',1,0),(148,'NR','NRU','',1,0),(149,'NP','NPL','',1,0),(150,'NL','NLD','',1,0),(151,'AN','ANT','',1,0),(152,'NC','NCL','',1,0),(153,'NZ','NZL','',1,0),(154,'NI','NIC','',1,0),(155,'NE','NER','',1,0),(156,'NG','NGA','',1,0),(157,'NU','NIU','',1,0),(158,'NF','NFK','',1,0),(159,'MP','MNP','',1,0),(160,'NO','NOR','',1,0),(161,'OM','OMN','',1,0),(162,'PK','PAK','',1,0),(163,'PW','PLW','',1,0),(164,'PA','PAN','',1,0),(165,'PG','PNG','',1,0),(166,'PY','PRY','',1,0),(167,'PE','PER','',1,0),(168,'PH','PHL','',1,0),(169,'PN','PCN','',1,0),(170,'PL','POL','',1,0),(171,'PT','PRT','',1,0),(172,'PR','PRI','',1,0),(173,'QA','QAT','',1,0),(174,'RE','REU','',1,0),(175,'RO','ROM','',1,0),(176,'RU','RUS','',1,0),(177,'RW','RWA','',1,0),(178,'KN','KNA','',1,0),(179,'LC','LCA','',1,0),(180,'VC','VCT','',1,0),(181,'WS','WSM','',1,0),(182,'SM','SMR','',1,0),(183,'ST','STP','',1,0),(184,'SA','SAU','',1,0),(185,'SN','SEN','',1,0),(186,'SC','SYC','',1,0),(187,'SL','SLE','',1,0),(188,'SG','SGP','',1,0),(189,'SK','SVK','',1,0),(190,'SI','SVN','',1,0),(191,'SB','SLB','',1,0),(192,'SO','SOM','',1,0),(193,'ZA','ZAF','',1,0),(194,'GS','SGS','',1,0),(195,'ES','ESP','',1,0),(196,'LK','LKA','',1,0),(197,'SH','SHN','',1,0),(198,'PM','SPM','',1,0),(199,'SD','SDN','',1,0),(200,'SR','SUR','',1,0),(201,'SJ','SJM','',1,0),(202,'SZ','SWZ','',1,0),(203,'SE','SWE','',1,0),(204,'CH','CHE','',1,0),(205,'SY','SYR','',1,0),(206,'TW','TWN','',1,0),(207,'TJ','TJK','',1,0),(208,'TZ','TZA','',1,0),(209,'TH','THA','',1,0),(210,'TG','TGO','',1,0),(211,'TK','TKL','',1,0),(212,'TO','TON','',1,0),(213,'TT','TTO','',1,0),(214,'TN','TUN','',1,0),(215,'TR','TUR','',1,0),(216,'TM','TKM','',1,0),(217,'TC','TCA','',1,0),(218,'TV','TUV','',1,0),(219,'UG','UGA','',1,0),(220,'UA','UKR','',1,0),(221,'AE','ARE','',1,0),(222,'GB','GBR','',1,0),(223,'US','USA','{firstname} {lastname}\r\n{company}\r\n{address_1}\r\n{address_2}\r\n{city}, {zone} {postcode}\r\n{country}',1,0),(224,'UM','UMI','',1,0),(225,'UY','URY','',1,0),(226,'UZ','UZB','',1,0),(227,'VU','VUT','',1,0),(228,'VA','VAT','',1,0),(229,'VE','VEN','',1,0),(230,'VN','VNM','',1,0),(231,'VG','VGB','',1,0),(232,'VI','VIR','',1,0),(233,'WF','WLF','',1,0),(234,'EH','ESH','',1,0),(235,'YE','YEM','',1,0),(236,'YU','YUG','',1,0),(237,'ZR','ZAR','',1,0),(238,'ZM','ZMB','',1,0),(239,'ZW','ZWE','',1,0),(240,'GB','NIR','',1,0);
/*!40000 ALTER TABLE `abc_countries` ENABLE KEYS */;
UNLOCK TABLES;

--
-- Table structure for table `abc_country_descriptions`
--

DROP TABLE IF EXISTS `abc_country_descriptions`;
/*!40101 SET @saved_cs_client     = @@character_set_client */;
/*!40101 SET character_set_client = utf8 */;
CREATE TABLE `abc_country_descriptions` (
  `country_id` int(11) NOT NULL,
  `language_id` int(11) NOT NULL,
  `name` varchar(128) NOT NULL COMMENT 'translatable',
  PRIMARY KEY (`country_id`,`language_id`)
) ENGINE=MyISAM DEFAULT CHARSET=utf8;
/*!40101 SET character_set_client = @saved_cs_client */;

--
-- Dumping data for table `abc_country_descriptions`
--

LOCK TABLES `abc_country_descriptions` WRITE;
/*!40000 ALTER TABLE `abc_country_descriptions` DISABLE KEYS */;
INSERT INTO `abc_country_descriptions` VALUES (1,1,'Afghanistan'),(2,1,'Albania'),(3,1,'Algeria'),(4,1,'American Samoa'),(5,1,'Andorra'),(6,1,'Angola'),(7,1,'Anguilla'),(8,1,'Antarctica'),(9,1,'Antigua and Barbuda'),(10,1,'Argentina'),(11,1,'Armenia'),(12,1,'Aruba'),(13,1,'Australia'),(14,1,'Austria'),(15,1,'Azerbaijan'),(16,1,'Bahamas'),(17,1,'Bahrain'),(18,1,'Bangladesh'),(19,1,'Barbados'),(20,1,'Belarus'),(21,1,'Belgium'),(22,1,'Belize'),(23,1,'Benin'),(24,1,'Bermuda'),(25,1,'Bhutan'),(26,1,'Bolivia'),(27,1,'Bosnia and Herzegowina'),(28,1,'Botswana'),(29,1,'Bouvet Island'),(30,1,'Brazil'),(31,1,'British Indian Ocean Territory'),(32,1,'Brunei Darussalam'),(33,1,'Bulgaria'),(34,1,'Burkina Faso'),(35,1,'Burundi'),(36,1,'Cambodia'),(37,1,'Cameroon'),(38,1,'Canada'),(39,1,'Cape Verde'),(40,1,'Cayman Islands'),(41,1,'Central African Republic'),(42,1,'Chad'),(43,1,'Chile'),(44,1,'China'),(45,1,'Christmas Island'),(46,1,'Cocos (Keeling) Islands'),(47,1,'Colombia'),(48,1,'Comoros'),(49,1,'Congo'),(50,1,'Cook Islands'),(51,1,'Costa Rica'),(52,1,'Cote D\'Ivoire'),(53,1,'Croatia'),(54,1,'Cuba'),(55,1,'Cyprus'),(56,1,'Czech Republic'),(57,1,'Denmark'),(58,1,'Djibouti'),(59,1,'Dominica'),(60,1,'Dominican Republic'),(61,1,'East Timor'),(62,1,'Ecuador'),(63,1,'Egypt'),(64,1,'El Salvador'),(65,1,'Equatorial Guinea'),(66,1,'Eritrea'),(67,1,'Estonia'),(68,1,'Ethiopia'),(69,1,'Falkland Islands (Malvinas)'),(70,1,'Faroe Islands'),(71,1,'Fiji'),(72,1,'Finland'),(73,1,'France'),(74,1,'France, Metropolitan'),(75,1,'French Guiana'),(76,1,'French Polynesia'),(77,1,'French Southern Territories'),(78,1,'Gabon'),(79,1,'Gambia'),(80,1,'Georgia'),(81,1,'Germany'),(82,1,'Ghana'),(83,1,'Gibraltar'),(84,1,'Greece'),(85,1,'Greenland'),(86,1,'Grenada'),(87,1,'Guadeloupe'),(88,1,'Guam'),(89,1,'Guatemala'),(90,1,'Guinea'),(91,1,'Guinea-bissau'),(92,1,'Guyana'),(93,1,'Haiti'),(94,1,'Heard and Mc Donald Islands'),(95,1,'Honduras'),(96,1,'Hong Kong'),(97,1,'Hungary'),(98,1,'Iceland'),(99,1,'India'),(100,1,'Indonesia'),(101,1,'Iran (Islamic Republic of)'),(102,1,'Iraq'),(103,1,'Ireland'),(104,1,'Israel'),(105,1,'Italy'),(106,1,'Jamaica'),(107,1,'Japan'),(108,1,'Jordan'),(109,1,'Kazakhstan'),(110,1,'Kenya'),(111,1,'Kiribati'),(112,1,'North Korea'),(113,1,'Korea, Republic of'),(114,1,'Kuwait'),(115,1,'Kyrgyzstan'),(116,1,'Lao People\'s Democratic Republic'),(117,1,'Latvia'),(118,1,'Lebanon'),(119,1,'Lesotho'),(120,1,'Liberia'),(121,1,'Libyan Arab Jamahiriya'),(122,1,'Liechtenstein'),(123,1,'Lithuania'),(124,1,'Luxembourg'),(125,1,'Macau'),(126,1,'Macedonia'),(127,1,'Madagascar'),(128,1,'Malawi'),(129,1,'Malaysia'),(130,1,'Maldives'),(131,1,'Mali'),(132,1,'Malta'),(133,1,'Marshall Islands'),(134,1,'Martinique'),(135,1,'Mauritania'),(136,1,'Mauritius'),(137,1,'Mayotte'),(138,1,'Mexico'),(139,1,'Micronesia, Federated States of'),(140,1,'Moldova, Republic of'),(141,1,'Monaco'),(142,1,'Mongolia'),(143,1,'Montserrat'),(144,1,'Morocco'),(145,1,'Mozambique'),(146,1,'Myanmar'),(147,1,'Namibia'),(148,1,'Nauru'),(149,1,'Nepal'),(150,1,'Netherlands'),(151,1,'Netherlands Antilles'),(152,1,'New Caledonia'),(153,1,'New Zealand'),(154,1,'Nicaragua'),(155,1,'Niger'),(156,1,'Nigeria'),(157,1,'Niue'),(158,1,'Norfolk Island'),(159,1,'Northern Mariana Islands'),(160,1,'Norway'),(161,1,'Oman'),(162,1,'Pakistan'),(163,1,'Palau'),(164,1,'Panama'),(165,1,'Papua New Guinea'),(166,1,'Paraguay'),(167,1,'Peru'),(168,1,'Philippines'),(169,1,'Pitcairn'),(170,1,'Poland'),(171,1,'Portugal'),(172,1,'Puerto Rico'),(173,1,'Qatar'),(174,1,'Reunion'),(175,1,'Romania'),(176,1,'Russia'),(177,1,'Rwanda'),(178,1,'Saint Kitts and Nevis'),(179,1,'Saint Lucia'),(180,1,'Saint Vincent and the Grenadines'),(181,1,'Samoa'),(182,1,'San Marino'),(183,1,'Sao Tome and Principe'),(184,1,'Saudi Arabia'),(185,1,'Senegal'),(186,1,'Seychelles'),(187,1,'Sierra Leone'),(188,1,'Singapore'),(189,1,'Slovak Republic'),(190,1,'Slovenia'),(191,1,'Solomon Islands'),(192,1,'Somalia'),(193,1,'South Africa'),(194,1,'South Georgia &amp; South Sandwich Islands'),(195,1,'Spain'),(196,1,'Sri Lanka'),(197,1,'St. Helena'),(198,1,'St. Pierre and Miquelon'),(199,1,'Sudan'),(200,1,'Suriname'),(201,1,'Svalbard and Jan Mayen Islands'),(202,1,'Swaziland'),(203,1,'Sweden'),(204,1,'Switzerland'),(205,1,'Syrian Arab Republic'),(206,1,'Taiwan'),(207,1,'Tajikistan'),(208,1,'Tanzania, United Republic of'),(209,1,'Thailand'),(210,1,'Togo'),(211,1,'Tokelau'),(212,1,'Tonga'),(213,1,'Trinidad and Tobago'),(214,1,'Tunisia'),(215,1,'Turkey'),(216,1,'Turkmenistan'),(217,1,'Turks and Caicos Islands'),(218,1,'Tuvalu'),(219,1,'Uganda'),(220,1,'Ukraine'),(221,1,'United Arab Emirates'),(222,1,'United Kingdom'),(223,1,'United States'),(224,1,'United States Minor Outlying Islands'),(225,1,'Uruguay'),(226,1,'Uzbekistan'),(227,1,'Vanuatu'),(228,1,'Vatican City State (Holy See)'),(229,1,'Venezuela'),(230,1,'Viet Nam'),(231,1,'Virgin Islands (British)'),(232,1,'Virgin Islands (U.S.)'),(233,1,'Wallis and Futuna Islands'),(234,1,'Western Sahara'),(235,1,'Yemen'),(236,1,'Yugoslavia'),(237,1,'Zaire'),(238,1,'Zambia'),(239,1,'Zimbabwe'),(240,1,'Northern Ireland');
/*!40000 ALTER TABLE `abc_country_descriptions` ENABLE KEYS */;
UNLOCK TABLES;

--
-- Table structure for table `abc_coupon_descriptions`
--

DROP TABLE IF EXISTS `abc_coupon_descriptions`;
/*!40101 SET @saved_cs_client     = @@character_set_client */;
/*!40101 SET character_set_client = utf8 */;
CREATE TABLE `abc_coupon_descriptions` (
  `coupon_id` int(11) NOT NULL,
  `language_id` int(11) NOT NULL,
  `name` varchar(128) NOT NULL COMMENT 'translatable',
  `description` text NOT NULL COMMENT 'translatable',
  PRIMARY KEY (`coupon_id`,`language_id`)
) ENGINE=MyISAM DEFAULT CHARSET=utf8;
/*!40101 SET character_set_client = @saved_cs_client */;

--
-- Dumping data for table `abc_coupon_descriptions`
--

LOCK TABLES `abc_coupon_descriptions` WRITE;
/*!40000 ALTER TABLE `abc_coupon_descriptions` DISABLE KEYS */;
INSERT INTO `abc_coupon_descriptions` VALUES (4,1,'Coupon (-10%)','10% Discount'),(5,1,'Coupon (Free Shipping)','Free Shipping'),(6,1,'Coupon (-10.00)','Fixed Amount Discount');
/*!40000 ALTER TABLE `abc_coupon_descriptions` ENABLE KEYS */;
UNLOCK TABLES;

--
-- Table structure for table `abc_coupons`
--

DROP TABLE IF EXISTS `abc_coupons`;
/*!40101 SET @saved_cs_client     = @@character_set_client */;
/*!40101 SET character_set_client = utf8 */;
CREATE TABLE `abc_coupons` (
  `coupon_id` int(11) NOT NULL AUTO_INCREMENT,
  `code` varchar(10) NOT NULL,
  `type` char(1) NOT NULL,
  `discount` decimal(15,4) NOT NULL,
  `logged` int(1) NOT NULL,
  `shipping` int(1) NOT NULL,
  `total` decimal(15,4) NOT NULL,
  `date_start` date NOT NULL DEFAULT '0000-00-00',
  `date_end` date NOT NULL DEFAULT '0000-00-00',
  `uses_total` int(11) NOT NULL,
  `uses_customer` varchar(11) NOT NULL,
  `status` int(1) NOT NULL,
  `date_added` timestamp NOT NULL DEFAULT '0000-00-00 00:00:00',
  `date_modified` timestamp NOT NULL DEFAULT CURRENT_TIMESTAMP ON UPDATE CURRENT_TIMESTAMP,
  PRIMARY KEY (`coupon_id`)
) ENGINE=MyISAM AUTO_INCREMENT=7 DEFAULT CHARSET=utf8;
/*!40101 SET character_set_client = @saved_cs_client */;

--
-- Dumping data for table `abc_coupons`
--

LOCK TABLES `abc_coupons` WRITE;
/*!40000 ALTER TABLE `abc_coupons` DISABLE KEYS */;
INSERT INTO `abc_coupons` VALUES (4,'2222','P',10.0000,0,0,0.0000,'2015-01-01','2019-01-01',10,'10',1,'2019-07-12 07:21:52','2019-07-12 07:21:52'),(5,'3333','P',0.0000,0,1,100.0000,'2015-01-01','2019-01-01',10,'10',1,'2019-07-12 07:21:52','2019-07-12 07:21:52'),(6,'1111','F',10.0000,0,0,10.0000,'2015-01-01','2019-01-01',10,'10',1,'2019-07-12 07:21:52','2019-07-12 07:21:52');
/*!40000 ALTER TABLE `abc_coupons` ENABLE KEYS */;
UNLOCK TABLES;

--
-- Table structure for table `abc_coupons_products`
--

DROP TABLE IF EXISTS `abc_coupons_products`;
/*!40101 SET @saved_cs_client     = @@character_set_client */;
/*!40101 SET character_set_client = utf8 */;
CREATE TABLE `abc_coupons_products` (
  `coupon_product_id` int(11) NOT NULL AUTO_INCREMENT,
  `coupon_id` int(11) NOT NULL,
  `product_id` int(11) NOT NULL,
  PRIMARY KEY (`coupon_product_id`),
  KEY `ac_coupons_products_idx` (`coupon_id`,`product_id`)
) ENGINE=MyISAM AUTO_INCREMENT=9 DEFAULT CHARSET=utf8;
/*!40101 SET character_set_client = @saved_cs_client */;

--
-- Dumping data for table `abc_coupons_products`
--

LOCK TABLES `abc_coupons_products` WRITE;
/*!40000 ALTER TABLE `abc_coupons_products` DISABLE KEYS */;
INSERT INTO `abc_coupons_products` VALUES (8,6,68);
/*!40000 ALTER TABLE `abc_coupons_products` ENABLE KEYS */;
UNLOCK TABLES;

--
-- Table structure for table `abc_currencies`
--

DROP TABLE IF EXISTS `abc_currencies`;
/*!40101 SET @saved_cs_client     = @@character_set_client */;
/*!40101 SET character_set_client = utf8 */;
CREATE TABLE `abc_currencies` (
  `currency_id` int(11) NOT NULL AUTO_INCREMENT,
  `title` varchar(32) NOT NULL DEFAULT '',
  `code` varchar(3) NOT NULL DEFAULT '',
  `symbol_left` varchar(12) NOT NULL,
  `symbol_right` varchar(12) NOT NULL,
  `decimal_place` char(1) NOT NULL,
  `value` decimal(15,8) NOT NULL,
  `status` int(1) NOT NULL,
  `date_modified` timestamp NOT NULL DEFAULT CURRENT_TIMESTAMP ON UPDATE CURRENT_TIMESTAMP,
  PRIMARY KEY (`currency_id`)
) ENGINE=MyISAM AUTO_INCREMENT=4 DEFAULT CHARSET=utf8;
/*!40101 SET character_set_client = @saved_cs_client */;

--
-- Dumping data for table `abc_currencies`
--

LOCK TABLES `abc_currencies` WRITE;
/*!40000 ALTER TABLE `abc_currencies` DISABLE KEYS */;
INSERT INTO `abc_currencies` VALUES (1,'US Dollar','USD','$','','2',1.00000000,1,'2019-07-17 05:59:18'),(2,'Euro','EUR','','€','2',0.89150000,1,'2019-07-17 05:59:17'),(3,'Pound Sterling','GBP','£','','2',0.80530000,1,'2019-07-17 05:59:17');
/*!40000 ALTER TABLE `abc_currencies` ENABLE KEYS */;
UNLOCK TABLES;

--
-- Table structure for table `abc_custom_blocks`
--

DROP TABLE IF EXISTS `abc_custom_blocks`;
/*!40101 SET @saved_cs_client     = @@character_set_client */;
/*!40101 SET character_set_client = utf8 */;
CREATE TABLE `abc_custom_blocks` (
  `custom_block_id` int(10) NOT NULL AUTO_INCREMENT,
  `block_id` int(10) NOT NULL,
  `date_added` timestamp NOT NULL DEFAULT '0000-00-00 00:00:00',
  `date_modified` timestamp NOT NULL DEFAULT CURRENT_TIMESTAMP ON UPDATE CURRENT_TIMESTAMP,
  PRIMARY KEY (`custom_block_id`,`block_id`)
) ENGINE=MyISAM AUTO_INCREMENT=17 DEFAULT CHARSET=utf8;
/*!40101 SET character_set_client = @saved_cs_client */;

--
-- Dumping data for table `abc_custom_blocks`
--

LOCK TABLES `abc_custom_blocks` WRITE;
/*!40000 ALTER TABLE `abc_custom_blocks` DISABLE KEYS */;
INSERT INTO `abc_custom_blocks` VALUES (1,17,'2015-06-12 09:56:24','2015-06-12 09:56:24'),(2,20,'2015-06-12 09:56:24','2015-06-12 09:56:24'),(3,20,'2015-06-12 09:56:24','2015-06-12 09:56:24'),(12,20,'2015-06-12 09:56:24','2015-06-12 09:56:24'),(13,17,'2015-06-12 09:56:24','2015-06-12 09:56:24'),(11,23,'2015-06-12 09:56:24','2015-06-12 09:56:24'),(9,23,'2015-06-12 09:56:24','2015-06-12 09:56:24'),(10,17,'2015-06-12 09:56:24','2015-06-12 09:56:24'),(14,17,'2015-06-12 09:56:24','2015-06-12 09:56:24'),(15,17,'2015-06-12 09:56:24','2015-06-12 09:56:24'),(16,17,'2015-06-12 09:56:24','2015-06-12 09:56:24');
/*!40000 ALTER TABLE `abc_custom_blocks` ENABLE KEYS */;
UNLOCK TABLES;

--
-- Table structure for table `abc_custom_lists`
--

DROP TABLE IF EXISTS `abc_custom_lists`;
/*!40101 SET @saved_cs_client     = @@character_set_client */;
/*!40101 SET character_set_client = utf8 */;
CREATE TABLE `abc_custom_lists` (
  `rowid` int(11) NOT NULL AUTO_INCREMENT,
  `custom_block_id` int(10) NOT NULL,
  `data_type` varchar(70) NOT NULL,
  `id` int(10) NOT NULL,
  `store_id` int(10) DEFAULT NULL,
  `sort_order` int(10) NOT NULL DEFAULT '0',
  `date_added` timestamp NOT NULL DEFAULT '0000-00-00 00:00:00',
  `date_modified` timestamp NOT NULL DEFAULT CURRENT_TIMESTAMP ON UPDATE CURRENT_TIMESTAMP,
  PRIMARY KEY (`rowid`),
  KEY `ac_custom_block_id_list_idx` (`custom_block_id`,`store_id`)
) ENGINE=MyISAM AUTO_INCREMENT=11 DEFAULT CHARSET=utf8;
/*!40101 SET character_set_client = @saved_cs_client */;

--
-- Dumping data for table `abc_custom_lists`
--

LOCK TABLES `abc_custom_lists` WRITE;
/*!40000 ALTER TABLE `abc_custom_lists` DISABLE KEYS */;
INSERT INTO `abc_custom_lists` VALUES (1,12,'manufacturer_id',12,0,0,'2019-07-12 07:21:52','2019-07-12 07:21:52'),(2,12,'manufacturer_id',14,0,0,'2019-07-12 07:21:52','2019-07-12 07:21:52'),(3,12,'manufacturer_id',13,0,0,'2019-07-12 07:21:52','2019-07-12 07:21:52'),(4,12,'manufacturer_id',18,0,0,'2019-07-12 07:21:52','2019-07-12 07:21:52'),(5,12,'manufacturer_id',19,0,0,'2019-07-12 07:21:52','2019-07-12 07:21:52'),(6,12,'manufacturer_id',20,0,0,'2019-07-12 07:21:52','2019-07-12 07:21:52'),(7,12,'manufacturer_id',15,0,0,'2019-07-12 07:21:52','2019-07-12 07:21:52'),(8,12,'manufacturer_id',11,0,0,'2019-07-12 07:21:52','2019-07-12 07:21:52'),(9,12,'manufacturer_id',17,0,0,'2019-07-12 07:21:52','2019-07-12 07:21:52'),(10,12,'manufacturer_id',16,0,0,'2019-07-12 07:21:52','2019-07-12 07:21:52');
/*!40000 ALTER TABLE `abc_custom_lists` ENABLE KEYS */;
UNLOCK TABLES;

--
-- Table structure for table `abc_customer_groups`
--

DROP TABLE IF EXISTS `abc_customer_groups`;
/*!40101 SET @saved_cs_client     = @@character_set_client */;
/*!40101 SET character_set_client = utf8 */;
CREATE TABLE `abc_customer_groups` (
  `customer_group_id` int(11) NOT NULL AUTO_INCREMENT,
  `name` varchar(32) NOT NULL,
  `tax_exempt` tinyint(1) NOT NULL DEFAULT '0',
  PRIMARY KEY (`customer_group_id`)
) ENGINE=MyISAM AUTO_INCREMENT=4 DEFAULT CHARSET=utf8;
/*!40101 SET character_set_client = @saved_cs_client */;

--
-- Dumping data for table `abc_customer_groups`
--

LOCK TABLES `abc_customer_groups` WRITE;
/*!40000 ALTER TABLE `abc_customer_groups` DISABLE KEYS */;
INSERT INTO `abc_customer_groups` VALUES (1,'Default',0),(2,'Wholesalers',1),(3,'Newsletter Subscribers',0);
/*!40000 ALTER TABLE `abc_customer_groups` ENABLE KEYS */;
UNLOCK TABLES;

--
-- Table structure for table `abc_customer_notifications`
--

DROP TABLE IF EXISTS `abc_customer_notifications`;
/*!40101 SET @saved_cs_client     = @@character_set_client */;
/*!40101 SET character_set_client = utf8 */;
CREATE TABLE `abc_customer_notifications` (
  `customer_id` int(11) NOT NULL,
  `sendpoint` varchar(255) NOT NULL,
  `protocol` varchar(30) NOT NULL,
  `status` int(1) NOT NULL DEFAULT '0',
  `date_added` timestamp NOT NULL DEFAULT '0000-00-00 00:00:00',
  `date_modified` timestamp NOT NULL DEFAULT CURRENT_TIMESTAMP ON UPDATE CURRENT_TIMESTAMP,
  PRIMARY KEY (`customer_id`,`sendpoint`,`protocol`)
) ENGINE=MyISAM DEFAULT CHARSET=utf8;
/*!40101 SET character_set_client = @saved_cs_client */;

--
-- Dumping data for table `abc_customer_notifications`
--

LOCK TABLES `abc_customer_notifications` WRITE;
/*!40000 ALTER TABLE `abc_customer_notifications` DISABLE KEYS */;
/*!40000 ALTER TABLE `abc_customer_notifications` ENABLE KEYS */;
UNLOCK TABLES;

--
-- Table structure for table `abc_customer_transactions`
--

DROP TABLE IF EXISTS `abc_customer_transactions`;
/*!40101 SET @saved_cs_client     = @@character_set_client */;
/*!40101 SET character_set_client = utf8 */;
CREATE TABLE `abc_customer_transactions` (
  `customer_transaction_id` int(11) NOT NULL AUTO_INCREMENT,
  `customer_id` int(11) NOT NULL DEFAULT '0',
  `order_id` int(11) NOT NULL DEFAULT '0',
  `created_by` int(11) NOT NULL COMMENT 'user_id for admin, customer_id for storefront section',
  `section` smallint(1) NOT NULL DEFAULT '0' COMMENT '1 - admin, 0 - customer',
  `credit` decimal(15,4) DEFAULT '0.0000',
  `debit` decimal(15,4) DEFAULT '0.0000',
  `transaction_type` varchar(255) NOT NULL DEFAULT '' COMMENT 'text type of transaction',
  `comment` text COMMENT 'comment for internal use',
  `description` text COMMENT 'text for customer',
  `date_added` timestamp NOT NULL DEFAULT '0000-00-00 00:00:00',
  `date_modified` timestamp NOT NULL DEFAULT CURRENT_TIMESTAMP ON UPDATE CURRENT_TIMESTAMP,
  PRIMARY KEY (`customer_transaction_id`),
  KEY `ac_customer_transactions_idx` (`customer_id`,`order_id`)
) ENGINE=MyISAM DEFAULT CHARSET=utf8;
/*!40101 SET character_set_client = @saved_cs_client */;

--
-- Dumping data for table `abc_customer_transactions`
--

LOCK TABLES `abc_customer_transactions` WRITE;
/*!40000 ALTER TABLE `abc_customer_transactions` DISABLE KEYS */;
/*!40000 ALTER TABLE `abc_customer_transactions` ENABLE KEYS */;
UNLOCK TABLES;

--
-- Table structure for table `abc_customers`
--

DROP TABLE IF EXISTS `abc_customers`;
/*!40101 SET @saved_cs_client     = @@character_set_client */;
/*!40101 SET character_set_client = utf8 */;
CREATE TABLE `abc_customers` (
  `customer_id` int(11) NOT NULL AUTO_INCREMENT,
  `store_id` int(11) NOT NULL DEFAULT '0',
  `firstname` varchar(32) NOT NULL DEFAULT '',
  `lastname` varchar(32) NOT NULL DEFAULT '',
  `loginname` varchar(96) NOT NULL DEFAULT '',
  `email` varchar(96) NOT NULL DEFAULT '',
  `telephone` varchar(32) NOT NULL DEFAULT '',
  `fax` varchar(32) NOT NULL DEFAULT '',
  `sms` varchar(32) NOT NULL DEFAULT '' COMMENT 'mobile phone number',
  `salt` varchar(8) NOT NULL DEFAULT '',
  `password` varchar(40) NOT NULL DEFAULT '',
  `cart` longtext,
  `wishlist` longtext,
  `newsletter` int(1) NOT NULL DEFAULT '0',
  `address_id` int(11) NOT NULL DEFAULT '0',
  `status` int(1) NOT NULL,
  `approved` int(1) NOT NULL DEFAULT '0',
  `customer_group_id` int(11) NOT NULL,
  `ip` varchar(50) NOT NULL DEFAULT '0',
  `data` text,
  `date_added` timestamp NOT NULL DEFAULT '0000-00-00 00:00:00',
  `date_modified` timestamp NOT NULL DEFAULT CURRENT_TIMESTAMP ON UPDATE CURRENT_TIMESTAMP,
  `last_login` timestamp NOT NULL DEFAULT '0000-00-00 00:00:00',
  PRIMARY KEY (`customer_id`),
  UNIQUE KEY `customers_loginname` (`loginname`),
  KEY `ac_customers_idx` (`store_id`,`address_id`,`customer_group_id`),
  FULLTEXT KEY `ac_customers_name_idx` (`firstname`,`lastname`)
) ENGINE=MyISAM AUTO_INCREMENT=17 DEFAULT CHARSET=utf8;
/*!40101 SET character_set_client = @saved_cs_client */;

--
-- Dumping data for table `abc_customers`
--

LOCK TABLES `abc_customers` WRITE;
/*!40000 ALTER TABLE `abc_customers` DISABLE KEYS */;
INSERT INTO `abc_customers` VALUES (2,0,'Juliana','Davis','julidavis@abantecart.com','julidavis@abantecart.com','(602) 141-7191','','','','6b006ba67f3c172e146991a2ad46d865','a:0:{}',NULL,0,1,1,1,1,'109.104.166.98',NULL,'2013-08-31 14:25:37','2015-06-12 09:56:24','0000-00-00 00:00:00'),(3,0,'Keely','Mccoy','keelymccoy@abantecart.com','keelymccoy@abantecart.com','(602) 916-1822','','','','6b006ba67f3c172e146991a2ad46d865','a:0:{}',NULL,0,2,1,1,1,'109.104.166.98',NULL,'2013-08-31 14:39:08','2015-06-12 09:56:24','0000-00-00 00:00:00'),(4,0,'Zelda','Weiss','zeldaweiss@abantecart.com','zeldaweiss@abantecart.com','(539) 838-9210','','','','6b006ba67f3c172e146991a2ad46d865','a:0:{}',NULL,0,3,1,1,1,'109.104.166.138',NULL,'2013-08-31 14:42:58','2015-06-12 09:56:24','0000-00-00 00:00:00'),(5,0,'Gloria','Macias','gloriamacias@abantecart.com','gloriamacias@abantecart.com','(573) 500-2105','','','','6b006ba67f3c172e146991a2ad46d865','a:0:{}',NULL,0,4,1,1,1,'109.104.166.98',NULL,'2013-08-31 14:46:58','2015-06-12 09:56:24','0000-00-00 00:00:00'),(6,0,'Bernard','Horne','bernardhorne@abantecart.com','bernardhorne@abantecart.com','(573) 500-2105','','','','6b006ba67f3c172e146991a2ad46d865','a:0:{}',NULL,0,5,1,1,1,'109.104.166.138',NULL,'2013-08-31 14:50:27','2015-06-12 09:56:24','0000-00-00 00:00:00'),(7,0,'James','Curtis','jamescurtis@abantecart.com','jamescurtis@abantecart.com','(602) 916-1822','','','','6b006ba67f3c172e146991a2ad46d865','a:0:{}',NULL,0,6,1,1,1,'109.104.166.138',NULL,'2013-08-31 15:00:03','2015-06-12 09:56:24','0000-00-00 00:00:00'),(8,0,'Bruce','Rosarini','brucerosarini@abantecart.com','brucerosarini@abantecart.com','(539) 838-9210','','','','6b006ba67f3c172e146991a2ad46d865','a:0:{}',NULL,0,7,1,1,1,'109.104.166.98',NULL,'2013-08-31 15:08:23','2015-06-12 09:56:24','0000-00-00 00:00:00'),(9,0,'Carlos','Compton','carloscmpton@abantecart.com','carloscmpton@abantecart.com','(928) 205-0511','','','','6b006ba67f3c172e146991a2ad46d865','a:0:{}',NULL,0,8,1,1,1,'109.104.166.98',NULL,'2013-08-31 15:13:14','2015-06-12 09:56:24','0000-00-00 00:00:00'),(10,0,'Garrison','Baxter','garrisonbaxter@abantecart.com','garrisonbaxter@abantecart.com','(803) 189-5001','','','','6b006ba67f3c172e146991a2ad46d865','a:0:{}',NULL,0,9,1,1,1,'109.104.166.138',NULL,'2013-09-01 12:51:47','2015-06-12 09:56:24','0000-00-00 00:00:00'),(11,0,'Anthony','Blair','anthonyblair@abantecart.com','anthonyblair@abantecart.com','(402) 456-6398','','','','6b006ba67f3c172e146991a2ad46d865','a:0:{}',NULL,0,10,1,1,1,'171.98.12.12',NULL,'2013-09-01 12:54:26','2015-06-12 09:56:24','0000-00-00 00:00:00'),(12,0,'Allen','Waters','allenwaters','allenwaters@abantecart.com','(417) 280-7406','','','vkmQqxNw','e9aa1fed0f5c85e84ef9c9e8860c2732326e790b','a:0:{}',NULL,0,11,1,1,1,'77.111.246.147',NULL,'2013-09-01 13:12:56','2019-05-06 06:20:01','2019-03-18 12:19:54'),(13,0,'Michael','Neal','michael','michaelj@abantecart.com','55 555 5555 5555','','','QqHpW6DV','189212083ca9de5f584e624b7a7c256af90fdcfb','a:0:{}','a:2:{i:108;i:1552911485;i:111;i:1552911579;}',1,12,1,1,1,'77.111.246.167',NULL,'2013-09-08 15:28:20','2019-03-18 12:19:39','2019-03-18 12:12:59'),(14,0,'Yuri','Howard','howard566','howardinc@abantecart.com','+1 (694) 373-3146','','','1IVINJ6A','9980a6c101c48ba14277e5fcc7277fed31a8eb34','a:0:{}',NULL,1,13,1,1,1,'85.235.65.198','N;','2019-03-18 13:37:18','2019-03-18 13:39:25','2019-03-18 13:37:18'),(15,0,'Regan','Shields','RiaGardner','ricuvif@abantecart.com','+1 (267) 125-5153','','','QaPiKdCR','30a96d6489cc8089d2f66f1b3407334cfd5a5490','a:0:{}',NULL,1,14,1,1,1,'23.129.64.106','N;','2019-03-19 08:32:50','2019-03-19 08:33:16','2019-03-19 08:32:50'),(16,0,'Randall','Richards','randallri','randallri@abantecart.com','+1 (788) 773-7896','','','oMSzNPSe','47de3df0f279b2edb9d4062a0c1495a738fdb5c7','a:1:{s:7:\"store_0\";a:1:{i:96;a:2:{s:3:\"qty\";i:2;s:7:\"options\";a:0:{}}}}',NULL,0,15,1,1,1,'205.185.126.56','N;','2019-03-21 12:08:29','2019-03-21 12:12:32','2019-03-21 12:08:29');
/*!40000 ALTER TABLE `abc_customers` ENABLE KEYS */;
UNLOCK TABLES;

--
-- Table structure for table `abc_dataset_column_properties`
--

DROP TABLE IF EXISTS `abc_dataset_column_properties`;
/*!40101 SET @saved_cs_client     = @@character_set_client */;
/*!40101 SET character_set_client = utf8 */;
CREATE TABLE `abc_dataset_column_properties` (
  `rowid` int(11) NOT NULL AUTO_INCREMENT,
  `dataset_column_id` int(11) NOT NULL,
  `dataset_column_property_name` varchar(255) NOT NULL,
  `dataset_column_property_value` varchar(255) DEFAULT NULL,
  PRIMARY KEY (`rowid`),
  KEY `dataset_column_properties_idx` (`dataset_column_id`)
) ENGINE=MyISAM DEFAULT CHARSET=utf8;
/*!40101 SET character_set_client = @saved_cs_client */;

--
-- Dumping data for table `abc_dataset_column_properties`
--

LOCK TABLES `abc_dataset_column_properties` WRITE;
/*!40000 ALTER TABLE `abc_dataset_column_properties` DISABLE KEYS */;
/*!40000 ALTER TABLE `abc_dataset_column_properties` ENABLE KEYS */;
UNLOCK TABLES;

--
-- Table structure for table `abc_dataset_definition`
--

DROP TABLE IF EXISTS `abc_dataset_definition`;
/*!40101 SET @saved_cs_client     = @@character_set_client */;
/*!40101 SET character_set_client = utf8 */;
CREATE TABLE `abc_dataset_definition` (
  `dataset_id` int(11) NOT NULL,
  `dataset_column_id` int(11) NOT NULL AUTO_INCREMENT,
  `dataset_column_name` varchar(255) NOT NULL,
  `dataset_column_type` varchar(100) NOT NULL,
  `dataset_column_sort_order` int(11) NOT NULL DEFAULT '0',
  PRIMARY KEY (`dataset_column_id`),
  KEY `dataset_definition_idx` (`dataset_id`)
) ENGINE=MyISAM AUTO_INCREMENT=41 DEFAULT CHARSET=utf8;
/*!40101 SET character_set_client = @saved_cs_client */;

--
-- Dumping data for table `abc_dataset_definition`
--

LOCK TABLES `abc_dataset_definition` WRITE;
/*!40000 ALTER TABLE `abc_dataset_definition` DISABLE KEYS */;
INSERT INTO `abc_dataset_definition` VALUES (1,1,'item_id','varchar',1),(1,2,'item_icon','varchar',2),(1,3,'item_url','varchar',3),(1,4,'parent_id','varchar',4),(1,5,'sort_order','integer',5),(1,6,'item_type','varchar',6),(1,7,'item_icon_rl_id','integer',7),(2,10,'item_id','varchar',1),(2,11,'item_text','varchar',2),(2,12,'item_url','varchar',3),(2,13,'parent_id','varchar',4),(2,14,'sort_order','integer',5),(2,15,'item_type','varchar',6),(2,40,'item_icon_rl_id','varchar',7),(3,16,'item_id','varchar',1),(3,17,'item_text','varchar',2),(3,18,'language_id','integer',3),(4,20,'date_added','timestamp',1),(4,21,'name','varchar',2),(4,22,'version','varchar',3),(4,23,'backup_file','varchar',4),(4,24,'backup_date','timestamp',5),(4,25,'type','varchar',6),(4,26,'user','varchar',7),(5,30,'date_added','timestamp',1),(5,31,'name','varchar',2),(5,32,'type','varchar',3),(5,33,'section','varchar',4),(5,34,'section_id','integer',5),(5,35,'path','varchar',6);
/*!40000 ALTER TABLE `abc_dataset_definition` ENABLE KEYS */;
UNLOCK TABLES;

--
-- Table structure for table `abc_dataset_properties`
--

DROP TABLE IF EXISTS `abc_dataset_properties`;
/*!40101 SET @saved_cs_client     = @@character_set_client */;
/*!40101 SET character_set_client = utf8 */;
CREATE TABLE `abc_dataset_properties` (
  `rowid` int(11) NOT NULL AUTO_INCREMENT,
  `dataset_id` int(11) NOT NULL,
  `dataset_property_name` varchar(255) NOT NULL,
  `dataset_property_value` varchar(255) DEFAULT NULL,
  PRIMARY KEY (`rowid`),
  KEY `dataset_property_idx` (`dataset_id`)
) ENGINE=MyISAM AUTO_INCREMENT=6 DEFAULT CHARSET=utf8;
/*!40101 SET character_set_client = @saved_cs_client */;

--
-- Dumping data for table `abc_dataset_properties`
--

LOCK TABLES `abc_dataset_properties` WRITE;
/*!40000 ALTER TABLE `abc_dataset_properties` DISABLE KEYS */;
INSERT INTO `abc_dataset_properties` VALUES (1,1,'controller','design/menu'),(2,4,'controller','tool/install_upgrade_history'),(3,5,'controller','tool/files'),(4,6,'api_key','D5C5B03B-7604-4F92-A711-B0C31190E4F6'),(5,6,'secret_key','D41344C7-B5CB-4B66-A2D9-1E6EEA0EDA7B');
/*!40000 ALTER TABLE `abc_dataset_properties` ENABLE KEYS */;
UNLOCK TABLES;

--
-- Table structure for table `abc_dataset_values`
--

DROP TABLE IF EXISTS `abc_dataset_values`;
/*!40101 SET @saved_cs_client     = @@character_set_client */;
/*!40101 SET character_set_client = utf8 */;
CREATE TABLE `abc_dataset_values` (
  `dataset_column_id` int(11) NOT NULL,
  `value_integer` int(11) DEFAULT NULL,
  `value_float` float DEFAULT NULL,
  `value_varchar` varchar(255) DEFAULT NULL,
  `value_text` text,
  `value_timestamp` timestamp NOT NULL DEFAULT CURRENT_TIMESTAMP,
  `value_boolean` tinyint(1) DEFAULT NULL,
  `value_sort_order` int(11) NOT NULL AUTO_INCREMENT,
  `row_id` int(10) unsigned NOT NULL DEFAULT '0',
  PRIMARY KEY (`value_sort_order`),
  KEY `dataset_values_idx` (`value_integer`,`value_float`,`value_varchar`,`value_boolean`,`row_id`)
) ENGINE=MyISAM AUTO_INCREMENT=761 DEFAULT CHARSET=utf8;
/*!40101 SET character_set_client = @saved_cs_client */;

--
-- Dumping data for table `abc_dataset_values`
--

LOCK TABLES `abc_dataset_values` WRITE;
/*!40000 ALTER TABLE `abc_dataset_values` DISABLE KEYS */;
INSERT INTO `abc_dataset_values` VALUES (1,NULL,NULL,'home',NULL,'2019-07-12 07:21:52',NULL,1,1),(1,NULL,NULL,'login',NULL,'2019-07-12 07:21:52',NULL,2,2),(1,NULL,NULL,'logout',NULL,'2019-07-12 07:21:52',NULL,3,3),(1,NULL,NULL,'account',NULL,'2019-07-12 07:21:52',NULL,4,4),(1,NULL,NULL,'cart',NULL,'2019-07-12 07:21:52',NULL,5,5),(1,NULL,NULL,'checkout',NULL,'2019-07-12 07:21:52',NULL,6,6),(1,NULL,NULL,'specials',NULL,'2019-07-12 07:21:52',NULL,7,7),(1,NULL,NULL,'order',NULL,'2019-07-12 07:21:52',NULL,8,8),(2,NULL,NULL,'',NULL,'2019-07-12 07:21:52',NULL,9,1),(2,NULL,NULL,'',NULL,'2019-07-12 07:21:52',NULL,10,2),(2,NULL,NULL,'',NULL,'2019-07-12 07:21:52',NULL,11,3),(2,NULL,NULL,'',NULL,'2019-07-12 07:21:52',NULL,12,4),(2,NULL,NULL,'',NULL,'2019-07-12 07:21:52',NULL,13,5),(2,NULL,NULL,'',NULL,'2019-07-12 07:21:52',NULL,14,6),(2,NULL,NULL,'',NULL,'2019-07-12 07:21:52',NULL,15,7),(2,NULL,NULL,'',NULL,'2019-07-12 07:21:52',NULL,16,8),(3,NULL,NULL,'index/home',NULL,'2019-07-12 07:21:52',NULL,17,1),(3,NULL,NULL,'account/login',NULL,'2019-07-12 07:21:52',NULL,18,2),(3,NULL,NULL,'account/logout',NULL,'2019-07-12 07:21:52',NULL,19,3),(3,NULL,NULL,'account/account',NULL,'2019-07-12 07:21:52',NULL,20,4),(3,NULL,NULL,'checkout/cart',NULL,'2019-07-12 07:21:52',NULL,21,5),(3,NULL,NULL,'checkout/shipping',NULL,'2019-07-12 07:21:52',NULL,22,6),(3,NULL,NULL,'product/special',NULL,'2019-07-12 07:21:52',NULL,23,7),(3,NULL,NULL,'account/invoice',NULL,'2019-07-12 07:21:52',NULL,24,8),(4,NULL,NULL,'',NULL,'2019-07-12 07:21:52',NULL,25,1),(4,NULL,NULL,'account',NULL,'2019-07-12 07:21:52',NULL,26,2),(4,NULL,NULL,'account',NULL,'2019-07-12 07:21:52',NULL,27,3),(4,NULL,NULL,'',NULL,'2019-07-12 07:21:52',NULL,28,4),(4,NULL,NULL,'',NULL,'2019-07-12 07:21:52',NULL,29,5),(4,NULL,NULL,'',NULL,'2019-07-12 07:21:52',NULL,30,6),(4,NULL,NULL,'',NULL,'2019-07-12 07:21:52',NULL,31,7),(4,NULL,NULL,'account',NULL,'2019-07-12 07:21:52',NULL,32,8),(5,10,NULL,NULL,NULL,'2019-07-12 07:21:52',NULL,33,1),(5,20,NULL,NULL,NULL,'2019-07-12 07:21:52',NULL,34,2),(5,30,NULL,NULL,NULL,'2019-07-12 07:21:52',NULL,35,3),(5,40,NULL,NULL,NULL,'2019-07-12 07:21:52',NULL,36,4),(5,50,NULL,NULL,NULL,'2019-07-12 07:21:52',NULL,37,5),(5,60,NULL,NULL,NULL,'2019-07-12 07:21:52',NULL,38,6),(5,11,NULL,NULL,NULL,'2019-07-12 07:21:52',NULL,39,7),(5,20,NULL,NULL,NULL,'2019-07-12 07:21:52',NULL,40,8),(6,NULL,NULL,'core',NULL,'2019-07-12 07:21:52',NULL,41,1),(6,NULL,NULL,'core',NULL,'2019-07-12 07:21:52',NULL,42,2),(6,NULL,NULL,'core',NULL,'2019-07-12 07:21:52',NULL,43,3),(6,NULL,NULL,'core',NULL,'2019-07-12 07:21:52',NULL,44,4),(6,NULL,NULL,'core',NULL,'2019-07-12 07:21:52',NULL,45,5),(6,NULL,NULL,'core',NULL,'2019-07-12 07:21:52',NULL,46,6),(6,NULL,NULL,'core',NULL,'2019-07-12 07:21:52',NULL,47,7),(6,NULL,NULL,'core',NULL,'2019-07-12 07:21:52',NULL,48,8),(7,2,NULL,NULL,NULL,'2019-07-12 07:21:52',NULL,49,1),(7,4,NULL,NULL,NULL,'2019-07-12 07:21:52',NULL,50,2),(7,3,NULL,NULL,NULL,'2019-07-12 07:21:52',NULL,51,3),(7,4,NULL,NULL,NULL,'2019-07-12 07:21:52',NULL,52,4),(7,250,NULL,NULL,NULL,'2019-07-12 07:21:52',NULL,53,5),(7,260,NULL,NULL,NULL,'2019-07-12 07:21:52',NULL,54,6),(7,244,NULL,NULL,NULL,'2019-07-12 07:21:52',NULL,55,7),(7,266,NULL,NULL,NULL,'2019-07-12 07:21:52',NULL,56,8),(10,NULL,NULL,'catalog',NULL,'2019-07-12 07:21:52',NULL,57,1),(10,NULL,NULL,'sale',NULL,'2019-07-12 07:21:52',NULL,58,2),(10,NULL,NULL,'design',NULL,'2019-07-12 07:21:52',NULL,59,3),(10,NULL,NULL,'extension',NULL,'2019-07-12 07:21:52',NULL,60,4),(10,NULL,NULL,'system',NULL,'2019-07-12 07:21:52',NULL,61,5),(10,NULL,NULL,'reports',NULL,'2019-07-12 07:21:52',NULL,62,6),(10,NULL,NULL,'help',NULL,'2019-07-12 07:21:52',NULL,63,7),(11,NULL,NULL,'text_catalog',NULL,'2019-07-12 07:21:52',NULL,64,1),(11,NULL,NULL,'text_sale',NULL,'2019-07-12 07:21:52',NULL,65,2),(11,NULL,NULL,'text_design',NULL,'2019-07-12 07:21:52',NULL,66,3),(11,NULL,NULL,'text_extension',NULL,'2019-07-12 07:21:52',NULL,67,4),(11,NULL,NULL,'text_system',NULL,'2019-07-12 07:21:52',NULL,68,5),(11,NULL,NULL,'text_reports',NULL,'2019-07-12 07:21:52',NULL,69,6),(11,NULL,NULL,'text_help',NULL,'2019-07-12 07:21:52',NULL,70,7),(12,NULL,NULL,'catalog/category',NULL,'2019-07-12 07:21:52',NULL,71,1),(12,NULL,NULL,'sale/order',NULL,'2019-07-12 07:21:52',NULL,72,2),(12,NULL,NULL,'extension/extensions/template',NULL,'2019-07-12 07:21:52',NULL,73,3),(12,NULL,NULL,'extension/extensions/extensions',NULL,'2019-07-12 07:21:52',NULL,74,4),(12,NULL,NULL,'setting/setting',NULL,'2019-07-12 07:21:52',NULL,75,5),(12,NULL,NULL,'report/sale/orders',NULL,'2019-07-12 07:21:52',NULL,76,6),(12,NULL,NULL,'',NULL,'2019-07-12 07:21:52',NULL,77,7),(13,NULL,NULL,'',NULL,'2019-07-12 07:21:52',NULL,78,1),(13,NULL,NULL,'',NULL,'2019-07-12 07:21:52',NULL,79,2),(13,NULL,NULL,'',NULL,'2019-07-12 07:21:52',NULL,80,3),(13,NULL,NULL,'',NULL,'2019-07-12 07:21:52',NULL,81,4),(13,NULL,NULL,'',NULL,'2019-07-12 07:21:52',NULL,82,5),(13,NULL,NULL,'',NULL,'2019-07-12 07:21:52',NULL,83,6),(13,NULL,NULL,'',NULL,'2019-07-12 07:21:52',NULL,84,7),(14,1,NULL,NULL,NULL,'2019-07-12 07:21:52',NULL,85,1),(14,2,NULL,NULL,NULL,'2019-07-12 07:21:52',NULL,86,2),(14,3,NULL,NULL,NULL,'2019-07-12 07:21:52',NULL,87,3),(14,4,NULL,NULL,NULL,'2019-07-12 07:21:52',NULL,88,4),(14,5,NULL,NULL,NULL,'2019-07-12 07:21:52',NULL,89,5),(14,6,NULL,NULL,NULL,'2019-07-12 07:21:52',NULL,90,6),(14,7,NULL,NULL,NULL,'2019-07-12 07:21:52',NULL,91,7),(15,NULL,NULL,'core',NULL,'2019-07-12 07:21:52',NULL,92,1),(15,NULL,NULL,'core',NULL,'2019-07-12 07:21:52',NULL,93,2),(15,NULL,NULL,'core',NULL,'2019-07-12 07:21:52',NULL,94,3),(15,NULL,NULL,'core',NULL,'2019-07-12 07:21:52',NULL,95,4),(15,NULL,NULL,'core',NULL,'2019-07-12 07:21:52',NULL,96,5),(15,NULL,NULL,'core',NULL,'2019-07-12 07:21:52',NULL,97,6),(15,NULL,NULL,'core',NULL,'2019-07-12 07:21:52',NULL,98,7),(40,NULL,NULL,'200',NULL,'2019-07-12 07:21:52',NULL,99,1),(40,NULL,NULL,'201',NULL,'2019-07-12 07:21:52',NULL,100,2),(40,NULL,NULL,'202',NULL,'2019-07-12 07:21:52',NULL,101,3),(40,NULL,NULL,'203',NULL,'2019-07-12 07:21:52',NULL,102,4),(40,NULL,NULL,'204',NULL,'2019-07-12 07:21:52',NULL,103,5),(40,NULL,NULL,'205',NULL,'2019-07-12 07:21:52',NULL,104,6),(40,NULL,NULL,'206',NULL,'2019-07-12 07:21:52',NULL,105,7),(10,NULL,NULL,'category',NULL,'2019-07-12 07:21:52',NULL,106,11),(10,NULL,NULL,'product',NULL,'2019-07-12 07:21:52',NULL,107,12),(10,NULL,NULL,'manufacturer',NULL,'2019-07-12 07:21:52',NULL,108,13),(10,NULL,NULL,'download',NULL,'2019-07-12 07:21:52',NULL,109,14),(10,NULL,NULL,'review',NULL,'2019-07-12 07:21:52',NULL,110,15),(10,NULL,NULL,'attributes',NULL,'2019-07-12 07:21:52',NULL,111,16),(10,NULL,NULL,'rl_manager',NULL,'2019-07-12 07:21:52',NULL,112,220),(11,NULL,NULL,'text_category',NULL,'2019-07-12 07:21:52',NULL,113,11),(11,NULL,NULL,'text_product',NULL,'2019-07-12 07:21:52',NULL,114,12),(11,NULL,NULL,'text_manufacturer',NULL,'2019-07-12 07:21:52',NULL,115,13),(11,NULL,NULL,'text_download',NULL,'2019-07-12 07:21:52',NULL,116,14),(11,NULL,NULL,'text_review',NULL,'2019-07-12 07:21:52',NULL,117,15),(11,NULL,NULL,'text_attribute',NULL,'2019-07-12 07:21:52',NULL,118,16),(11,NULL,NULL,'text_rl_manager',NULL,'2019-07-12 07:21:52',NULL,119,220),(12,NULL,NULL,'catalog/category',NULL,'2019-07-12 07:21:52',NULL,120,11),(12,NULL,NULL,'catalog/product',NULL,'2019-07-12 07:21:52',NULL,121,12),(12,NULL,NULL,'catalog/manufacturer',NULL,'2019-07-12 07:21:52',NULL,122,13),(12,NULL,NULL,'catalog/download',NULL,'2019-07-12 07:21:52',NULL,123,14),(12,NULL,NULL,'catalog/review',NULL,'2019-07-12 07:21:52',NULL,124,15),(12,NULL,NULL,'catalog/attribute',NULL,'2019-07-12 07:21:52',NULL,125,16),(12,NULL,NULL,'tool/rl_manager',NULL,'2019-07-12 07:21:52',NULL,126,220),(13,NULL,NULL,'catalog',NULL,'2019-07-12 07:21:52',NULL,127,11),(13,NULL,NULL,'catalog',NULL,'2019-07-12 07:21:52',NULL,128,12),(13,NULL,NULL,'catalog',NULL,'2019-07-12 07:21:52',NULL,129,13),(13,NULL,NULL,'catalog',NULL,'2019-07-12 07:21:52',NULL,130,14),(13,NULL,NULL,'catalog',NULL,'2019-07-12 07:21:52',NULL,131,15),(13,NULL,NULL,'catalog',NULL,'2019-07-12 07:21:52',NULL,132,16),(13,NULL,NULL,'catalog',NULL,'2019-07-12 07:21:52',NULL,133,220),(14,1,NULL,NULL,NULL,'2019-07-12 07:21:52',NULL,134,11),(14,2,NULL,NULL,NULL,'2019-07-12 07:21:52',NULL,135,12),(14,3,NULL,NULL,NULL,'2019-07-12 07:21:52',NULL,136,13),(14,4,NULL,NULL,NULL,'2019-07-12 07:21:52',NULL,137,14),(14,5,NULL,NULL,NULL,'2019-07-12 07:21:52',NULL,138,15),(14,6,NULL,NULL,NULL,'2019-07-12 07:21:52',NULL,139,16),(14,7,NULL,NULL,NULL,'2019-07-12 07:21:52',NULL,140,220),(15,NULL,NULL,'core',NULL,'2019-07-12 07:21:52',NULL,141,11),(15,NULL,NULL,'core',NULL,'2019-07-12 07:21:52',NULL,142,12),(15,NULL,NULL,'core',NULL,'2019-07-12 07:21:52',NULL,143,13),(15,NULL,NULL,'core',NULL,'2019-07-12 07:21:52',NULL,144,14),(15,NULL,NULL,'core',NULL,'2019-07-12 07:21:52',NULL,145,15),(15,NULL,NULL,'core',NULL,'2019-07-12 07:21:52',NULL,146,16),(15,NULL,NULL,'core',NULL,'2019-07-12 07:21:52',NULL,147,220),(40,NULL,NULL,'207',NULL,'2019-07-12 07:21:52',NULL,148,11),(40,NULL,NULL,'208',NULL,'2019-07-12 07:21:52',NULL,149,12),(40,NULL,NULL,'209',NULL,'2019-07-12 07:21:52',NULL,150,13),(40,NULL,NULL,'210',NULL,'2019-07-12 07:21:52',NULL,151,14),(40,NULL,NULL,'211',NULL,'2019-07-12 07:21:52',NULL,152,15),(40,NULL,NULL,'212',NULL,'2019-07-12 07:21:52',NULL,153,16),(40,NULL,NULL,'277',NULL,'2019-07-12 07:21:52',NULL,154,220),(10,NULL,NULL,'extensions',NULL,'2019-07-12 07:21:52',NULL,155,31),(10,NULL,NULL,'shipping',NULL,'2019-07-12 07:21:52',NULL,156,32),(10,NULL,NULL,'payment',NULL,'2019-07-12 07:21:52',NULL,157,33),(10,NULL,NULL,'templates',NULL,'2019-07-12 07:21:52',NULL,158,34),(10,NULL,NULL,'languages',NULL,'2019-07-12 07:21:52',NULL,159,35),(10,NULL,NULL,'taxes',NULL,'2019-07-12 07:21:52',NULL,160,36),(10,NULL,NULL,'total',NULL,'2019-07-12 07:21:52',NULL,161,37),(10,NULL,NULL,'add_extension',NULL,'2019-07-12 07:21:52',NULL,162,38),(10,NULL,NULL,'extensions_stores',NULL,'2019-07-12 07:21:52',NULL,163,39),(11,NULL,NULL,'text_extensions',NULL,'2019-07-12 07:21:52',NULL,164,31),(11,NULL,NULL,'text_shipping',NULL,'2019-07-12 07:21:52',NULL,165,32),(11,NULL,NULL,'text_payment',NULL,'2019-07-12 07:21:52',NULL,166,33),(11,NULL,NULL,'text_templates',NULL,'2019-07-12 07:21:52',NULL,167,34),(11,NULL,NULL,'text_language',NULL,'2019-07-12 07:21:52',NULL,168,35),(11,NULL,NULL,'text_taxes',NULL,'2019-07-12 07:21:52',NULL,169,36),(11,NULL,NULL,'text_total',NULL,'2019-07-12 07:21:52',NULL,170,37),(11,NULL,NULL,'text_add_extension',NULL,'2019-07-12 07:21:52',NULL,171,38),(11,NULL,NULL,'text_extensions_store',NULL,'2019-07-12 07:21:52',NULL,172,39),(12,NULL,NULL,'extension/extensions/extensions',NULL,'2019-07-12 07:21:52',NULL,173,31),(12,NULL,NULL,'extension/extensions/shipping',NULL,'2019-07-12 07:21:52',NULL,174,32),(12,NULL,NULL,'extension/extensions/payment',NULL,'2019-07-12 07:21:52',NULL,175,33),(12,NULL,NULL,'extension/extensions/template',NULL,'2019-07-12 07:21:52',NULL,176,34),(12,NULL,NULL,'extension/extensions/language',NULL,'2019-07-12 07:21:52',NULL,177,35),(12,NULL,NULL,'extension/extensions/tax',NULL,'2019-07-12 07:21:52',NULL,178,36),(12,NULL,NULL,'extension/total',NULL,'2019-07-12 07:21:52',NULL,179,37),(12,NULL,NULL,'tool/package_installer',NULL,'2019-07-12 07:21:52',NULL,180,38),(12,NULL,NULL,'extension/extensions_store',NULL,'2019-07-12 07:21:52',NULL,181,39),(13,NULL,NULL,'extension',NULL,'2019-07-12 07:21:52',NULL,182,31),(13,NULL,NULL,'extension',NULL,'2019-07-12 07:21:52',NULL,183,32),(13,NULL,NULL,'extension',NULL,'2019-07-12 07:21:52',NULL,184,33),(13,NULL,NULL,'extension',NULL,'2019-07-12 07:21:52',NULL,185,34),(13,NULL,NULL,'extension',NULL,'2019-07-12 07:21:52',NULL,186,35),(13,NULL,NULL,'extension',NULL,'2019-07-12 07:21:52',NULL,187,36),(13,NULL,NULL,'extension',NULL,'2019-07-12 07:21:52',NULL,188,37),(13,NULL,NULL,'extension',NULL,'2019-07-12 07:21:52',NULL,189,38),(13,NULL,NULL,'extension',NULL,'2019-07-12 07:21:52',NULL,190,39),(14,1,NULL,NULL,NULL,'2019-07-12 07:21:52',NULL,191,31),(14,2,NULL,NULL,NULL,'2019-07-12 07:21:52',NULL,192,32),(14,3,NULL,NULL,NULL,'2019-07-12 07:21:52',NULL,193,33),(14,4,NULL,NULL,NULL,'2019-07-12 07:21:52',NULL,194,34),(14,5,NULL,NULL,NULL,'2019-07-12 07:21:52',NULL,195,35),(14,6,NULL,NULL,NULL,'2019-07-12 07:21:52',NULL,196,36),(14,7,NULL,NULL,NULL,'2019-07-12 07:21:52',NULL,197,37),(14,8,NULL,NULL,NULL,'2019-07-12 07:21:52',NULL,198,38),(14,9,NULL,NULL,NULL,'2019-07-12 07:21:52',NULL,199,39),(15,NULL,NULL,'core',NULL,'2019-07-12 07:21:52',NULL,200,31),(15,NULL,NULL,'core',NULL,'2019-07-12 07:21:52',NULL,201,32),(15,NULL,NULL,'core',NULL,'2019-07-12 07:21:52',NULL,202,33),(15,NULL,NULL,'core',NULL,'2019-07-12 07:21:52',NULL,203,34),(15,NULL,NULL,'core',NULL,'2019-07-12 07:21:52',NULL,204,35),(15,NULL,NULL,'core',NULL,'2019-07-12 07:21:52',NULL,205,36),(15,NULL,NULL,'core',NULL,'2019-07-12 07:21:52',NULL,206,37),(40,NULL,NULL,'213',NULL,'2019-07-12 07:21:52',NULL,207,31),(40,NULL,NULL,'214',NULL,'2019-07-12 07:21:52',NULL,208,32),(40,NULL,NULL,'260',NULL,'2019-07-12 07:21:52',NULL,209,33),(40,NULL,NULL,'216',NULL,'2019-07-12 07:21:52',NULL,210,34),(40,NULL,NULL,'217',NULL,'2019-07-12 07:21:52',NULL,211,35),(40,NULL,NULL,'215',NULL,'2019-07-12 07:21:52',NULL,212,36),(40,NULL,NULL,'218',NULL,'2019-07-12 07:21:52',NULL,213,37),(40,NULL,NULL,'219',NULL,'2019-07-12 07:21:52',NULL,214,38),(40,NULL,NULL,'220',NULL,'2019-07-12 07:21:52',NULL,215,39),(10,NULL,NULL,'order',NULL,'2019-07-12 07:21:52',NULL,216,51),(10,NULL,NULL,'customer',NULL,'2019-07-12 07:21:52',NULL,217,52),(10,NULL,NULL,'customer_group',NULL,'2019-07-12 07:21:52',NULL,218,53),(10,NULL,NULL,'coupon',NULL,'2019-07-12 07:21:52',NULL,219,54),(10,NULL,NULL,'contact',NULL,'2019-07-12 07:21:52',NULL,220,55),(11,NULL,NULL,'text_order',NULL,'2019-07-12 07:21:52',NULL,221,51),(11,NULL,NULL,'text_customer',NULL,'2019-07-12 07:21:52',NULL,222,52),(11,NULL,NULL,'text_customer_group',NULL,'2019-07-12 07:21:52',NULL,223,53),(11,NULL,NULL,'text_coupon',NULL,'2019-07-12 07:21:52',NULL,224,54),(11,NULL,NULL,'text_contact',NULL,'2019-07-12 07:21:52',NULL,225,55),(12,NULL,NULL,'sale/order',NULL,'2019-07-12 07:21:52',NULL,226,51),(12,NULL,NULL,'sale/customer',NULL,'2019-07-12 07:21:52',NULL,227,52),(12,NULL,NULL,'sale/customer_group',NULL,'2019-07-12 07:21:52',NULL,228,53),(12,NULL,NULL,'sale/coupon',NULL,'2019-07-12 07:21:52',NULL,229,54),(12,NULL,NULL,'sale/contact',NULL,'2019-07-12 07:21:52',NULL,230,55),(13,NULL,NULL,'sale',NULL,'2019-07-12 07:21:52',NULL,231,51),(13,NULL,NULL,'sale',NULL,'2019-07-12 07:21:52',NULL,232,52),(13,NULL,NULL,'sale',NULL,'2019-07-12 07:21:52',NULL,233,53),(13,NULL,NULL,'sale',NULL,'2019-07-12 07:21:52',NULL,234,54),(13,NULL,NULL,'sale',NULL,'2019-07-12 07:21:52',NULL,235,55),(14,1,NULL,NULL,NULL,'2019-07-12 07:21:52',NULL,236,51),(14,2,NULL,NULL,NULL,'2019-07-12 07:21:52',NULL,237,52),(14,3,NULL,NULL,NULL,'2019-07-12 07:21:52',NULL,238,53),(14,4,NULL,NULL,NULL,'2019-07-12 07:21:52',NULL,239,54),(14,5,NULL,NULL,NULL,'2019-07-12 07:21:52',NULL,240,55),(15,NULL,NULL,'core',NULL,'2019-07-12 07:21:52',NULL,241,51),(15,NULL,NULL,'core',NULL,'2019-07-12 07:21:52',NULL,242,52),(15,NULL,NULL,'core',NULL,'2019-07-12 07:21:52',NULL,243,53),(15,NULL,NULL,'core',NULL,'2019-07-12 07:21:52',NULL,244,54),(15,NULL,NULL,'core',NULL,'2019-07-12 07:21:52',NULL,245,55),(40,NULL,NULL,'221',NULL,'2019-07-12 07:21:52',NULL,246,51),(40,NULL,NULL,'222',NULL,'2019-07-12 07:21:52',NULL,247,52),(40,NULL,NULL,'223',NULL,'2019-07-12 07:21:52',NULL,248,53),(40,NULL,NULL,'224',NULL,'2019-07-12 07:21:52',NULL,249,54),(40,NULL,NULL,'225',NULL,'2019-07-12 07:21:52',NULL,250,55),(10,NULL,NULL,'setting',NULL,'2019-07-12 07:21:52',NULL,251,71),(10,NULL,NULL,'users',NULL,'2019-07-12 07:21:52',NULL,252,72),(10,NULL,NULL,'localisation',NULL,'2019-07-12 07:21:52',NULL,253,73),(10,NULL,NULL,'data',NULL,'2019-07-12 07:21:52',NULL,254,74),(10,NULL,NULL,'updater',NULL,'2019-07-12 07:21:52',NULL,255,77),(10,NULL,NULL,'cache',NULL,'2019-07-12 07:21:52',NULL,256,78),(10,NULL,NULL,'messages',NULL,'2019-07-12 07:21:52',NULL,257,79),(10,NULL,NULL,'logs',NULL,'2019-07-12 07:21:52',NULL,258,80),(11,NULL,NULL,'text_setting',NULL,'2019-07-12 07:21:52',NULL,259,71),(11,NULL,NULL,'text_users',NULL,'2019-07-12 07:21:52',NULL,260,72),(11,NULL,NULL,'text_localisation',NULL,'2019-07-12 07:21:52',NULL,261,73),(11,NULL,NULL,'text_data',NULL,'2019-07-12 07:21:52',NULL,262,74),(11,NULL,NULL,'text_updater',NULL,'2019-07-12 07:21:52',NULL,263,77),(11,NULL,NULL,'text_cache',NULL,'2019-07-12 07:21:52',NULL,264,78),(11,NULL,NULL,'text_messages',NULL,'2019-07-12 07:21:52',NULL,265,79),(11,NULL,NULL,'text_logs',NULL,'2019-07-12 07:21:52',NULL,266,80),(12,NULL,NULL,'setting/setting',NULL,'2019-07-12 07:21:52',NULL,267,71),(12,NULL,NULL,'',NULL,'2019-07-12 07:21:52',NULL,268,72),(12,NULL,NULL,'',NULL,'2019-07-12 07:21:52',NULL,269,73),(12,NULL,NULL,'',NULL,'2019-07-12 07:21:52',NULL,270,74),(12,NULL,NULL,'tool/updater',NULL,'2019-07-12 07:21:52',NULL,271,77),(12,NULL,NULL,'tool/cache',NULL,'2019-07-12 07:21:52',NULL,272,78),(12,NULL,NULL,'tool/message_manager',NULL,'2019-07-12 07:21:52',NULL,273,79),(12,NULL,NULL,'',NULL,'2019-07-12 07:21:52',NULL,274,80),(13,NULL,NULL,'system',NULL,'2019-07-12 07:21:52',NULL,275,71),(13,NULL,NULL,'system',NULL,'2019-07-12 07:21:52',NULL,276,72),(13,NULL,NULL,'system',NULL,'2019-07-12 07:21:52',NULL,277,73),(13,NULL,NULL,'system',NULL,'2019-07-12 07:21:52',NULL,278,74),(13,NULL,NULL,'system',NULL,'2019-07-12 07:21:52',NULL,279,77),(13,NULL,NULL,'system',NULL,'2019-07-12 07:21:52',NULL,280,78),(13,NULL,NULL,'system',NULL,'2019-07-12 07:21:52',NULL,281,79),(13,NULL,NULL,'system',NULL,'2019-07-12 07:21:52',NULL,282,80),(14,1,NULL,NULL,NULL,'2019-07-12 07:21:52',NULL,283,71),(14,2,NULL,NULL,NULL,'2019-07-12 07:21:52',NULL,284,72),(14,3,NULL,NULL,NULL,'2019-07-12 07:21:52',NULL,285,73),(14,4,NULL,NULL,NULL,'2019-07-12 07:21:52',NULL,286,74),(14,7,NULL,NULL,NULL,'2019-07-12 07:21:52',NULL,287,77),(14,8,NULL,NULL,NULL,'2019-07-12 07:21:52',NULL,288,78),(14,9,NULL,NULL,NULL,'2019-07-12 07:21:52',NULL,289,79),(14,10,NULL,NULL,NULL,'2019-07-12 07:21:52',NULL,290,80),(15,NULL,NULL,'core',NULL,'2019-07-12 07:21:52',NULL,291,71),(15,NULL,NULL,'core',NULL,'2019-07-12 07:21:52',NULL,292,72),(15,NULL,NULL,'core',NULL,'2019-07-12 07:21:52',NULL,293,73),(15,NULL,NULL,'core',NULL,'2019-07-12 07:21:52',NULL,294,74),(15,NULL,NULL,'core',NULL,'2019-07-12 07:21:52',NULL,295,77),(15,NULL,NULL,'core',NULL,'2019-07-12 07:21:52',NULL,296,78),(15,NULL,NULL,'core',NULL,'2019-07-12 07:21:52',NULL,297,79),(15,NULL,NULL,'core',NULL,'2019-07-12 07:21:52',NULL,298,80),(40,NULL,NULL,'226',NULL,'2019-07-12 07:21:52',NULL,299,71),(40,NULL,NULL,'227',NULL,'2019-07-12 07:21:52',NULL,300,72),(40,NULL,NULL,'228',NULL,'2019-07-12 07:21:52',NULL,301,73),(40,NULL,NULL,'229',NULL,'2019-07-12 07:21:52',NULL,302,74),(40,NULL,NULL,'230',NULL,'2019-07-12 07:21:52',NULL,303,77),(40,NULL,NULL,'231',NULL,'2019-07-12 07:21:52',NULL,304,78),(40,NULL,NULL,'232',NULL,'2019-07-12 07:21:52',NULL,305,79),(40,NULL,NULL,'233',NULL,'2019-07-12 07:21:52',NULL,306,80),(10,NULL,NULL,'report_sale',NULL,'2019-07-12 07:21:52',NULL,307,91),(10,NULL,NULL,'report_customer',NULL,'2019-07-12 07:21:52',NULL,308,92),(10,NULL,NULL,'report_product',NULL,'2019-07-12 07:21:52',NULL,309,93),(10,NULL,NULL,'report_analytics',NULL,'2019-07-12 07:21:52',NULL,310,221),(10,NULL,NULL,'banner_manager_stat',NULL,'2019-07-12 07:21:52',NULL,311,94),(11,NULL,NULL,'text_report_sale',NULL,'2019-07-12 07:21:52',NULL,312,91),(11,NULL,NULL,'text_customer',NULL,'2019-07-12 07:21:52',NULL,313,92),(11,NULL,NULL,'text_product',NULL,'2019-07-12 07:21:52',NULL,314,93),(11,NULL,NULL,'text_analytics',NULL,'2019-07-12 07:21:52',NULL,315,221),(11,NULL,NULL,'banner_manager_name_stat',NULL,'2019-07-12 07:21:52',NULL,316,94),(12,NULL,NULL,'report/sale/orders',NULL,'2019-07-12 07:21:52',NULL,317,91),(12,NULL,NULL,'report/customer/online',NULL,'2019-07-12 07:21:52',NULL,318,92),(12,NULL,NULL,'',NULL,'2019-07-12 07:21:52',NULL,319,93),(12,NULL,NULL,'',NULL,'2019-07-12 07:21:52',NULL,320,221),(12,NULL,NULL,'extension/banner_manager_stat',NULL,'2019-07-12 07:21:52',NULL,321,94),(13,NULL,NULL,'reports',NULL,'2019-07-12 07:21:52',NULL,322,91),(13,NULL,NULL,'reports',NULL,'2019-07-12 07:21:52',NULL,323,92),(13,NULL,NULL,'reports',NULL,'2019-07-12 07:21:52',NULL,324,93),(13,NULL,NULL,'reports',NULL,'2019-07-12 07:21:52',NULL,325,221),(13,NULL,NULL,'reports',NULL,'2019-07-12 07:21:52',NULL,326,94),(14,1,NULL,NULL,NULL,'2019-07-12 07:21:52',NULL,327,91),(14,2,NULL,NULL,NULL,'2019-07-12 07:21:52',NULL,328,92),(14,3,NULL,NULL,NULL,'2019-07-12 07:21:52',NULL,329,93),(14,4,NULL,NULL,NULL,'2019-07-12 07:21:52',NULL,330,221),(14,5,NULL,NULL,NULL,'2019-07-12 07:21:52',NULL,331,94),(15,NULL,NULL,'core',NULL,'2019-07-12 07:21:52',NULL,332,91),(15,NULL,NULL,'core',NULL,'2019-07-12 07:21:52',NULL,333,92),(15,NULL,NULL,'core',NULL,'2019-07-12 07:21:52',NULL,334,93),(15,NULL,NULL,'core',NULL,'2019-07-12 07:21:52',NULL,335,221),(15,NULL,NULL,'extension',NULL,'2019-07-12 07:21:52',NULL,336,94),(40,NULL,NULL,'234',NULL,'2019-07-12 07:21:52',NULL,337,91),(40,NULL,NULL,'222',NULL,'2019-07-12 07:21:52',NULL,338,92),(40,NULL,NULL,'208',NULL,'2019-07-12 07:21:52',NULL,339,93),(40,NULL,NULL,'234',NULL,'2019-07-12 07:21:52',NULL,340,221),(40,NULL,NULL,'237',NULL,'2019-07-12 07:21:52',NULL,341,94),(10,NULL,NULL,'abantecart',NULL,'2019-07-12 07:21:52',NULL,342,111),(10,NULL,NULL,'documentation',NULL,'2019-07-12 07:21:52',NULL,343,112),(10,NULL,NULL,'support',NULL,'2019-07-12 07:21:52',NULL,344,113),(10,NULL,NULL,'marketplace',NULL,'2019-07-12 07:21:52',NULL,345,114),(11,NULL,NULL,'text_abantecart',NULL,'2019-07-12 07:21:52',NULL,346,111),(11,NULL,NULL,'text_documentation',NULL,'2019-07-12 07:21:52',NULL,347,112),(11,NULL,NULL,'text_support',NULL,'2019-07-12 07:21:52',NULL,348,113),(11,NULL,NULL,'text_extensions_store',NULL,'2019-07-12 07:21:52',NULL,349,114),(12,NULL,NULL,'window.open(\'http://www.abantecart.com\');',NULL,'2019-07-12 07:21:52',NULL,350,111),(12,NULL,NULL,'window.open(\'http://docs.abantecart.com\');',NULL,'2019-07-12 07:21:52',NULL,351,112),(12,NULL,NULL,'window.open(\'http://forum.abantecart.com\');',NULL,'2019-07-12 07:21:52',NULL,352,113),(12,NULL,NULL,'window.open(\'http://marketplace.abantecart.com\');',NULL,'2019-07-12 07:21:52',NULL,353,114),(13,NULL,NULL,'help',NULL,'2019-07-12 07:21:52',NULL,354,111),(13,NULL,NULL,'help',NULL,'2019-07-12 07:21:52',NULL,355,112),(13,NULL,NULL,'help',NULL,'2019-07-12 07:21:52',NULL,356,113),(13,NULL,NULL,'help',NULL,'2019-07-12 07:21:52',NULL,357,114),(14,1,NULL,NULL,NULL,'2019-07-12 07:21:52',NULL,358,111),(14,2,NULL,NULL,NULL,'2019-07-12 07:21:52',NULL,359,112),(14,3,NULL,NULL,NULL,'2019-07-12 07:21:52',NULL,360,113),(14,4,NULL,NULL,NULL,'2019-07-12 07:21:52',NULL,361,114),(15,NULL,NULL,'core',NULL,'2019-07-12 07:21:52',NULL,362,111),(15,NULL,NULL,'core',NULL,'2019-07-12 07:21:52',NULL,363,112),(15,NULL,NULL,'core',NULL,'2019-07-12 07:21:52',NULL,364,113),(15,NULL,NULL,'core',NULL,'2019-07-12 07:21:52',NULL,365,114),(40,NULL,NULL,'238',NULL,'2019-07-12 07:21:52',NULL,366,111),(40,NULL,NULL,'239',NULL,'2019-07-12 07:21:52',NULL,367,112),(40,NULL,NULL,'240',NULL,'2019-07-12 07:21:52',NULL,368,113),(40,NULL,NULL,'203',NULL,'2019-07-12 07:21:52',NULL,369,114),(10,NULL,NULL,'template',NULL,'2019-07-12 07:21:52',NULL,370,131),(10,NULL,NULL,'layout',NULL,'2019-07-12 07:21:52',NULL,371,132),(10,NULL,NULL,'blocks',NULL,'2019-07-12 07:21:52',NULL,372,133),(10,NULL,NULL,'menu',NULL,'2019-07-12 07:21:52',NULL,373,134),(10,NULL,NULL,'content',NULL,'2019-07-12 07:21:52',NULL,374,135),(10,NULL,NULL,'banner_manager',NULL,'2019-07-12 07:21:52',NULL,375,136),(10,NULL,NULL,'forms_manager',NULL,'2019-07-12 07:21:52',NULL,376,200),(11,NULL,NULL,'text_templates',NULL,'2019-07-12 07:21:52',NULL,377,131),(11,NULL,NULL,'text_layout',NULL,'2019-07-12 07:21:52',NULL,378,132),(11,NULL,NULL,'text_blocks',NULL,'2019-07-12 07:21:52',NULL,379,133),(11,NULL,NULL,'text_menu',NULL,'2019-07-12 07:21:52',NULL,380,134),(11,NULL,NULL,'text_content',NULL,'2019-07-12 07:21:52',NULL,381,135),(11,NULL,NULL,'banner_manager_name',NULL,'2019-07-12 07:21:52',NULL,382,136),(11,NULL,NULL,'forms_manager_name',NULL,'2019-07-12 07:21:52',NULL,383,200),(12,NULL,NULL,'design/template',NULL,'2019-07-12 07:21:52',NULL,384,131),(12,NULL,NULL,'design/layout',NULL,'2019-07-12 07:21:52',NULL,385,132),(12,NULL,NULL,'design/blocks',NULL,'2019-07-12 07:21:52',NULL,386,133),(12,NULL,NULL,'design/menu',NULL,'2019-07-12 07:21:52',NULL,387,134),(12,NULL,NULL,'design/content',NULL,'2019-07-12 07:21:52',NULL,388,135),(12,NULL,NULL,'extension/banner_manager',NULL,'2019-07-12 07:21:52',NULL,389,136),(12,NULL,NULL,'tool/forms_manager',NULL,'2019-07-12 07:21:52',NULL,390,200),(13,NULL,NULL,'design',NULL,'2019-07-12 07:21:52',NULL,391,131),(13,NULL,NULL,'design',NULL,'2019-07-12 07:21:52',NULL,392,132),(13,NULL,NULL,'design',NULL,'2019-07-12 07:21:52',NULL,393,133),(13,NULL,NULL,'design',NULL,'2019-07-12 07:21:52',NULL,394,134),(13,NULL,NULL,'design',NULL,'2019-07-12 07:21:52',NULL,395,135),(13,NULL,NULL,'design',NULL,'2019-07-12 07:21:52',NULL,396,136),(13,NULL,NULL,'design',NULL,'2019-07-12 07:21:52',NULL,397,200),(14,1,NULL,NULL,NULL,'2019-07-12 07:21:52',NULL,398,131),(14,2,NULL,NULL,NULL,'2019-07-12 07:21:52',NULL,399,132),(14,3,NULL,NULL,NULL,'2019-07-12 07:21:52',NULL,400,133),(14,4,NULL,NULL,NULL,'2019-07-12 07:21:52',NULL,401,134),(14,5,NULL,NULL,NULL,'2019-07-12 07:21:52',NULL,402,135),(14,6,NULL,NULL,NULL,'2019-07-12 07:21:52',NULL,403,136),(14,7,NULL,NULL,NULL,'2019-07-12 07:21:52',NULL,404,200),(15,NULL,NULL,'core',NULL,'2019-07-12 07:21:52',NULL,405,131),(15,NULL,NULL,'core',NULL,'2019-07-12 07:21:52',NULL,406,132),(15,NULL,NULL,'core',NULL,'2019-07-12 07:21:52',NULL,407,133),(15,NULL,NULL,'core',NULL,'2019-07-12 07:21:52',NULL,408,134),(15,NULL,NULL,'core',NULL,'2019-07-12 07:21:52',NULL,409,135),(15,NULL,NULL,'extension',NULL,'2019-07-12 07:21:52',NULL,410,136),(15,NULL,NULL,'extension',NULL,'2019-07-12 07:21:52',NULL,411,200),(40,NULL,NULL,'241',NULL,'2019-07-12 07:21:52',NULL,412,131),(40,NULL,NULL,'242',NULL,'2019-07-12 07:21:52',NULL,413,132),(40,NULL,NULL,'243',NULL,'2019-07-12 07:21:52',NULL,414,133),(40,NULL,NULL,'244',NULL,'2019-07-12 07:21:52',NULL,415,134),(40,NULL,NULL,'245',NULL,'2019-07-12 07:21:52',NULL,416,135),(40,NULL,NULL,'246',NULL,'2019-07-12 07:21:52',NULL,417,136),(40,NULL,NULL,'248',NULL,'2019-07-12 07:21:52',NULL,418,200),(10,NULL,NULL,'all_settings',NULL,'2019-07-12 07:21:52',NULL,419,191),(10,NULL,NULL,'settings_details',NULL,'2019-07-12 07:21:52',NULL,420,192),(10,NULL,NULL,'settings_general',NULL,'2019-07-12 07:21:52',NULL,421,193),(10,NULL,NULL,'settings_checkout',NULL,'2019-07-12 07:21:52',NULL,422,194),(10,NULL,NULL,'settings_appearance',NULL,'2019-07-12 07:21:52',NULL,423,195),(10,NULL,NULL,'settings_mail',NULL,'2019-07-12 07:21:52',NULL,424,196),(10,NULL,NULL,'settings_im',NULL,'2019-07-12 07:21:52',NULL,425,219),(10,NULL,NULL,'settings_api',NULL,'2019-07-12 07:21:52',NULL,426,197),(10,NULL,NULL,'settings_system',NULL,'2019-07-12 07:21:52',NULL,427,198),(10,NULL,NULL,'settings_newstore',NULL,'2019-07-12 07:21:52',NULL,428,199),(11,NULL,NULL,'text_all_settings',NULL,'2019-07-12 07:21:52',NULL,429,191),(11,NULL,NULL,'text_settings_details',NULL,'2019-07-12 07:21:52',NULL,430,192),(11,NULL,NULL,'text_settings_general',NULL,'2019-07-12 07:21:52',NULL,431,193),(11,NULL,NULL,'text_settings_checkout',NULL,'2019-07-12 07:21:52',NULL,432,194),(11,NULL,NULL,'text_settings_appearance',NULL,'2019-07-12 07:21:52',NULL,433,195),(11,NULL,NULL,'text_settings_mail',NULL,'2019-07-12 07:21:52',NULL,434,196),(11,NULL,NULL,'text_settings_im',NULL,'2019-07-12 07:21:52',NULL,435,219),(11,NULL,NULL,'text_settings_api',NULL,'2019-07-12 07:21:52',NULL,436,197),(11,NULL,NULL,'text_settings_system',NULL,'2019-07-12 07:21:52',NULL,437,198),(11,NULL,NULL,'text_settings_newstore',NULL,'2019-07-12 07:21:52',NULL,438,199),(12,NULL,NULL,'setting/setting/all',NULL,'2019-07-12 07:21:52',NULL,439,191),(12,NULL,NULL,'setting/setting/details',NULL,'2019-07-12 07:21:52',NULL,440,192),(12,NULL,NULL,'setting/setting/general',NULL,'2019-07-12 07:21:52',NULL,441,193),(12,NULL,NULL,'setting/setting/checkout',NULL,'2019-07-12 07:21:52',NULL,442,194),(12,NULL,NULL,'setting/setting/appearance',NULL,'2019-07-12 07:21:52',NULL,443,195),(12,NULL,NULL,'setting/setting/mail',NULL,'2019-07-12 07:21:52',NULL,444,196),(12,NULL,NULL,'setting/setting/im',NULL,'2019-07-12 07:21:52',NULL,445,219),(12,NULL,NULL,'setting/setting/api',NULL,'2019-07-12 07:21:52',NULL,446,197),(12,NULL,NULL,'setting/setting/system',NULL,'2019-07-12 07:21:52',NULL,447,198),(12,NULL,NULL,'setting/store/insert',NULL,'2019-07-12 07:21:52',NULL,448,199),(13,NULL,NULL,'setting',NULL,'2019-07-12 07:21:52',NULL,449,191),(13,NULL,NULL,'setting',NULL,'2019-07-12 07:21:52',NULL,450,192),(13,NULL,NULL,'setting',NULL,'2019-07-12 07:21:52',NULL,451,193),(13,NULL,NULL,'setting',NULL,'2019-07-12 07:21:52',NULL,452,194),(13,NULL,NULL,'setting',NULL,'2019-07-12 07:21:52',NULL,453,195),(13,NULL,NULL,'setting',NULL,'2019-07-12 07:21:52',NULL,454,196),(13,NULL,NULL,'setting',NULL,'2019-07-12 07:21:52',NULL,455,219),(13,NULL,NULL,'setting',NULL,'2019-07-12 07:21:52',NULL,456,197),(13,NULL,NULL,'setting',NULL,'2019-07-12 07:21:52',NULL,457,198),(13,NULL,NULL,'setting',NULL,'2019-07-12 07:21:52',NULL,458,199),(14,1,NULL,NULL,NULL,'2019-07-12 07:21:52',NULL,459,191),(14,2,NULL,NULL,NULL,'2019-07-12 07:21:52',NULL,460,192),(14,3,NULL,NULL,NULL,'2019-07-12 07:21:52',NULL,461,193),(14,4,NULL,NULL,NULL,'2019-07-12 07:21:52',NULL,462,194),(14,5,NULL,NULL,NULL,'2019-07-12 07:21:52',NULL,463,195),(14,6,NULL,NULL,NULL,'2019-07-12 07:21:52',NULL,464,196),(14,7,NULL,NULL,NULL,'2019-07-12 07:21:52',NULL,465,219),(14,8,NULL,NULL,NULL,'2019-07-12 07:21:52',NULL,466,197),(14,9,NULL,NULL,NULL,'2019-07-12 07:21:52',NULL,467,198),(14,10,NULL,NULL,NULL,'2019-07-12 07:21:52',NULL,468,199),(15,NULL,NULL,'core',NULL,'2019-07-12 07:21:52',NULL,469,191),(15,NULL,NULL,'core',NULL,'2019-07-12 07:21:52',NULL,470,192),(15,NULL,NULL,'core',NULL,'2019-07-12 07:21:52',NULL,471,193),(15,NULL,NULL,'core',NULL,'2019-07-12 07:21:52',NULL,472,194),(15,NULL,NULL,'core',NULL,'2019-07-12 07:21:52',NULL,473,195),(15,NULL,NULL,'core',NULL,'2019-07-12 07:21:52',NULL,474,196),(15,NULL,NULL,'core',NULL,'2019-07-12 07:21:52',NULL,475,219),(15,NULL,NULL,'core',NULL,'2019-07-12 07:21:52',NULL,476,197),(15,NULL,NULL,'core',NULL,'2019-07-12 07:21:52',NULL,477,198),(15,NULL,NULL,'core',NULL,'2019-07-12 07:21:52',NULL,478,199),(40,NULL,NULL,'247',NULL,'2019-07-12 07:21:52',NULL,479,191),(40,NULL,NULL,'248',NULL,'2019-07-12 07:21:52',NULL,480,192),(40,NULL,NULL,'249',NULL,'2019-07-12 07:21:52',NULL,481,193),(40,NULL,NULL,'250',NULL,'2019-07-12 07:21:52',NULL,482,194),(40,NULL,NULL,'251',NULL,'2019-07-12 07:21:52',NULL,483,195),(40,NULL,NULL,'252',NULL,'2019-07-12 07:21:52',NULL,484,196),(40,NULL,NULL,'276',NULL,'2019-07-12 07:21:52',NULL,485,219),(40,NULL,NULL,'253',NULL,'2019-07-12 07:21:52',NULL,486,197),(40,NULL,NULL,'254',NULL,'2019-07-12 07:21:52',NULL,487,198),(40,NULL,NULL,'255',NULL,'2019-07-12 07:21:52',NULL,488,199),(10,NULL,NULL,'user',NULL,'2019-07-12 07:21:52',NULL,489,151),(10,NULL,NULL,'permission',NULL,'2019-07-12 07:21:52',NULL,490,152),(11,NULL,NULL,'text_user',NULL,'2019-07-12 07:21:52',NULL,491,151),(11,NULL,NULL,'text_user_group',NULL,'2019-07-12 07:21:52',NULL,492,152),(12,NULL,NULL,'user/user',NULL,'2019-07-12 07:21:52',NULL,493,151),(12,NULL,NULL,'user/user_permission',NULL,'2019-07-12 07:21:52',NULL,494,152),(13,NULL,NULL,'users',NULL,'2019-07-12 07:21:52',NULL,495,151),(13,NULL,NULL,'users',NULL,'2019-07-12 07:21:52',NULL,496,152),(14,1,NULL,NULL,NULL,'2019-07-12 07:21:52',NULL,497,151),(14,2,NULL,NULL,NULL,'2019-07-12 07:21:52',NULL,498,152),(15,NULL,NULL,'core',NULL,'2019-07-12 07:21:52',NULL,499,151),(15,NULL,NULL,'core',NULL,'2019-07-12 07:21:52',NULL,500,152),(40,NULL,NULL,'256',NULL,'2019-07-12 07:21:52',NULL,501,151),(40,NULL,NULL,'257',NULL,'2019-07-12 07:21:52',NULL,502,152),(10,NULL,NULL,'language',NULL,'2019-07-12 07:21:52',NULL,503,171),(10,NULL,NULL,'language_definitions',NULL,'2019-07-12 07:21:52',NULL,504,172),(10,NULL,NULL,'currency',NULL,'2019-07-12 07:21:52',NULL,505,173),(10,NULL,NULL,'stockstatus',NULL,'2019-07-12 07:21:52',NULL,506,174),(10,NULL,NULL,'orderstatus',NULL,'2019-07-12 07:21:52',NULL,507,175),(10,NULL,NULL,'country',NULL,'2019-07-12 07:21:52',NULL,508,176),(10,NULL,NULL,'zone',NULL,'2019-07-12 07:21:52',NULL,509,177),(10,NULL,NULL,'location',NULL,'2019-07-12 07:21:52',NULL,510,178),(10,NULL,NULL,'taxclass',NULL,'2019-07-12 07:21:52',NULL,511,179),(10,NULL,NULL,'lengthclass',NULL,'2019-07-12 07:21:52',NULL,512,180),(10,NULL,NULL,'weightclass',NULL,'2019-07-12 07:21:52',NULL,513,181),(11,NULL,NULL,'text_language',NULL,'2019-07-12 07:21:52',NULL,514,171),(11,NULL,NULL,'text_language_definitions',NULL,'2019-07-12 07:21:52',NULL,515,172),(11,NULL,NULL,'text_currency',NULL,'2019-07-12 07:21:52',NULL,516,173),(11,NULL,NULL,'text_stock_status',NULL,'2019-07-12 07:21:52',NULL,517,174),(11,NULL,NULL,'text_order_status',NULL,'2019-07-12 07:21:52',NULL,518,175),(11,NULL,NULL,'text_country',NULL,'2019-07-12 07:21:52',NULL,519,176),(11,NULL,NULL,'text_zone',NULL,'2019-07-12 07:21:52',NULL,520,177),(11,NULL,NULL,'text_location',NULL,'2019-07-12 07:21:52',NULL,521,178),(11,NULL,NULL,'text_tax_class',NULL,'2019-07-12 07:21:52',NULL,522,179),(11,NULL,NULL,'text_length_class',NULL,'2019-07-12 07:21:52',NULL,523,180),(11,NULL,NULL,'text_weight_class',NULL,'2019-07-12 07:21:52',NULL,524,181),(12,NULL,NULL,'localisation/language',NULL,'2019-07-12 07:21:52',NULL,525,171),(12,NULL,NULL,'localisation/language_definitions',NULL,'2019-07-12 07:21:52',NULL,526,172),(12,NULL,NULL,'localisation/currency',NULL,'2019-07-12 07:21:52',NULL,527,173),(12,NULL,NULL,'localisation/stock_status',NULL,'2019-07-12 07:21:52',NULL,528,174),(12,NULL,NULL,'localisation/order_status',NULL,'2019-07-12 07:21:52',NULL,529,175),(12,NULL,NULL,'localisation/country',NULL,'2019-07-12 07:21:52',NULL,530,176),(12,NULL,NULL,'localisation/zone',NULL,'2019-07-12 07:21:52',NULL,531,177),(12,NULL,NULL,'localisation/location',NULL,'2019-07-12 07:21:52',NULL,532,178),(12,NULL,NULL,'localisation/tax_class',NULL,'2019-07-12 07:21:52',NULL,533,179),(12,NULL,NULL,'localisation/length_class',NULL,'2019-07-12 07:21:52',NULL,534,180),(12,NULL,NULL,'localisation/weight_class',NULL,'2019-07-12 07:21:52',NULL,535,181),(13,NULL,NULL,'localisation',NULL,'2019-07-12 07:21:52',NULL,536,171),(13,NULL,NULL,'localisation',NULL,'2019-07-12 07:21:52',NULL,537,172),(13,NULL,NULL,'localisation',NULL,'2019-07-12 07:21:52',NULL,538,173),(13,NULL,NULL,'localisation',NULL,'2019-07-12 07:21:52',NULL,539,174),(13,NULL,NULL,'localisation',NULL,'2019-07-12 07:21:52',NULL,540,175),(13,NULL,NULL,'localisation',NULL,'2019-07-12 07:21:52',NULL,541,176),(13,NULL,NULL,'localisation',NULL,'2019-07-12 07:21:52',NULL,542,177),(13,NULL,NULL,'localisation',NULL,'2019-07-12 07:21:52',NULL,543,178),(13,NULL,NULL,'localisation',NULL,'2019-07-12 07:21:52',NULL,544,179),(13,NULL,NULL,'localisation',NULL,'2019-07-12 07:21:52',NULL,545,180),(13,NULL,NULL,'localisation',NULL,'2019-07-12 07:21:52',NULL,546,181),(14,1,NULL,NULL,NULL,'2019-07-12 07:21:52',NULL,547,171),(14,2,NULL,NULL,NULL,'2019-07-12 07:21:52',NULL,548,172),(14,3,NULL,NULL,NULL,'2019-07-12 07:21:52',NULL,549,173),(14,4,NULL,NULL,NULL,'2019-07-12 07:21:52',NULL,550,174),(14,5,NULL,NULL,NULL,'2019-07-12 07:21:52',NULL,551,175),(14,6,NULL,NULL,NULL,'2019-07-12 07:21:52',NULL,552,176),(14,7,NULL,NULL,NULL,'2019-07-12 07:21:52',NULL,553,177),(14,8,NULL,NULL,NULL,'2019-07-12 07:21:52',NULL,554,178),(14,9,NULL,NULL,NULL,'2019-07-12 07:21:52',NULL,555,179),(14,10,NULL,NULL,NULL,'2019-07-12 07:21:52',NULL,556,180),(14,11,NULL,NULL,NULL,'2019-07-12 07:21:52',NULL,557,181),(15,NULL,NULL,'core',NULL,'2019-07-12 07:21:52',NULL,558,171),(15,NULL,NULL,'core',NULL,'2019-07-12 07:21:52',NULL,559,172),(15,NULL,NULL,'core',NULL,'2019-07-12 07:21:52',NULL,560,173),(15,NULL,NULL,'core',NULL,'2019-07-12 07:21:52',NULL,561,174),(15,NULL,NULL,'core',NULL,'2019-07-12 07:21:52',NULL,562,175),(15,NULL,NULL,'core',NULL,'2019-07-12 07:21:52',NULL,563,176),(15,NULL,NULL,'core',NULL,'2019-07-12 07:21:52',NULL,564,177),(15,NULL,NULL,'core',NULL,'2019-07-12 07:21:52',NULL,565,178),(15,NULL,NULL,'core',NULL,'2019-07-12 07:21:52',NULL,566,179),(15,NULL,NULL,'core',NULL,'2019-07-12 07:21:52',NULL,567,180),(15,NULL,NULL,'core',NULL,'2019-07-12 07:21:52',NULL,568,181),(40,NULL,NULL,'258',NULL,'2019-07-12 07:21:52',NULL,569,171),(40,NULL,NULL,'259',NULL,'2019-07-12 07:21:52',NULL,570,172),(40,NULL,NULL,'260',NULL,'2019-07-12 07:21:52',NULL,571,173),(40,NULL,NULL,'261',NULL,'2019-07-12 07:21:52',NULL,572,174),(40,NULL,NULL,'262',NULL,'2019-07-12 07:21:52',NULL,573,175),(40,NULL,NULL,'263',NULL,'2019-07-12 07:21:52',NULL,574,176),(40,NULL,NULL,'264',NULL,'2019-07-12 07:21:52',NULL,575,177),(40,NULL,NULL,'265',NULL,'2019-07-12 07:21:52',NULL,576,178),(40,NULL,NULL,'266',NULL,'2019-07-12 07:21:52',NULL,577,179),(40,NULL,NULL,'267',NULL,'2019-07-12 07:21:52',NULL,578,180),(40,NULL,NULL,'268',NULL,'2019-07-12 07:21:52',NULL,579,181),(10,NULL,NULL,'backup',NULL,'2019-07-12 07:21:52',NULL,580,183),(10,NULL,NULL,'migrate',NULL,'2019-07-12 07:21:52',NULL,581,184),(10,NULL,NULL,'datasets',NULL,'2019-07-12 07:21:52',NULL,582,185),(10,NULL,NULL,'import_export',NULL,'2019-07-12 07:21:52',NULL,583,182),(10,NULL,NULL,'file_uploads',NULL,'2019-07-12 07:21:52',NULL,584,188),(11,NULL,NULL,'text_backup',NULL,'2019-07-12 07:21:52',NULL,585,183),(11,NULL,NULL,'text_migrate',NULL,'2019-07-12 07:21:52',NULL,586,184),(11,NULL,NULL,'text_datasets_manager',NULL,'2019-07-12 07:21:52',NULL,587,185),(11,NULL,NULL,'text_import_export',NULL,'2019-07-12 07:21:52',NULL,588,182),(11,NULL,NULL,'text_file_uploads',NULL,'2019-07-12 07:21:52',NULL,589,188),(12,NULL,NULL,'tool/backup',NULL,'2019-07-12 07:21:52',NULL,590,183),(12,NULL,NULL,'tool/migration/step_one',NULL,'2019-07-12 07:21:52',NULL,591,184),(12,NULL,NULL,'tool/datasets_manager',NULL,'2019-07-12 07:21:52',NULL,592,185),(12,NULL,NULL,'tool/import_export',NULL,'2019-07-12 07:21:52',NULL,593,182),(12,NULL,NULL,'tool/files',NULL,'2019-07-12 07:21:52',NULL,594,188),(13,NULL,NULL,'data',NULL,'2019-07-12 07:21:52',NULL,595,183),(13,NULL,NULL,'data',NULL,'2019-07-12 07:21:52',NULL,596,184),(13,NULL,NULL,'data',NULL,'2019-07-12 07:21:52',NULL,597,185),(13,NULL,NULL,'data',NULL,'2019-07-12 07:21:52',NULL,598,182),(13,NULL,NULL,'data',NULL,'2019-07-12 07:21:52',NULL,599,188),(14,1,NULL,NULL,NULL,'2019-07-12 07:21:52',NULL,600,183),(14,2,NULL,NULL,NULL,'2019-07-12 07:21:52',NULL,601,184),(14,3,NULL,NULL,NULL,'2019-07-12 07:21:52',NULL,602,185),(14,4,NULL,NULL,NULL,'2019-07-12 07:21:52',NULL,603,182),(14,5,NULL,NULL,NULL,'2019-07-12 07:21:52',NULL,604,188),(15,NULL,NULL,'core',NULL,'2019-07-12 07:21:52',NULL,605,183),(15,NULL,NULL,'core',NULL,'2019-07-12 07:21:52',NULL,606,184),(15,NULL,NULL,'core',NULL,'2019-07-12 07:21:52',NULL,607,185),(15,NULL,NULL,'core',NULL,'2019-07-12 07:21:52',NULL,608,182),(15,NULL,NULL,'core',NULL,'2019-07-12 07:21:52',NULL,609,188),(40,NULL,NULL,'269',NULL,'2019-07-12 07:21:52',NULL,610,183),(40,NULL,NULL,'270',NULL,'2019-07-12 07:21:52',NULL,611,184),(40,NULL,NULL,'271',NULL,'2019-07-12 07:21:52',NULL,612,185),(40,NULL,NULL,'272',NULL,'2019-07-12 07:21:52',NULL,613,182),(40,NULL,NULL,'273',NULL,'2019-07-12 07:21:52',NULL,614,188),(10,NULL,NULL,'installlog',NULL,'2019-07-12 07:21:52',NULL,615,186),(10,NULL,NULL,'error_log',NULL,'2019-07-12 07:21:52',NULL,616,187),(10,NULL,NULL,'task',NULL,'2019-07-12 07:21:52',NULL,617,189),(11,NULL,NULL,'text_install_upgrade_history',NULL,'2019-07-12 07:21:52',NULL,618,186),(11,NULL,NULL,'text_error_log',NULL,'2019-07-12 07:21:52',NULL,619,187),(11,NULL,NULL,'text_tasks',NULL,'2019-07-12 07:21:52',NULL,620,189),(12,NULL,NULL,'tool/install_upgrade_history',NULL,'2019-07-12 07:21:52',NULL,621,186),(12,NULL,NULL,'tool/error_log',NULL,'2019-07-12 07:21:52',NULL,622,187),(12,NULL,NULL,'tool/task',NULL,'2019-07-12 07:21:52',NULL,623,189),(13,NULL,NULL,'logs',NULL,'2019-07-12 07:21:52',NULL,624,186),(13,NULL,NULL,'logs',NULL,'2019-07-12 07:21:52',NULL,625,187),(13,NULL,NULL,'logs',NULL,'2019-07-12 07:21:52',NULL,626,189),(14,1,NULL,NULL,NULL,'2019-07-12 07:21:52',NULL,627,186),(14,2,NULL,NULL,NULL,'2019-07-12 07:21:52',NULL,628,187),(14,3,NULL,NULL,NULL,'2019-07-12 07:21:52',NULL,629,189),(15,NULL,NULL,'core',NULL,'2019-07-12 07:21:52',NULL,630,186),(15,NULL,NULL,'core',NULL,'2019-07-12 07:21:52',NULL,631,187),(15,NULL,NULL,'core',NULL,'2019-07-12 07:21:52',NULL,632,189),(40,NULL,NULL,'274',NULL,'2019-07-12 07:21:52',NULL,633,186),(40,NULL,NULL,'275',NULL,'2019-07-12 07:21:52',NULL,634,187),(40,NULL,NULL,'254',NULL,'2019-07-12 07:21:52',NULL,635,189),(10,NULL,NULL,'report_sale_orders',NULL,'2019-07-12 07:21:52',NULL,636,210),(10,NULL,NULL,'report_sale_tax',NULL,'2019-07-12 07:21:52',NULL,637,211),(10,NULL,NULL,'report_sale_shipping',NULL,'2019-07-12 07:21:52',NULL,638,212),(10,NULL,NULL,'report_sale_coupon',NULL,'2019-07-12 07:21:52',NULL,639,213),(11,NULL,NULL,'text_order',NULL,'2019-07-12 07:21:52',NULL,640,210),(11,NULL,NULL,'text_tax',NULL,'2019-07-12 07:21:52',NULL,641,211),(11,NULL,NULL,'text_shipping',NULL,'2019-07-12 07:21:52',NULL,642,212),(11,NULL,NULL,'text_discount',NULL,'2019-07-12 07:21:52',NULL,643,213),(12,NULL,NULL,'report/sale/orders',NULL,'2019-07-12 07:21:52',NULL,644,210),(12,NULL,NULL,'report/sale/taxes',NULL,'2019-07-12 07:21:52',NULL,645,211),(12,NULL,NULL,'report/sale/shipping',NULL,'2019-07-12 07:21:52',NULL,646,212),(12,NULL,NULL,'report/sale/coupons',NULL,'2019-07-12 07:21:52',NULL,647,213),(13,NULL,NULL,'report_sale',NULL,'2019-07-12 07:21:52',NULL,648,210),(13,NULL,NULL,'report_sale',NULL,'2019-07-12 07:21:52',NULL,649,211),(13,NULL,NULL,'report_sale',NULL,'2019-07-12 07:21:52',NULL,650,212),(13,NULL,NULL,'report_sale',NULL,'2019-07-12 07:21:52',NULL,651,213),(14,1,NULL,NULL,NULL,'2019-07-12 07:21:52',NULL,652,210),(14,2,NULL,NULL,NULL,'2019-07-12 07:21:52',NULL,653,211),(14,3,NULL,NULL,NULL,'2019-07-12 07:21:52',NULL,654,212),(14,4,NULL,NULL,NULL,'2019-07-12 07:21:52',NULL,655,213),(15,NULL,NULL,'core',NULL,'2019-07-12 07:21:52',NULL,656,210),(15,NULL,NULL,'core',NULL,'2019-07-12 07:21:52',NULL,657,211),(15,NULL,NULL,'core',NULL,'2019-07-12 07:21:52',NULL,658,212),(15,NULL,NULL,'core',NULL,'2019-07-12 07:21:52',NULL,659,213),(40,NULL,NULL,'221',NULL,'2019-07-12 07:21:52',NULL,660,210),(40,NULL,NULL,'266',NULL,'2019-07-12 07:21:52',NULL,661,211),(40,NULL,NULL,'214',NULL,'2019-07-12 07:21:52',NULL,662,212),(40,NULL,NULL,'224',NULL,'2019-07-12 07:21:52',NULL,663,213),(10,NULL,NULL,'report_customer_online',NULL,'2019-07-12 07:21:52',NULL,664,214),(10,NULL,NULL,'report_customer_order',NULL,'2019-07-12 07:21:52',NULL,665,215),(10,NULL,NULL,'report_customer_transactions',NULL,'2019-07-12 07:21:52',NULL,666,216),(11,NULL,NULL,'text_online',NULL,'2019-07-12 07:21:52',NULL,667,214),(11,NULL,NULL,'text_order',NULL,'2019-07-12 07:21:52',NULL,668,215),(11,NULL,NULL,'text_transactions',NULL,'2019-07-12 07:21:52',NULL,669,216),(12,NULL,NULL,'report/customer/online',NULL,'2019-07-12 07:21:52',NULL,670,214),(12,NULL,NULL,'report/customer/orders',NULL,'2019-07-12 07:21:52',NULL,671,215),(12,NULL,NULL,'report/customer/transactions',NULL,'2019-07-12 07:21:52',NULL,672,216),(13,NULL,NULL,'report_customer',NULL,'2019-07-12 07:21:52',NULL,673,214),(13,NULL,NULL,'report_customer',NULL,'2019-07-12 07:21:52',NULL,674,215),(13,NULL,NULL,'report_customer',NULL,'2019-07-12 07:21:52',NULL,675,216),(14,1,NULL,NULL,NULL,'2019-07-12 07:21:52',NULL,676,214),(14,2,NULL,NULL,NULL,'2019-07-12 07:21:52',NULL,677,215),(14,3,NULL,NULL,NULL,'2019-07-12 07:21:52',NULL,678,216),(15,NULL,NULL,'core',NULL,'2019-07-12 07:21:52',NULL,679,214),(15,NULL,NULL,'core',NULL,'2019-07-12 07:21:52',NULL,680,215),(15,NULL,NULL,'core',NULL,'2019-07-12 07:21:52',NULL,681,216),(40,NULL,NULL,'222',NULL,'2019-07-12 07:21:52',NULL,682,214),(40,NULL,NULL,'221',NULL,'2019-07-12 07:21:52',NULL,683,215),(40,NULL,NULL,'260',NULL,'2019-07-12 07:21:52',NULL,684,216),(10,NULL,NULL,'report_product_viewed',NULL,'2019-07-12 07:21:52',NULL,685,217),(10,NULL,NULL,'report_product_purchased',NULL,'2019-07-12 07:21:52',NULL,686,218),(11,NULL,NULL,'text_report_viewed',NULL,'2019-07-12 07:21:52',NULL,687,217),(11,NULL,NULL,'text_report_purchased',NULL,'2019-07-12 07:21:52',NULL,688,218),(12,NULL,NULL,'report/viewed',NULL,'2019-07-12 07:21:52',NULL,689,217),(12,NULL,NULL,'report/purchased',NULL,'2019-07-12 07:21:52',NULL,690,218),(13,NULL,NULL,'report_product',NULL,'2019-07-12 07:21:52',NULL,691,217),(13,NULL,NULL,'report_product',NULL,'2019-07-12 07:21:52',NULL,692,218),(14,1,NULL,NULL,NULL,'2019-07-12 07:21:52',NULL,693,217),(14,2,NULL,NULL,NULL,'2019-07-12 07:21:52',NULL,694,218),(15,NULL,NULL,'core',NULL,'2019-07-12 07:21:52',NULL,695,217),(15,NULL,NULL,'core',NULL,'2019-07-12 07:21:52',NULL,696,218),(40,NULL,NULL,'235',NULL,'2019-07-12 07:21:52',NULL,697,217),(40,NULL,NULL,'236',NULL,'2019-07-12 07:21:52',NULL,698,218),(10,NULL,NULL,'neowize_insights',NULL,'2019-07-12 07:21:52',NULL,699,222),(11,NULL,NULL,'neowize_insights_name',NULL,'2019-07-12 07:21:52',NULL,700,222),(12,NULL,NULL,'neowize/dashboard',NULL,'2019-07-12 07:21:52',NULL,701,222),(13,NULL,NULL,'report_analytics',NULL,'2019-07-12 07:21:52',NULL,702,222),(14,2,NULL,NULL,NULL,'2019-07-12 07:21:52',NULL,703,222),(15,NULL,NULL,'extension',NULL,'2019-07-12 07:21:52',NULL,704,222),(40,NULL,NULL,'278',NULL,'2019-07-12 07:21:52',NULL,705,222),(16,NULL,NULL,'home',NULL,'2019-07-12 07:21:52',NULL,706,1),(16,NULL,NULL,'login',NULL,'2019-07-12 07:21:52',NULL,707,2),(16,NULL,NULL,'logout',NULL,'2019-07-12 07:21:52',NULL,708,3),(16,NULL,NULL,'account',NULL,'2019-07-12 07:21:52',NULL,709,4),(16,NULL,NULL,'cart',NULL,'2019-07-12 07:21:52',NULL,710,5),(16,NULL,NULL,'checkout',NULL,'2019-07-12 07:21:52',NULL,711,6),(16,NULL,NULL,'specials',NULL,'2019-07-12 07:21:52',NULL,712,14),(16,NULL,NULL,'order',NULL,'2019-07-12 07:21:52',NULL,713,15),(17,NULL,NULL,'Home',NULL,'2019-07-12 07:21:52',NULL,714,1),(17,NULL,NULL,'Login',NULL,'2019-07-12 07:21:52',NULL,715,2),(17,NULL,NULL,'Logout',NULL,'2019-07-12 07:21:52',NULL,716,3),(17,NULL,NULL,'Account',NULL,'2019-07-12 07:21:52',NULL,717,4),(17,NULL,NULL,'Cart',NULL,'2019-07-12 07:21:52',NULL,718,5),(17,NULL,NULL,'Checkout',NULL,'2019-07-12 07:21:52',NULL,719,6),(17,NULL,NULL,'Specials',NULL,'2019-07-12 07:21:52',NULL,720,14),(17,NULL,NULL,'Check Your Order',NULL,'2019-07-12 07:21:52',NULL,721,15),(18,1,NULL,NULL,NULL,'2019-07-12 07:21:52',NULL,722,1),(18,1,NULL,NULL,NULL,'2019-07-12 07:21:52',NULL,723,2),(18,1,NULL,NULL,NULL,'2019-07-12 07:21:52',NULL,724,3),(18,1,NULL,NULL,NULL,'2019-07-12 07:21:52',NULL,725,4),(18,1,NULL,NULL,NULL,'2019-07-12 07:21:52',NULL,726,5),(18,1,NULL,NULL,NULL,'2019-07-12 07:21:52',NULL,727,6),(18,1,NULL,NULL,NULL,'2019-07-12 07:21:52',NULL,728,14),(18,1,NULL,NULL,NULL,'2019-07-12 07:21:52',NULL,729,15),(16,NULL,NULL,'home',NULL,'2019-07-12 07:21:52',NULL,730,7),(16,NULL,NULL,'login',NULL,'2019-07-12 07:21:52',NULL,731,8),(16,NULL,NULL,'logout',NULL,'2019-07-12 07:21:52',NULL,732,9),(16,NULL,NULL,'account',NULL,'2019-07-12 07:21:52',NULL,733,10),(16,NULL,NULL,'cart',NULL,'2019-07-12 07:21:52',NULL,734,11),(16,NULL,NULL,'checkout',NULL,'2019-07-12 07:21:52',NULL,735,12),(16,NULL,NULL,'specials',NULL,'2019-07-12 07:21:52',NULL,736,13),(16,NULL,NULL,'order',NULL,'2019-07-12 07:21:52',NULL,737,16),(17,NULL,NULL,'Casa',NULL,'2019-07-12 07:21:52',NULL,738,7),(17,NULL,NULL,'Iniciar Sesión',NULL,'2019-07-12 07:21:52',NULL,739,8),(17,NULL,NULL,'Cerrar sesión',NULL,'2019-07-12 07:21:52',NULL,740,9),(17,NULL,NULL,'Cuenta',NULL,'2019-07-12 07:21:52',NULL,741,10),(17,NULL,NULL,'Carro',NULL,'2019-07-12 07:21:52',NULL,742,11),(17,NULL,NULL,'Caja',NULL,'2019-07-12 07:21:52',NULL,743,12),(17,NULL,NULL,'Especiales',NULL,'2019-07-12 07:21:52',NULL,744,13),(17,NULL,NULL,'Comprobar el Orden',NULL,'2019-07-12 07:21:52',NULL,745,16),(18,9,NULL,NULL,NULL,'2019-07-12 07:21:52',NULL,746,7),(18,9,NULL,NULL,NULL,'2019-07-12 07:21:52',NULL,747,8),(18,9,NULL,NULL,NULL,'2019-07-12 07:21:52',NULL,748,9),(18,9,NULL,NULL,NULL,'2019-07-12 07:21:52',NULL,749,10),(18,9,NULL,NULL,NULL,'2019-07-12 07:21:52',NULL,750,11),(18,9,NULL,NULL,NULL,'2019-07-12 07:21:52',NULL,751,12),(18,9,NULL,NULL,NULL,'2019-07-12 07:21:52',NULL,752,13),(18,9,NULL,NULL,NULL,'2019-07-12 07:21:52',NULL,753,16),(20,NULL,NULL,NULL,NULL,'2019-07-12 07:21:52',NULL,754,1),(21,NULL,NULL,'AbanteCart',NULL,'2019-07-12 07:21:52',NULL,755,1),(22,NULL,NULL,'1.2.15',NULL,'2019-07-12 07:21:52',NULL,756,1),(23,NULL,NULL,'',NULL,'2019-07-12 07:21:52',NULL,757,1),(24,NULL,NULL,'',NULL,'2019-07-12 07:21:52',NULL,758,1),(25,NULL,NULL,'install',NULL,'2019-07-12 07:21:52',NULL,759,1),(26,NULL,NULL,'admin',NULL,'2019-07-12 07:21:52',NULL,760,1);
/*!40000 ALTER TABLE `abc_dataset_values` ENABLE KEYS */;
UNLOCK TABLES;

--
-- Table structure for table `abc_datasets`
--

DROP TABLE IF EXISTS `abc_datasets`;
/*!40101 SET @saved_cs_client     = @@character_set_client */;
/*!40101 SET character_set_client = utf8 */;
CREATE TABLE `abc_datasets` (
  `dataset_id` int(11) NOT NULL AUTO_INCREMENT,
  `dataset_name` varchar(255) NOT NULL,
  `dataset_key` varchar(255) DEFAULT '',
  PRIMARY KEY (`dataset_id`)
) ENGINE=MyISAM AUTO_INCREMENT=7 DEFAULT CHARSET=utf8;
/*!40101 SET character_set_client = @saved_cs_client */;

--
-- Dumping data for table `abc_datasets`
--

LOCK TABLES `abc_datasets` WRITE;
/*!40000 ALTER TABLE `abc_datasets` DISABLE KEYS */;
INSERT INTO `abc_datasets` VALUES (1,'menu','storefront'),(2,'menu','admin'),(3,'menu','storefront_description'),(4,'install_upgrade_history','admin'),(5,'file_uploads','admin'),(6,'neowize','neowize_settings');
/*!40000 ALTER TABLE `abc_datasets` ENABLE KEYS */;
UNLOCK TABLES;

--
-- Table structure for table `abc_download_attribute_values`
--

DROP TABLE IF EXISTS `abc_download_attribute_values`;
/*!40101 SET @saved_cs_client     = @@character_set_client */;
/*!40101 SET character_set_client = utf8 */;
CREATE TABLE `abc_download_attribute_values` (
  `download_attribute_id` int(11) NOT NULL AUTO_INCREMENT,
  `attribute_id` int(11) NOT NULL,
  `download_id` int(11) NOT NULL,
  `attribute_value_ids` text,
  PRIMARY KEY (`download_attribute_id`),
  KEY `ac_download_attribute_values_idx` (`attribute_id`,`download_id`)
) ENGINE=MyISAM DEFAULT CHARSET=utf8;
/*!40101 SET character_set_client = @saved_cs_client */;

--
-- Dumping data for table `abc_download_attribute_values`
--

LOCK TABLES `abc_download_attribute_values` WRITE;
/*!40000 ALTER TABLE `abc_download_attribute_values` DISABLE KEYS */;
/*!40000 ALTER TABLE `abc_download_attribute_values` ENABLE KEYS */;
UNLOCK TABLES;

--
-- Table structure for table `abc_download_descriptions`
--

DROP TABLE IF EXISTS `abc_download_descriptions`;
/*!40101 SET @saved_cs_client     = @@character_set_client */;
/*!40101 SET character_set_client = utf8 */;
CREATE TABLE `abc_download_descriptions` (
  `download_id` int(11) NOT NULL,
  `language_id` int(11) NOT NULL,
  `name` varchar(64) NOT NULL DEFAULT '' COMMENT 'translatable',
  PRIMARY KEY (`download_id`,`language_id`)
) ENGINE=MyISAM DEFAULT CHARSET=utf8;
/*!40101 SET character_set_client = @saved_cs_client */;

--
-- Dumping data for table `abc_download_descriptions`
--

LOCK TABLES `abc_download_descriptions` WRITE;
/*!40000 ALTER TABLE `abc_download_descriptions` DISABLE KEYS */;
INSERT INTO `abc_download_descriptions` VALUES (1,1,'Audio CD1'),(2,1,'audio sample mp3'),(5,1,'Find your fit');
/*!40000 ALTER TABLE `abc_download_descriptions` ENABLE KEYS */;
UNLOCK TABLES;

--
-- Table structure for table `abc_downloads`
--

DROP TABLE IF EXISTS `abc_downloads`;
/*!40101 SET @saved_cs_client     = @@character_set_client */;
/*!40101 SET character_set_client = utf8 */;
CREATE TABLE `abc_downloads` (
  `download_id` int(11) NOT NULL AUTO_INCREMENT,
  `filename` varchar(128) NOT NULL DEFAULT '',
  `mask` varchar(128) NOT NULL DEFAULT '',
  `max_downloads` int(11) DEFAULT NULL,
  `expire_days` int(11) DEFAULT NULL,
  `sort_order` int(11) NOT NULL,
  `activate` varchar(64) NOT NULL,
  `activate_order_status_id` int(11) NOT NULL DEFAULT '0',
  `shared` int(1) NOT NULL DEFAULT '0',
  `status` int(1) NOT NULL DEFAULT '0',
  `date_added` timestamp NOT NULL DEFAULT '0000-00-00 00:00:00',
  `date_modified` timestamp NOT NULL DEFAULT CURRENT_TIMESTAMP ON UPDATE CURRENT_TIMESTAMP,
  PRIMARY KEY (`download_id`),
  KEY `ac_downloads_idx` (`activate_order_status_id`,`shared`)
) ENGINE=MyISAM AUTO_INCREMENT=6 DEFAULT CHARSET=utf8;
/*!40101 SET character_set_client = @saved_cs_client */;

--
-- Dumping data for table `abc_downloads`
--

LOCK TABLES `abc_downloads` WRITE;
/*!40000 ALTER TABLE `abc_downloads` DISABLE KEYS */;
INSERT INTO `abc_downloads` VALUES (1,'download/18/76/4.mp3','audio-cd.mp3',50,NULL,0,'order_status',5,0,1,'2019-07-12 07:21:52','2019-07-12 07:21:52'),(2,'download/18/76/5.mp3','sample.mp3',NULL,NULL,0,'before_order',0,0,1,'2019-07-12 07:21:52','2019-07-12 07:21:52'),(5,'download/18/79/f.pdf','size-fit-guide-print.pdf',NULL,NULL,0,'before_order',0,1,1,'2019-07-12 07:21:52','2019-07-12 07:21:52');
/*!40000 ALTER TABLE `abc_downloads` ENABLE KEYS */;
UNLOCK TABLES;

--
-- Table structure for table `abc_encryption_keys`
--

DROP TABLE IF EXISTS `abc_encryption_keys`;
/*!40101 SET @saved_cs_client     = @@character_set_client */;
/*!40101 SET character_set_client = utf8 */;
CREATE TABLE `abc_encryption_keys` (
  `key_id` int(3) NOT NULL AUTO_INCREMENT,
  `key_name` varchar(32) NOT NULL DEFAULT '',
  `status` int(1) NOT NULL,
  `comment` text NOT NULL,
  PRIMARY KEY (`key_id`),
  UNIQUE KEY `encryption_keys_key_name` (`key_name`)
) ENGINE=MyISAM DEFAULT CHARSET=utf8;
/*!40101 SET character_set_client = @saved_cs_client */;

--
-- Dumping data for table `abc_encryption_keys`
--

LOCK TABLES `abc_encryption_keys` WRITE;
/*!40000 ALTER TABLE `abc_encryption_keys` DISABLE KEYS */;
/*!40000 ALTER TABLE `abc_encryption_keys` ENABLE KEYS */;
UNLOCK TABLES;

--
-- Table structure for table `abc_extension_dependencies`
--

DROP TABLE IF EXISTS `abc_extension_dependencies`;
/*!40101 SET @saved_cs_client     = @@character_set_client */;
/*!40101 SET character_set_client = utf8 */;
CREATE TABLE `abc_extension_dependencies` (
  `extension_id` int(11) NOT NULL,
  `extension_parent_id` int(11) NOT NULL,
  PRIMARY KEY (`extension_id`,`extension_parent_id`)
) ENGINE=MyISAM DEFAULT CHARSET=utf8;
/*!40101 SET character_set_client = @saved_cs_client */;

--
-- Dumping data for table `abc_extension_dependencies`
--

LOCK TABLES `abc_extension_dependencies` WRITE;
/*!40000 ALTER TABLE `abc_extension_dependencies` DISABLE KEYS */;
/*!40000 ALTER TABLE `abc_extension_dependencies` ENABLE KEYS */;
UNLOCK TABLES;

--
-- Table structure for table `abc_extensions`
--

DROP TABLE IF EXISTS `abc_extensions`;
/*!40101 SET @saved_cs_client     = @@character_set_client */;
/*!40101 SET character_set_client = utf8 */;
CREATE TABLE `abc_extensions` (
  `extension_id` int(11) NOT NULL AUTO_INCREMENT,
  `type` varchar(32) NOT NULL,
  `key` varchar(32) NOT NULL,
  `category` varchar(32) NOT NULL,
  `status` smallint(1) NOT NULL,
  `priority` smallint(1) NOT NULL DEFAULT '0',
  `version` varchar(32) DEFAULT NULL,
  `license_key` varchar(32) DEFAULT NULL,
  `date_installed` timestamp NOT NULL DEFAULT '0000-00-00 00:00:00',
  `date_added` timestamp NOT NULL DEFAULT '0000-00-00 00:00:00',
  `date_modified` timestamp NOT NULL DEFAULT CURRENT_TIMESTAMP ON UPDATE CURRENT_TIMESTAMP,
  PRIMARY KEY (`extension_id`),
  UNIQUE KEY `extension_key` (`key`)
) ENGINE=MyISAM AUTO_INCREMENT=53 DEFAULT CHARSET=utf8;
/*!40101 SET character_set_client = @saved_cs_client */;

--
-- Dumping data for table `abc_extensions`
--

LOCK TABLES `abc_extensions` WRITE;
/*!40000 ALTER TABLE `abc_extensions` DISABLE KEYS */;
INSERT INTO `abc_extensions` VALUES (1,'total','coupon','',1,1,'',NULL,'2019-07-12 07:21:51','2019-07-12 07:21:51','2019-07-12 07:21:51'),(2,'total','shipping','shipping',1,1,'',NULL,'2019-07-12 07:21:51','2019-07-12 07:21:51','2019-07-12 07:21:51'),(3,'total','low_order_fee','',0,1,'',NULL,'2019-07-12 07:21:51','2019-07-12 07:21:51','2019-07-12 07:21:51'),(4,'total','handling','',0,1,'',NULL,'2019-07-12 07:21:51','2019-07-12 07:21:51','2019-07-12 07:21:51'),(5,'total','sub_total','',1,1,'',NULL,'2019-07-12 07:21:51','2019-07-12 07:21:51','2019-07-12 07:21:51'),(6,'total','tax','',1,1,'',NULL,'2019-07-12 07:21:51','2019-07-12 07:21:51','2019-07-12 07:21:51'),(7,'total','total','',1,1,'',NULL,'2019-07-12 07:21:51','2019-07-12 07:21:51','2019-07-12 07:21:51'),(8,'total','balance','',1,1,'',NULL,'2019-07-12 07:21:51','2019-07-12 07:21:51','2019-07-12 07:21:51'),(9,'block','cart','',1,1,'',NULL,'2019-07-12 07:21:51','2019-07-12 07:21:51','2019-07-12 07:21:51'),(10,'block','category','',1,1,'',NULL,'2019-07-12 07:21:51','2019-07-12 07:21:51','2019-07-12 07:21:51'),(11,'block','content','',1,1,'',NULL,'2019-07-12 07:21:51','2019-07-12 07:21:51','2019-07-12 07:21:51'),(12,'block','manufacturer','',1,1,'',NULL,'2019-07-12 07:21:51','2019-07-12 07:21:51','2019-07-12 07:21:51'),(13,'block','bestseller','',1,1,'',NULL,'2019-07-12 07:21:51','2019-07-12 07:21:51','2019-07-12 07:21:51'),(14,'block','latest','',1,1,'',NULL,'2019-07-12 07:21:51','2019-07-12 07:21:51','2019-07-12 07:21:51'),(15,'block','featured','',1,1,'',NULL,'2019-07-12 07:21:51','2019-07-12 07:21:51','2019-07-12 07:21:51'),(16,'extensions','banner_manager','extensions',1,1,'1.0.1',NULL,'2019-07-12 07:21:51','2019-07-12 07:21:51','2019-07-12 07:21:51'),(17,'extensions','forms_manager','extensions',1,1,'1.0.2',NULL,'2019-07-12 07:21:51','2019-07-12 07:21:51','2019-07-12 07:21:51'),(18,'extensions','neowize_insights','extensions',1,1,'1.0.5',NULL,'2019-07-12 07:21:51','2019-07-12 07:21:51','2019-07-12 07:21:51'),(19,'payment','default_pp_standart','payment',0,1,'1.0.2',NULL,'2019-07-12 07:21:51','2019-07-12 07:21:51','2019-07-12 07:23:51'),(20,'payment','default_pp_pro','payment',0,1,'1.0.2',NULL,'2019-07-12 07:21:51','2019-07-12 07:21:51','2019-07-12 07:23:51'),(21,'payment','default_cod','payment',1,1,'1.0.1',NULL,'2019-07-12 07:21:52','2019-07-12 07:21:52','2019-07-12 07:21:52'),(22,'shipping','default_flat_rate_shipping','shipping',1,1,'1.0.1',NULL,'2019-07-12 07:21:52','2019-07-12 07:21:52','2019-07-12 07:21:52'),(23,'payment','2checkout','payment',0,10,'1.0.2','','0000-00-00 00:00:00','2019-07-12 07:22:21','2019-07-12 07:22:21'),(24,'tax','avatax_integration','tax',0,10,'1.0.0','','0000-00-00 00:00:00','2019-07-12 07:22:21','2019-07-12 07:22:21'),(25,'payment','cardconnect','Payment',0,10,'1.0.1','','0000-00-00 00:00:00','2019-07-12 07:22:21','2019-07-12 07:22:21'),(26,'payment','default_authorizenet','payment',0,10,'1.2.0','','0000-00-00 00:00:00','2019-07-12 07:22:21','2019-07-12 07:22:21'),(27,'payment','default_banktransfer','payment',0,10,'1.0.2','','0000-00-00 00:00:00','2019-07-12 07:22:21','2019-07-12 07:22:21'),(28,'payment','default_cashflows','payment',0,10,'1.0.1','','0000-00-00 00:00:00','2019-07-12 07:22:21','2019-07-12 07:22:21'),(29,'payment','default_cheque','payment',0,10,'1.0.1','','0000-00-00 00:00:00','2019-07-12 07:22:21','2019-07-12 07:22:21'),(30,'shipping','default_fedex','shipping',0,10,'1.0.1','','0000-00-00 00:00:00','2019-07-12 07:22:21','2019-07-12 07:22:21'),(31,'shipping','default_free_shipping','shipping',0,10,'1.0.1','','0000-00-00 00:00:00','2019-07-12 07:22:21','2019-07-12 07:22:21'),(32,'language','default_italian','languages',0,10,'1.0.1','','0000-00-00 00:00:00','2019-07-12 07:22:21','2019-07-12 07:22:21'),(33,'payment','default_liqpay','payment',0,10,'1.0.2','','0000-00-00 00:00:00','2019-07-12 07:22:21','2019-07-12 07:22:21'),(34,'shipping','default_parcelforce_48','shipping',0,10,'1.0.1','','0000-00-00 00:00:00','2019-07-12 07:22:21','2019-07-12 07:22:21'),(35,'payment','default_paymate','payment',0,10,'1.0.1','','0000-00-00 00:00:00','2019-07-12 07:22:21','2019-07-12 07:22:21'),(36,'payment','default_paypoint','payment',0,10,'1.0.1','','0000-00-00 00:00:00','2019-07-12 07:22:21','2019-07-12 07:22:21'),(37,'payment','default_payza','payment',0,10,'1.0.1','','0000-00-00 00:00:00','2019-07-12 07:22:21','2019-07-12 07:22:21'),(38,'shipping','default_per_item_shipping','shipping',0,10,'1.0.1','','0000-00-00 00:00:00','2019-07-12 07:22:21','2019-07-12 07:22:21'),(39,'payment','default_pp_express','payment',0,10,'1.0.3','','0000-00-00 00:00:00','2019-07-12 07:22:21','2019-07-12 07:22:21'),(40,'payment','default_realex','payment',0,10,'1.0.0','','0000-00-00 00:00:00','2019-07-12 07:22:21','2019-07-12 07:22:21'),(41,'shipping','default_royal_mail','shipping',0,10,'1.0.1','','0000-00-00 00:00:00','2019-07-12 07:22:21','2019-07-12 07:22:21'),(42,'language','default_russian','languages',0,10,'1.2.0','','0000-00-00 00:00:00','2019-07-12 07:22:21','2019-07-12 07:22:21'),(43,'payment','default_skrill','payment',0,10,'1.0.1','','0000-00-00 00:00:00','2019-07-12 07:22:21','2019-07-12 07:22:21'),(44,'language','default_spanish','languages',0,10,'1.2.0','','0000-00-00 00:00:00','2019-07-12 07:22:21','2019-07-12 07:22:21'),(45,'shipping','default_store_pickup','shipping',0,10,'1.0.1','','0000-00-00 00:00:00','2019-07-12 07:22:21','2019-07-12 07:22:21'),(46,'payment','default_stripe','payment',0,10,'1.0.3','','0000-00-00 00:00:00','2019-07-12 07:22:21','2019-07-12 07:22:21'),(47,'extensions','default_textmarketer','Communication',0,10,'1.0.0','','0000-00-00 00:00:00','2019-07-12 07:22:21','2019-07-12 07:22:21'),(48,'extensions','default_twilio','Communication',0,10,'1.0.2','','0000-00-00 00:00:00','2019-07-12 07:22:21','2019-07-12 07:22:21'),(49,'shipping','default_ups','shipping',0,10,'1.0.1','','0000-00-00 00:00:00','2019-07-12 07:22:21','2019-07-12 07:22:21'),(50,'shipping','default_usps','shipping',0,10,'1.0.2','','0000-00-00 00:00:00','2019-07-12 07:22:21','2019-07-12 07:22:21'),(51,'shipping','default_weight','shipping',0,10,'1.0.1','','0000-00-00 00:00:00','2019-07-12 07:22:21','2019-07-12 07:22:21'),(52,'extensions','encryption_data_manager','utility',0,10,'1.0.1','','0000-00-00 00:00:00','2019-07-12 07:22:21','2019-07-12 07:22:21');
/*!40000 ALTER TABLE `abc_extensions` ENABLE KEYS */;
UNLOCK TABLES;

--
-- Table structure for table `abc_field_descriptions`
--

DROP TABLE IF EXISTS `abc_field_descriptions`;
/*!40101 SET @saved_cs_client     = @@character_set_client */;
/*!40101 SET character_set_client = utf8 */;
CREATE TABLE `abc_field_descriptions` (
  `field_id` int(11) NOT NULL DEFAULT '0',
  `name` varchar(255) NOT NULL COMMENT 'translatable',
  `description` varchar(255) NOT NULL DEFAULT '' COMMENT 'translatable',
  `language_id` int(11) NOT NULL,
  `error_text` varchar(255) NOT NULL DEFAULT '' COMMENT 'translatable',
  PRIMARY KEY (`field_id`,`language_id`)
) ENGINE=MyISAM DEFAULT CHARSET=utf8;
/*!40101 SET character_set_client = @saved_cs_client */;

--
-- Dumping data for table `abc_field_descriptions`
--

LOCK TABLES `abc_field_descriptions` WRITE;
/*!40000 ALTER TABLE `abc_field_descriptions` DISABLE KEYS */;
INSERT INTO `abc_field_descriptions` VALUES (11,'First name:','',1,'Name must be between 3 and 32 characters!'),(12,'Email:','',1,'E-Mail Address does not appear to be valid!'),(13,'Enquiry:','',1,'Enquiry must be between 10 and 3000 characters!'),(14,'Enter the code in the box below:','',1,'Human verification has failed! Please try agan.');
/*!40000 ALTER TABLE `abc_field_descriptions` ENABLE KEYS */;
UNLOCK TABLES;

--
-- Table structure for table `abc_field_values`
--

DROP TABLE IF EXISTS `abc_field_values`;
/*!40101 SET @saved_cs_client     = @@character_set_client */;
/*!40101 SET character_set_client = utf8 */;
CREATE TABLE `abc_field_values` (
  `value_id` int(11) NOT NULL AUTO_INCREMENT,
  `field_id` int(11) NOT NULL DEFAULT '0',
  `value` text NOT NULL COMMENT 'translatable',
  `language_id` int(11) NOT NULL,
  PRIMARY KEY (`value_id`)
) ENGINE=MyISAM DEFAULT CHARSET=utf8;
/*!40101 SET character_set_client = @saved_cs_client */;

--
-- Dumping data for table `abc_field_values`
--

LOCK TABLES `abc_field_values` WRITE;
/*!40000 ALTER TABLE `abc_field_values` DISABLE KEYS */;
/*!40000 ALTER TABLE `abc_field_values` ENABLE KEYS */;
UNLOCK TABLES;

--
-- Table structure for table `abc_fields`
--

DROP TABLE IF EXISTS `abc_fields`;
/*!40101 SET @saved_cs_client     = @@character_set_client */;
/*!40101 SET character_set_client = utf8 */;
CREATE TABLE `abc_fields` (
  `field_id` int(11) NOT NULL AUTO_INCREMENT,
  `form_id` int(11) NOT NULL DEFAULT '0',
  `field_name` varchar(40) NOT NULL,
  `element_type` char(1) NOT NULL DEFAULT 'I',
  `sort_order` int(3) NOT NULL,
  `attributes` varchar(255) NOT NULL,
  `settings` text NOT NULL,
  `required` char(1) NOT NULL DEFAULT 'N',
  `status` smallint(1) NOT NULL DEFAULT '0',
  `regexp_pattern` varchar(255) NOT NULL DEFAULT '',
  PRIMARY KEY (`field_id`),
  KEY `field_id` (`field_id`,`form_id`,`status`)
) ENGINE=MyISAM AUTO_INCREMENT=15 DEFAULT CHARSET=utf8;
/*!40101 SET character_set_client = @saved_cs_client */;

--
-- Dumping data for table `abc_fields`
--

LOCK TABLES `abc_fields` WRITE;
/*!40000 ALTER TABLE `abc_fields` DISABLE KEYS */;
INSERT INTO `abc_fields` VALUES (11,2,'first_name','I',1,'','','Y',1,'/^.{3,100}$/u'),(12,2,'email','I',2,'','','Y',1,'/^[A-Z0-9._%-]+@[A-Z0-9.-]{0,61}[A-Z0-9].[A-Z]{2,16}$/i'),(13,2,'enquiry','T',3,'cols=\"50\" rows=\"8\"','','Y',1,'/^.{3,1000}$/su'),(14,2,'captcha','K',4,'','','Y',1,'');
/*!40000 ALTER TABLE `abc_fields` ENABLE KEYS */;
UNLOCK TABLES;

--
-- Table structure for table `abc_fields_group_descriptions`
--

DROP TABLE IF EXISTS `abc_fields_group_descriptions`;
/*!40101 SET @saved_cs_client     = @@character_set_client */;
/*!40101 SET character_set_client = utf8 */;
CREATE TABLE `abc_fields_group_descriptions` (
  `group_id` int(11) NOT NULL DEFAULT '0',
  `name` varchar(255) NOT NULL COMMENT 'translatable',
  `description` varchar(255) NOT NULL DEFAULT '' COMMENT 'translatable',
  `language_id` int(11) NOT NULL,
  PRIMARY KEY (`group_id`,`language_id`)
) ENGINE=MyISAM DEFAULT CHARSET=utf8;
/*!40101 SET character_set_client = @saved_cs_client */;

--
-- Dumping data for table `abc_fields_group_descriptions`
--

LOCK TABLES `abc_fields_group_descriptions` WRITE;
/*!40000 ALTER TABLE `abc_fields_group_descriptions` DISABLE KEYS */;
/*!40000 ALTER TABLE `abc_fields_group_descriptions` ENABLE KEYS */;
UNLOCK TABLES;

--
-- Table structure for table `abc_fields_groups`
--

DROP TABLE IF EXISTS `abc_fields_groups`;
/*!40101 SET @saved_cs_client     = @@character_set_client */;
/*!40101 SET character_set_client = utf8 */;
CREATE TABLE `abc_fields_groups` (
  `field_id` int(11) NOT NULL,
  `group_id` int(11) NOT NULL,
  `sort_order` int(3) NOT NULL,
  PRIMARY KEY (`field_id`),
  KEY `field_id` (`field_id`,`group_id`)
) ENGINE=MyISAM DEFAULT CHARSET=utf8;
/*!40101 SET character_set_client = @saved_cs_client */;

--
-- Dumping data for table `abc_fields_groups`
--

LOCK TABLES `abc_fields_groups` WRITE;
/*!40000 ALTER TABLE `abc_fields_groups` DISABLE KEYS */;
/*!40000 ALTER TABLE `abc_fields_groups` ENABLE KEYS */;
UNLOCK TABLES;

--
-- Table structure for table `abc_form_descriptions`
--

DROP TABLE IF EXISTS `abc_form_descriptions`;
/*!40101 SET @saved_cs_client     = @@character_set_client */;
/*!40101 SET character_set_client = utf8 */;
CREATE TABLE `abc_form_descriptions` (
  `form_id` int(11) NOT NULL DEFAULT '0',
  `language_id` int(11) NOT NULL,
  `description` varchar(255) NOT NULL DEFAULT '' COMMENT 'translatable',
  PRIMARY KEY (`form_id`,`language_id`)
) ENGINE=MyISAM DEFAULT CHARSET=utf8;
/*!40101 SET character_set_client = @saved_cs_client */;

--
-- Dumping data for table `abc_form_descriptions`
--

LOCK TABLES `abc_form_descriptions` WRITE;
/*!40000 ALTER TABLE `abc_form_descriptions` DISABLE KEYS */;
INSERT INTO `abc_form_descriptions` VALUES (2,1,'Contact Us Form');
/*!40000 ALTER TABLE `abc_form_descriptions` ENABLE KEYS */;
UNLOCK TABLES;

--
-- Table structure for table `abc_form_groups`
--

DROP TABLE IF EXISTS `abc_form_groups`;
/*!40101 SET @saved_cs_client     = @@character_set_client */;
/*!40101 SET character_set_client = utf8 */;
CREATE TABLE `abc_form_groups` (
  `group_id` int(11) NOT NULL AUTO_INCREMENT,
  `group_name` varchar(40) NOT NULL DEFAULT '',
  `form_id` int(11) NOT NULL DEFAULT '0',
  `sort_order` int(3) NOT NULL,
  `status` smallint(1) NOT NULL DEFAULT '0',
  PRIMARY KEY (`group_id`),
  KEY `group_id` (`group_id`,`form_id`)
) ENGINE=MyISAM DEFAULT CHARSET=utf8;
/*!40101 SET character_set_client = @saved_cs_client */;

--
-- Dumping data for table `abc_form_groups`
--

LOCK TABLES `abc_form_groups` WRITE;
/*!40000 ALTER TABLE `abc_form_groups` DISABLE KEYS */;
/*!40000 ALTER TABLE `abc_form_groups` ENABLE KEYS */;
UNLOCK TABLES;

--
-- Table structure for table `abc_forms`
--

DROP TABLE IF EXISTS `abc_forms`;
/*!40101 SET @saved_cs_client     = @@character_set_client */;
/*!40101 SET character_set_client = utf8 */;
CREATE TABLE `abc_forms` (
  `form_id` int(11) NOT NULL AUTO_INCREMENT,
  `form_name` varchar(40) NOT NULL DEFAULT '',
  `controller` varchar(100) NOT NULL DEFAULT '',
  `success_page` varchar(100) NOT NULL DEFAULT '',
  `status` smallint(1) NOT NULL DEFAULT '0',
  PRIMARY KEY (`form_id`),
  UNIQUE KEY `form_name` (`form_name`)
) ENGINE=MyISAM AUTO_INCREMENT=3 DEFAULT CHARSET=utf8;
/*!40101 SET character_set_client = @saved_cs_client */;

--
-- Dumping data for table `abc_forms`
--

LOCK TABLES `abc_forms` WRITE;
/*!40000 ALTER TABLE `abc_forms` DISABLE KEYS */;
INSERT INTO `abc_forms` VALUES (2,'ContactUsFrm','content/contact','content/contact/success',1);
/*!40000 ALTER TABLE `abc_forms` ENABLE KEYS */;
UNLOCK TABLES;

--
-- Table structure for table `abc_global_attributes`
--

DROP TABLE IF EXISTS `abc_global_attributes`;
/*!40101 SET @saved_cs_client     = @@character_set_client */;
/*!40101 SET character_set_client = utf8 */;
CREATE TABLE `abc_global_attributes` (
  `attribute_id` int(11) NOT NULL AUTO_INCREMENT,
  `attribute_parent_id` int(11) NOT NULL DEFAULT '0',
  `attribute_group_id` int(11) DEFAULT NULL,
  `attribute_type_id` int(11) NOT NULL,
  `element_type` char(1) NOT NULL DEFAULT 'I',
  `sort_order` int(3) NOT NULL DEFAULT '0',
  `required` smallint(1) NOT NULL DEFAULT '0',
  `settings` text NOT NULL,
  `status` smallint(1) NOT NULL DEFAULT '0',
  `regexp_pattern` varchar(255) DEFAULT NULL,
  PRIMARY KEY (`attribute_id`),
  KEY `ac_global_attributes_idx` (`attribute_parent_id`,`attribute_group_id`,`attribute_type_id`)
) ENGINE=MyISAM AUTO_INCREMENT=9 DEFAULT CHARSET=utf8;
/*!40101 SET character_set_client = @saved_cs_client */;

--
-- Dumping data for table `abc_global_attributes`
--

LOCK TABLES `abc_global_attributes` WRITE;
/*!40000 ALTER TABLE `abc_global_attributes` DISABLE KEYS */;
INSERT INTO `abc_global_attributes` VALUES (1,0,0,1,'S',1,1,'',1,NULL),(2,0,0,1,'C',0,0,'',1,NULL),(5,0,0,1,'G',1,1,'',1,NULL),(6,0,0,1,'S',0,0,'a:4:{s:10:\"extensions\";s:0:\"\";s:8:\"min_size\";s:0:\"\";s:8:\"max_size\";s:0:\"\";s:9:\"directory\";s:0:\"\";}',1,''),(7,6,0,1,'S',0,0,'a:4:{s:10:\"extensions\";s:0:\"\";s:8:\"min_size\";s:0:\"\";s:8:\"max_size\";s:0:\"\";s:9:\"directory\";s:0:\"\";}',1,''),(8,6,0,1,'S',0,0,'a:4:{s:10:\"extensions\";s:0:\"\";s:8:\"min_size\";s:0:\"\";s:8:\"max_size\";s:0:\"\";s:9:\"directory\";s:0:\"\";}',1,'');
/*!40000 ALTER TABLE `abc_global_attributes` ENABLE KEYS */;
UNLOCK TABLES;

--
-- Table structure for table `abc_global_attributes_descriptions`
--

DROP TABLE IF EXISTS `abc_global_attributes_descriptions`;
/*!40101 SET @saved_cs_client     = @@character_set_client */;
/*!40101 SET character_set_client = utf8 */;
CREATE TABLE `abc_global_attributes_descriptions` (
  `attribute_id` int(11) NOT NULL,
  `language_id` int(11) NOT NULL,
  `name` varchar(64) NOT NULL COMMENT 'translatable',
  `placeholder` varchar(255) DEFAULT '' COMMENT 'translatable',
  `error_text` varchar(255) NOT NULL COMMENT 'translatable',
  PRIMARY KEY (`attribute_id`,`language_id`)
) ENGINE=MyISAM DEFAULT CHARSET=utf8;
/*!40101 SET character_set_client = @saved_cs_client */;

--
-- Dumping data for table `abc_global_attributes_descriptions`
--

LOCK TABLES `abc_global_attributes_descriptions` WRITE;
/*!40000 ALTER TABLE `abc_global_attributes_descriptions` DISABLE KEYS */;
INSERT INTO `abc_global_attributes_descriptions` VALUES (1,1,'Size','',''),(2,1,'Gift Wrapping','',''),(5,1,'Fragrance Type','',''),(6,1,'Color&amp;Size','',''),(7,1,'UK Size','',''),(8,1,'Color','','');
/*!40000 ALTER TABLE `abc_global_attributes_descriptions` ENABLE KEYS */;
UNLOCK TABLES;

--
-- Table structure for table `abc_global_attributes_groups`
--

DROP TABLE IF EXISTS `abc_global_attributes_groups`;
/*!40101 SET @saved_cs_client     = @@character_set_client */;
/*!40101 SET character_set_client = utf8 */;
CREATE TABLE `abc_global_attributes_groups` (
  `attribute_group_id` int(11) NOT NULL AUTO_INCREMENT,
  `sort_order` int(3) NOT NULL DEFAULT '0',
  `status` smallint(1) NOT NULL DEFAULT '0',
  PRIMARY KEY (`attribute_group_id`)
) ENGINE=MyISAM DEFAULT CHARSET=utf8;
/*!40101 SET character_set_client = @saved_cs_client */;

--
-- Dumping data for table `abc_global_attributes_groups`
--

LOCK TABLES `abc_global_attributes_groups` WRITE;
/*!40000 ALTER TABLE `abc_global_attributes_groups` DISABLE KEYS */;
/*!40000 ALTER TABLE `abc_global_attributes_groups` ENABLE KEYS */;
UNLOCK TABLES;

--
-- Table structure for table `abc_global_attributes_groups_descriptions`
--

DROP TABLE IF EXISTS `abc_global_attributes_groups_descriptions`;
/*!40101 SET @saved_cs_client     = @@character_set_client */;
/*!40101 SET character_set_client = utf8 */;
CREATE TABLE `abc_global_attributes_groups_descriptions` (
  `attribute_group_id` int(11) NOT NULL,
  `language_id` int(11) NOT NULL,
  `name` varchar(64) NOT NULL COMMENT 'translatable',
  PRIMARY KEY (`attribute_group_id`,`language_id`)
) ENGINE=MyISAM DEFAULT CHARSET=utf8;
/*!40101 SET character_set_client = @saved_cs_client */;

--
-- Dumping data for table `abc_global_attributes_groups_descriptions`
--

LOCK TABLES `abc_global_attributes_groups_descriptions` WRITE;
/*!40000 ALTER TABLE `abc_global_attributes_groups_descriptions` DISABLE KEYS */;
/*!40000 ALTER TABLE `abc_global_attributes_groups_descriptions` ENABLE KEYS */;
UNLOCK TABLES;

--
-- Table structure for table `abc_global_attributes_type_descriptions`
--

DROP TABLE IF EXISTS `abc_global_attributes_type_descriptions`;
/*!40101 SET @saved_cs_client     = @@character_set_client */;
/*!40101 SET character_set_client = utf8 */;
CREATE TABLE `abc_global_attributes_type_descriptions` (
  `attribute_type_id` int(11) NOT NULL,
  `language_id` int(11) NOT NULL,
  `type_name` varchar(64) NOT NULL COMMENT 'translatable',
  `date_added` timestamp NOT NULL DEFAULT '0000-00-00 00:00:00',
  `date_modified` timestamp NOT NULL DEFAULT CURRENT_TIMESTAMP ON UPDATE CURRENT_TIMESTAMP,
  PRIMARY KEY (`attribute_type_id`,`language_id`)
) ENGINE=MyISAM DEFAULT CHARSET=utf8 COMMENT='utf8_general_ci';
/*!40101 SET character_set_client = @saved_cs_client */;

--
-- Dumping data for table `abc_global_attributes_type_descriptions`
--

LOCK TABLES `abc_global_attributes_type_descriptions` WRITE;
/*!40000 ALTER TABLE `abc_global_attributes_type_descriptions` DISABLE KEYS */;
INSERT INTO `abc_global_attributes_type_descriptions` VALUES (1,1,'Product Option','2019-07-12 07:21:52','2019-07-12 07:21:52'),(2,1,'Download Attribute','2019-07-12 07:21:52','2019-07-12 07:21:52');
/*!40000 ALTER TABLE `abc_global_attributes_type_descriptions` ENABLE KEYS */;
UNLOCK TABLES;

--
-- Table structure for table `abc_global_attributes_types`
--

DROP TABLE IF EXISTS `abc_global_attributes_types`;
/*!40101 SET @saved_cs_client     = @@character_set_client */;
/*!40101 SET character_set_client = utf8 */;
CREATE TABLE `abc_global_attributes_types` (
  `attribute_type_id` int(11) NOT NULL AUTO_INCREMENT,
  `type_key` varchar(64) NOT NULL,
  `controller` varchar(100) NOT NULL,
  `sort_order` int(3) NOT NULL DEFAULT '0',
  `status` smallint(1) NOT NULL DEFAULT '0',
  PRIMARY KEY (`attribute_type_id`)
) ENGINE=MyISAM AUTO_INCREMENT=3 DEFAULT CHARSET=utf8;
/*!40101 SET character_set_client = @saved_cs_client */;

--
-- Dumping data for table `abc_global_attributes_types`
--

LOCK TABLES `abc_global_attributes_types` WRITE;
/*!40000 ALTER TABLE `abc_global_attributes_types` DISABLE KEYS */;
INSERT INTO `abc_global_attributes_types` VALUES (1,'product_option','responses/catalog/attribute/getProductOptionSubform',1,1),(2,'download_attribute','responses/catalog/attribute/getDownloadAttributeSubform',2,1);
/*!40000 ALTER TABLE `abc_global_attributes_types` ENABLE KEYS */;
UNLOCK TABLES;

--
-- Table structure for table `abc_global_attributes_value_descriptions`
--

DROP TABLE IF EXISTS `abc_global_attributes_value_descriptions`;
/*!40101 SET @saved_cs_client     = @@character_set_client */;
/*!40101 SET character_set_client = utf8 */;
CREATE TABLE `abc_global_attributes_value_descriptions` (
  `attribute_value_id` int(11) NOT NULL,
  `attribute_id` int(11) NOT NULL,
  `language_id` int(11) NOT NULL,
  `value` text NOT NULL COMMENT 'translatable',
  PRIMARY KEY (`attribute_value_id`,`attribute_id`,`language_id`)
) ENGINE=MyISAM DEFAULT CHARSET=utf8;
/*!40101 SET character_set_client = @saved_cs_client */;

--
-- Dumping data for table `abc_global_attributes_value_descriptions`
--

LOCK TABLES `abc_global_attributes_value_descriptions` WRITE;
/*!40000 ALTER TABLE `abc_global_attributes_value_descriptions` DISABLE KEYS */;
INSERT INTO `abc_global_attributes_value_descriptions` VALUES (53,1,1,'1 oz'),(52,1,1,'75ml'),(51,1,1,'50ml'),(50,1,1,'30ml'),(49,1,1,'2.5 oz'),(48,1,1,'1.5 oz'),(47,1,1,'33.8 oz'),(46,1,1,'15.2 oz'),(45,1,1,'8.45 oz'),(32,2,1,''),(42,1,1,'1.7 oz'),(43,1,1,'3.4 oz'),(44,1,1,'100ml'),(76,5,1,'Eau de Toilette'),(77,5,1,'Eau de Cologne'),(75,5,1,'Eau de Parfum'),(78,6,1,''),(79,7,1,'UK 3'),(80,7,1,'UK 3.5'),(81,7,1,'UK 4'),(82,7,1,'UK 4.5'),(83,7,1,'UK 5'),(84,7,1,'UK 5.5'),(85,7,1,'UK 6'),(86,7,1,'UK 7'),(87,7,1,'UK 8'),(88,8,1,'Red'),(89,8,1,'White'),(90,8,1,'Black'),(91,8,1,'Blue'),(92,8,1,'Green'),(93,7,1,'XXL'),(94,7,1,'XL'),(95,7,1,'S'),(96,7,1,'L'),(97,7,1,'M'),(98,8,1,'Yellow');
/*!40000 ALTER TABLE `abc_global_attributes_value_descriptions` ENABLE KEYS */;
UNLOCK TABLES;

--
-- Table structure for table `abc_global_attributes_values`
--

DROP TABLE IF EXISTS `abc_global_attributes_values`;
/*!40101 SET @saved_cs_client     = @@character_set_client */;
/*!40101 SET character_set_client = utf8 */;
CREATE TABLE `abc_global_attributes_values` (
  `attribute_value_id` int(11) NOT NULL AUTO_INCREMENT,
  `attribute_id` int(11) NOT NULL,
  `sort_order` int(3) NOT NULL DEFAULT '0',
  PRIMARY KEY (`attribute_value_id`),
  KEY `ac_global_attributes_values_idx` (`attribute_id`)
) ENGINE=MyISAM AUTO_INCREMENT=99 DEFAULT CHARSET=utf8;
/*!40101 SET character_set_client = @saved_cs_client */;

--
-- Dumping data for table `abc_global_attributes_values`
--

LOCK TABLES `abc_global_attributes_values` WRITE;
/*!40000 ALTER TABLE `abc_global_attributes_values` DISABLE KEYS */;
INSERT INTO `abc_global_attributes_values` VALUES (53,1,0),(52,1,0),(51,1,0),(50,1,0),(49,1,0),(48,1,0),(47,1,0),(46,1,0),(45,1,0),(32,2,0),(43,1,0),(44,1,0),(76,5,0),(77,5,0),(75,5,0),(78,6,0),(79,7,0),(80,7,0),(81,7,0),(82,7,0),(83,7,0),(84,7,0),(85,7,0),(86,7,0),(87,7,0),(88,8,0),(89,8,0),(90,8,0),(91,8,0),(92,8,0),(93,7,0),(94,7,0),(95,7,0),(96,7,0),(97,7,0),(98,8,0);
/*!40000 ALTER TABLE `abc_global_attributes_values` ENABLE KEYS */;
UNLOCK TABLES;

--
-- Table structure for table `abc_language_definitions`
--

DROP TABLE IF EXISTS `abc_language_definitions`;
/*!40101 SET @saved_cs_client     = @@character_set_client */;
/*!40101 SET character_set_client = utf8 */;
CREATE TABLE `abc_language_definitions` (
  `language_definition_id` int(11) NOT NULL AUTO_INCREMENT,
  `language_id` int(11) NOT NULL,
  `section` tinyint(1) NOT NULL DEFAULT '0' COMMENT '0-SF, 1-ADMIN',
  `block` varchar(160) NOT NULL,
  `language_key` varchar(170) NOT NULL,
  `language_value` text NOT NULL COMMENT 'translatable',
  `date_added` timestamp NOT NULL DEFAULT '0000-00-00 00:00:00',
  `date_modified` timestamp NOT NULL DEFAULT CURRENT_TIMESTAMP ON UPDATE CURRENT_TIMESTAMP,
  PRIMARY KEY (`language_definition_id`,`language_id`,`section`,`block`,`language_key`),
  KEY `ac_lang_definition_idx` (`language_value`(333))
) ENGINE=MyISAM AUTO_INCREMENT=1461 DEFAULT CHARSET=utf8;
/*!40101 SET character_set_client = @saved_cs_client */;

--
-- Dumping data for table `abc_language_definitions`
--

LOCK TABLES `abc_language_definitions` WRITE;
/*!40000 ALTER TABLE `abc_language_definitions` DISABLE KEYS */;
INSERT INTO `abc_language_definitions` VALUES (1,1,1,'english','code','en','2019-07-12 07:22:21','2019-07-12 07:22:21'),(2,1,1,'english','direction','ltr','2019-07-12 07:22:21','2019-07-12 07:22:21'),(3,1,1,'english','date_format_short','m/d/Y','2019-07-12 07:22:21','2019-07-12 07:22:21'),(4,1,1,'english','date_format_long','l dS F Y','2019-07-12 07:22:21','2019-07-12 07:22:21'),(5,1,1,'english','time_format','h:i:s A','2019-07-12 07:22:21','2019-07-12 07:22:21'),(6,1,1,'english','time_format_short','H:i','2019-07-12 07:22:21','2019-07-12 07:22:21'),(7,1,1,'english','decimal_point','.','2019-07-12 07:22:21','2019-07-12 07:22:21'),(8,1,1,'english','thousand_point',',','2019-07-12 07:22:21','2019-07-12 07:22:21'),(9,1,1,'english','text_yes','Yes','2019-07-12 07:22:21','2019-07-12 07:22:21'),(10,1,1,'english','text_no','No','2019-07-12 07:22:21','2019-07-12 07:22:21'),(11,1,1,'english','text_plus','+','2019-07-12 07:22:21','2019-07-12 07:22:21'),(12,1,1,'english','text_minus','-','2019-07-12 07:22:21','2019-07-12 07:22:21'),(13,1,1,'english','text_enabled','Enabled','2019-07-12 07:22:21','2019-07-12 07:22:21'),(14,1,1,'english','text_disabled','Disabled','2019-07-12 07:22:21','2019-07-12 07:22:21'),(15,1,1,'english','text_none',' --- None --- ','2019-07-12 07:22:21','2019-07-12 07:22:21'),(16,1,1,'english','text_select',' --- Please Select --- ','2019-07-12 07:22:21','2019-07-12 07:22:21'),(17,1,1,'english','text_select_all','Select All','2019-07-12 07:22:21','2019-07-12 07:22:21'),(18,1,1,'english','text_unselect_all','Unselect All','2019-07-12 07:22:21','2019-07-12 07:22:21'),(19,1,1,'english','text_all_zones','All Zones','2019-07-12 07:22:21','2019-07-12 07:22:21'),(20,1,1,'english','text_default','(Default)','2019-07-12 07:22:21','2019-07-12 07:22:21'),(21,1,1,'english','text_close','Close','2019-07-12 07:22:21','2019-07-12 07:22:21'),(22,1,1,'english','text_pagination','Showing {start} to {end} of {total} ({pages} Pages)','2019-07-12 07:22:21','2019-07-12 07:22:21'),(23,1,1,'english','text_per_page','Per Page','2019-07-12 07:22:21','2019-07-12 07:22:21'),(24,1,1,'english','text_no_results','No result found.','2019-07-12 07:22:21','2019-07-12 07:22:21'),(25,1,1,'english','text_separator',' &gt; ','2019-07-12 07:22:21','2019-07-12 07:22:21'),(26,1,1,'english','text_edit','Edit ','2019-07-12 07:22:21','2019-07-12 07:22:21'),(27,1,1,'english','text_view','View','2019-07-12 07:22:21','2019-07-12 07:22:21'),(28,1,1,'english','text_home','Home','2019-07-12 07:22:21','2019-07-12 07:22:21'),(29,1,1,'english','button_insert','Insert','2019-07-12 07:22:21','2019-07-12 07:22:21'),(30,1,1,'english','button_delete','Delete','2019-07-12 07:22:21','2019-07-12 07:22:21'),(31,1,1,'english','button_save','Save','2019-07-12 07:22:21','2019-07-12 07:22:21'),(32,1,1,'english','button_save_and_close','Save & Close','2019-07-12 07:22:21','2019-07-12 07:22:21'),(33,1,1,'english','button_cancel','Cancel','2019-07-12 07:22:21','2019-07-12 07:22:21'),(34,1,1,'english','button_reset','Reset','2019-07-12 07:22:21','2019-07-12 07:22:21'),(35,1,1,'english','button_reload','Reload','2019-07-12 07:22:21','2019-07-12 07:22:21'),(36,1,1,'english','button_clear','Clear Log','2019-07-12 07:22:21','2019-07-12 07:22:21'),(37,1,1,'english','button_close','Close','2019-07-12 07:22:21','2019-07-12 07:22:21'),(38,1,1,'english','button_upgrade','Upgrade','2019-07-12 07:22:21','2019-07-12 07:22:21'),(39,1,1,'english','button_filter','Filter','2019-07-12 07:22:21','2019-07-12 07:22:21'),(40,1,1,'english','button_send','Send','2019-07-12 07:22:21','2019-07-12 07:22:21'),(41,1,1,'english','button_edit','Edit','2019-07-12 07:22:21','2019-07-12 07:22:21'),(42,1,1,'english','button_copy','Copy','2019-07-12 07:22:21','2019-07-12 07:22:21'),(43,1,1,'english','button_agree','Agree','2019-07-12 07:22:21','2019-07-12 07:22:21'),(44,1,1,'english','button_back','Back','2019-07-12 07:22:21','2019-07-12 07:22:21'),(45,1,1,'english','button_continue','Continue','2019-07-12 07:22:21','2019-07-12 07:22:21'),(46,1,1,'english','button_remove','Remove','2019-07-12 07:22:21','2019-07-12 07:22:21'),(47,1,1,'english','button_backup','Backup','2019-07-12 07:22:21','2019-07-12 07:22:21'),(48,1,1,'english','button_restore','Restore','2019-07-12 07:22:21','2019-07-12 07:22:21'),(49,1,1,'english','button_invoice','Print Invoice','2019-07-12 07:22:21','2019-07-12 07:22:21'),(50,1,1,'english','button_invoices','Print Invoices','2019-07-12 07:22:21','2019-07-12 07:22:21'),(51,1,1,'english','button_add_option','Add Option','2019-07-12 07:22:21','2019-07-12 07:22:21'),(52,1,1,'english','button_add_option_value','Add Option Value','2019-07-12 07:22:21','2019-07-12 07:22:21'),(53,1,1,'english','button_add_discount','Add Discount','2019-07-12 07:22:21','2019-07-12 07:22:21'),(54,1,1,'english','button_add_special','Add Special','2019-07-12 07:22:21','2019-07-12 07:22:21'),(55,1,1,'english','button_add_image','Add Image','2019-07-12 07:22:21','2019-07-12 07:22:21'),(56,1,1,'english','button_add_location_zone','Add Location Zone','2019-07-12 07:22:21','2019-07-12 07:22:21'),(57,1,1,'english','button_add_rate','Add Tax Rate','2019-07-12 07:22:21','2019-07-12 07:22:21'),(58,1,1,'english','button_add_history','Add Order History','2019-07-12 07:22:21','2019-07-12 07:22:21'),(59,1,1,'english','button_actas','Act on behalf of','2019-07-12 07:22:21','2019-07-12 07:22:21'),(60,1,1,'english','button_message','Contact this customer','2019-07-12 07:22:21','2019-07-12 07:22:21'),(61,1,1,'english','button_approve','Approve','2019-07-12 07:22:21','2019-07-12 07:22:21'),(62,1,1,'english','button_generate','Generate','2019-07-12 07:22:21','2019-07-12 07:22:21'),(63,1,1,'english','tab_admin','Admin','2019-07-12 07:22:21','2019-07-12 07:22:21'),(64,1,1,'english','tab_data','Data','2019-07-12 07:22:21','2019-07-12 07:22:21'),(65,1,1,'english','tab_discount','Discounts','2019-07-12 07:22:21','2019-07-12 07:22:21'),(66,1,1,'english','tab_details','Store Details','2019-07-12 07:22:21','2019-07-12 07:22:21'),(67,1,1,'english','tab_checkout','Checkout','2019-07-12 07:22:21','2019-07-12 07:22:21'),(68,1,1,'english','tab_appearance','Appearance','2019-07-12 07:22:21','2019-07-12 07:22:21'),(69,1,1,'english','tab_im','IM','2019-07-12 07:22:21','2019-07-12 07:22:21'),(70,1,1,'english','tab_api','API','2019-07-12 07:22:21','2019-07-12 07:22:21'),(71,1,1,'english','tab_general','General','2019-07-12 07:22:21','2019-07-12 07:22:21'),(72,1,1,'english','tab_image','Additional Images','2019-07-12 07:22:21','2019-07-12 07:22:21'),(73,1,1,'english','tab_option','Options','2019-07-12 07:22:21','2019-07-12 07:22:21'),(74,1,1,'english','tab_system','System','2019-07-12 07:22:21','2019-07-12 07:22:21'),(75,1,1,'english','tab_store','Store','2019-07-12 07:22:21','2019-07-12 07:22:21'),(76,1,1,'english','tab_special','Specials','2019-07-12 07:22:21','2019-07-12 07:22:21'),(77,1,1,'english','tab_local','Local','2019-07-12 07:22:21','2019-07-12 07:22:21'),(78,1,1,'english','tab_mail','Mail','2019-07-12 07:22:21','2019-07-12 07:22:21'),(79,1,1,'english','tab_order','Order Details','2019-07-12 07:22:21','2019-07-12 07:22:21'),(80,1,1,'english','tab_history','Order History','2019-07-12 07:22:21','2019-07-12 07:22:21'),(81,1,1,'english','tab_product','Products','2019-07-12 07:22:21','2019-07-12 07:22:21'),(82,1,1,'english','tab_shipping','Shipping Address','2019-07-12 07:22:21','2019-07-12 07:22:21'),(83,1,1,'english','tab_payment','Payment Address','2019-07-12 07:22:21','2019-07-12 07:22:21'),(84,1,1,'english','entry_discount','Discount','2019-07-12 07:22:21','2019-07-12 07:22:21'),(85,1,1,'english','entry_special','Special','2019-07-12 07:22:21','2019-07-12 07:22:21'),(86,1,1,'english','error_upload_1','Warning: The uploaded file exceeds the upload_max_filesize directive in php.ini!','2019-07-12 07:22:21','2019-07-12 07:22:21'),(87,1,1,'english','error_upload_2','Warning: The uploaded file exceeds the MAX_FILE_SIZE directive that was specified in the HTML form!','2019-07-12 07:22:21','2019-07-12 07:22:21'),(88,1,1,'english','error_upload_3','Warning: The uploaded file was only partially uploaded!','2019-07-12 07:22:21','2019-07-12 07:22:21'),(89,1,1,'english','error_upload_4','Warning: No file was uploaded!','2019-07-12 07:22:21','2019-07-12 07:22:21'),(90,1,1,'english','error_upload_6','Warning: Missing a temporary folder!','2019-07-12 07:22:21','2019-07-12 07:22:21'),(91,1,1,'english','error_upload_7','Warning: Failed to write file to disk!','2019-07-12 07:22:21','2019-07-12 07:22:21'),(92,1,1,'english','error_upload_8','Warning: File upload stopped by extension!','2019-07-12 07:22:21','2019-07-12 07:22:21'),(93,1,1,'english','error_upload_999','Warning: No error code available!','2019-07-12 07:22:21','2019-07-12 07:22:21'),(94,1,1,'english','text_choose_action','choose action..','2019-07-12 07:22:21','2019-07-12 07:22:21'),(95,1,1,'english','text_delete','Delete','2019-07-12 07:22:21','2019-07-12 07:22:21'),(96,1,1,'english','text_delete_selected','delete selected','2019-07-12 07:22:21','2019-07-12 07:22:21'),(97,1,1,'english','text_save_selected','Save Selected','2019-07-12 07:22:21','2019-07-12 07:22:21'),(98,1,1,'english','text_save_all','save all','2019-07-12 07:22:21','2019-07-12 07:22:21'),(99,1,1,'english','text_select_status','- Select Status -','2019-07-12 07:22:21','2019-07-12 07:22:21'),(100,1,1,'english','text_all_orders','All Orders','2019-07-12 07:22:21','2019-07-12 07:22:21'),(101,1,1,'english','text_confirm_password','confirm password','2019-07-12 07:22:21','2019-07-12 07:22:21'),(102,1,1,'english','text_insert','Insert ','2019-07-12 07:22:21','2019-07-12 07:22:21'),(103,1,1,'english','text_select_items','Please Select Items','2019-07-12 07:22:21','2019-07-12 07:22:21'),(104,1,1,'english','button_go','GO','2019-07-12 07:22:21','2019-07-12 07:22:21'),(105,1,1,'english','search_everywhere','Search Entire Site','2019-07-12 07:22:21','2019-07-12 07:22:21'),(106,1,1,'english','column_action','Action','2019-07-12 07:22:21','2019-07-12 07:22:21'),(107,1,1,'english','error_permission_access','Warning: You do not have permission to access %s!','2019-07-12 07:22:21','2019-07-12 07:22:21'),(108,1,1,'english','error_permission_modify','Warning: You do not have permission to modify %s!','2019-07-12 07:22:21','2019-07-12 07:22:21'),(109,1,1,'english','text_add','Add','2019-07-12 07:22:21','2019-07-12 07:22:21'),(110,1,1,'english','text_add_block','Add Block','2019-07-12 07:22:21','2019-07-12 07:22:21'),(111,1,1,'english','text_resource_library','Resource Library','2019-07-12 07:22:21','2019-07-12 07:22:21'),(112,1,1,'english','text_add_media','Add Media','2019-07-12 07:22:21','2019-07-12 07:22:21'),(113,1,1,'english','confirm_unmap_title','Confirm resource(s) Unlink','2019-07-12 07:22:21','2019-07-12 07:22:21'),(114,1,1,'english','text_confirm_unmap','Are you sure you want to unlink resource(s)?','2019-07-12 07:22:21','2019-07-12 07:22:21'),(115,1,1,'english','confirm_del_title','Confirm resource(s) Delete','2019-07-12 07:22:21','2019-07-12 07:22:21'),(116,1,1,'english','text_confirm_del','Are you sure you want to delete resource(s)?','2019-07-12 07:22:21','2019-07-12 07:22:21'),(117,1,1,'english','text_type_image','Images','2019-07-12 07:22:21','2019-07-12 07:22:21'),(118,1,1,'english','text_type_audio','Audio','2019-07-12 07:22:21','2019-07-12 07:22:21'),(119,1,1,'english','text_type_video','Video','2019-07-12 07:22:21','2019-07-12 07:22:21'),(120,1,1,'english','text_type_pdf','PDF Document','2019-07-12 07:22:21','2019-07-12 07:22:21'),(121,1,1,'english','text_type_archive','Archive','2019-07-12 07:22:21','2019-07-12 07:22:21'),(122,1,1,'english','text_type_download','Download File','2019-07-12 07:22:21','2019-07-12 07:22:21'),(123,1,1,'english','button_unmap','Unlink','2019-07-12 07:22:21','2019-07-12 07:22:21'),(124,1,1,'english','button_select_resource','select','2019-07-12 07:22:21','2019-07-12 07:22:21'),(125,1,1,'english','text_click_to_change','Click image to change it','2019-07-12 07:22:21','2019-07-12 07:22:21'),(126,1,1,'english','text_select_from_list','Select from the list','2019-07-12 07:22:21','2019-07-12 07:22:21'),(127,1,1,'english','text_count_selected','Count of selected items:','2019-07-12 07:22:21','2019-07-12 07:22:21'),(128,1,1,'english','text_delete_confirm','Please, confirm delete','2019-07-12 07:22:21','2019-07-12 07:22:21'),(129,1,1,'english','text_save_edit','Add/Edit','2019-07-12 07:22:21','2019-07-12 07:22:21'),(130,1,1,'english','text_apply','Apply','2019-07-12 07:22:21','2019-07-12 07:22:21'),(131,1,1,'english','text_on_top','back on top','2019-07-12 07:22:21','2019-07-12 07:22:21'),(132,1,1,'english','text_all','All','2019-07-12 07:22:21','2019-07-12 07:22:21'),(133,1,1,'english','text_all_stores','All Stores','2019-07-12 07:22:21','2019-07-12 07:22:21'),(134,1,1,'english','text_create_new_block',' Create New Block ','2019-07-12 07:22:21','2019-07-12 07:22:21'),(135,1,1,'english','button_unlink','Unlink','2019-07-12 07:22:21','2019-07-12 07:22:21'),(136,1,1,'english','text_confirm_unlink','Are you sure you want to unlink resource?','2019-07-12 07:22:21','2019-07-12 07:22:21'),(137,1,1,'english','confirm_unlink_title','Confirm resource Unlink','2019-07-12 07:22:21','2019-07-12 07:22:21'),(138,1,1,'english','text_select_store','Select a different store','2019-07-12 07:22:21','2019-07-12 07:22:21'),(139,1,1,'english','text_click_browse_file','Click to browse file','2019-07-12 07:22:21','2019-07-12 07:22:21'),(140,1,1,'english','text_browse','Browse','2019-07-12 07:22:21','2019-07-12 07:22:21'),(141,1,1,'english','text_or','or','2019-07-12 07:22:21','2019-07-12 07:22:21'),(142,1,1,'english','error_seo_keyword','SEO keyword <a target=\"_blank\" href=\"%s\">\"%s\"</a> is already exists!','2019-07-12 07:22:21','2019-07-12 07:22:21'),(143,1,1,'english','column_update_date','Update Date','2019-07-12 07:22:21','2019-07-12 07:22:21'),(144,1,1,'english','text_automatic','Automatic','2019-07-12 07:22:21','2019-07-12 07:22:21'),(145,1,1,'english','text_sort_order','Sort Order','2019-07-12 07:22:21','2019-07-12 07:22:21'),(146,1,1,'english','text_select_copy_layout','Select to copy layout from','2019-07-12 07:22:21','2019-07-12 07:22:21'),(147,1,1,'english','text_apply_layout','Apply Now','2019-07-12 07:22:21','2019-07-12 07:22:21'),(148,1,1,'english','text_new_download','New Download','2019-07-12 07:22:21','2019-07-12 07:22:21'),(149,1,1,'english','text_free','Free','2019-07-12 07:22:21','2019-07-12 07:22:21'),(150,1,1,'english','text_sure','Are you sure?','2019-07-12 07:22:21','2019-07-12 07:22:21'),(151,1,1,'english','button_add','Add','2019-07-12 07:22:21','2019-07-12 07:22:21'),(152,1,1,'english','text_please_confirm','Please Confirm','2019-07-12 07:22:21','2019-07-12 07:22:21'),(153,1,1,'english','button_confirm','Confirm','2019-07-12 07:22:21','2019-07-12 07:22:21'),(154,1,1,'english','button_download','Download','2019-07-12 07:22:21','2019-07-12 07:22:21'),(155,1,1,'english','recent_customers','Recently Registered Customers','2019-07-12 07:22:21','2019-07-12 07:22:21'),(156,1,1,'english','new_orders','New Orders','2019-07-12 07:22:21','2019-07-12 07:22:21'),(157,1,1,'english','text_saved','Saved Successfully','2019-07-12 07:22:21','2019-07-12 07:22:21'),(158,1,1,'english','text_processing','Processing ...','2019-07-12 07:22:21','2019-07-12 07:22:21'),(159,1,1,'english','text_next','Next','2019-07-12 07:22:21','2019-07-12 07:22:21'),(160,1,1,'english','text_previous','Previous','2019-07-12 07:22:21','2019-07-12 07:22:21'),(161,1,1,'english','text_on','ON','2019-07-12 07:22:21','2019-07-12 07:22:21'),(162,1,1,'english','text_off','OFF','2019-07-12 07:22:21','2019-07-12 07:22:21'),(163,1,1,'english','text_external_help','External Help','2019-07-12 07:22:21','2019-07-12 07:22:21'),(164,1,1,'english','text_select_from_lookup','Start typing (name, model, sku, etc.) to look up and select result','2019-07-12 07:22:21','2019-07-12 07:22:21'),(165,1,1,'english','text_continue_typing','Continue typing ...','2019-07-12 07:22:21','2019-07-12 07:22:21'),(166,1,1,'english','text_looking_for','Looking for','2019-07-12 07:22:21','2019-07-12 07:22:21'),(167,1,1,'english','button_manage_extensions','Manage Extensions','2019-07-12 07:22:21','2019-07-12 07:22:21'),(168,1,1,'english','text_abc_notification','Software Updates & Notifications','2019-07-12 07:22:21','2019-07-12 07:22:21'),(169,1,1,'english','text_not_applicable','NA','2019-07-12 07:22:21','2019-07-12 07:22:21'),(170,1,1,'english','text_share_embed_code','Get Embed Code','2019-07-12 07:22:21','2019-07-12 07:22:21'),(171,1,1,'english','text_copy_embed_code','Сopy and paste this into your HTML-code where you\'d like to sell','2019-07-12 07:22:21','2019-07-12 07:22:21'),(172,1,1,'english','button_retry','Retry','2019-07-12 07:22:21','2019-07-12 07:22:21'),(173,1,1,'english','text_system_error','System error has been encountered. Check system <a target=\"_blank\" href=\"%s\">messages</a> or <a target=\"_blank\" href=\"%s\">error log</a>','2019-07-12 07:22:21','2019-07-12 07:22:21'),(174,1,1,'english','text_system_warning','System warning has been reported. Check system <a target=\"_blank\" href=\"%s\">messages</a>','2019-07-12 07:22:21','2019-07-12 07:22:21'),(175,1,1,'english','text_system_notice','System notice has been reported. Check system <a target=\"_blank\" href=\"%s\">messages</a>','2019-07-12 07:22:21','2019-07-12 07:22:21'),(176,1,1,'english','text_set_related','Set Related','2019-07-12 07:22:21','2019-07-12 07:22:21'),(177,1,1,'english','tab_text','HTML/Text','2019-07-12 07:22:21','2019-07-12 07:22:21'),(178,1,1,'english','tab_visual','Visual','2019-07-12 07:22:21','2019-07-12 07:22:21'),(179,1,1,'english','button_add_media','Add Media','2019-07-12 07:22:21','2019-07-12 07:22:21'),(180,1,1,'english','text_view_more','View More','2019-07-12 07:22:21','2019-07-12 07:22:21'),(181,1,1,'english','text_admin','Control Panel','2019-07-12 07:22:21','2019-07-12 07:22:21'),(182,1,1,'english','text_storefront','Storefront','2019-07-12 07:22:21','2019-07-12 07:22:21'),(183,1,1,'english','text_texteditor_extended_mode','<a class=\"texteditor_ext_mode\" href=\"%s\" ><i class=\"fa fa-external-link\"></i> Edit in Extended Mode</a>','2019-07-12 07:22:21','2019-07-12 07:22:21'),(184,1,1,'english','text_quick_view','Quick View','2019-07-12 07:22:21','2019-07-12 07:22:21'),(185,1,1,'english','text_more_current','Full page edit','2019-07-12 07:22:21','2019-07-12 07:22:21'),(186,1,1,'english','text_more_new','New tab edit','2019-07-12 07:22:21','2019-07-12 07:22:21'),(187,1,1,'english','text_back_to_list','Back to listing','2019-07-12 07:22:21','2019-07-12 07:22:21'),(188,1,1,'english','text_help_link','<a href=\"http://www.abantecart.com/contact-us\" target=\"_abantecart\">Need help?</a>','2019-07-12 07:22:21','2019-07-12 07:22:21'),(189,1,1,'english','text_subtract_order','Subtract Order','2019-07-12 07:22:21','2019-07-12 07:22:21'),(190,1,1,'common_home','heading_title','Dashboard','2019-07-12 07:22:22','2019-07-12 07:22:22'),(191,1,1,'common_home','text_overview','Overview','2019-07-12 07:22:22','2019-07-12 07:22:22'),(192,1,1,'common_home','text_statistics','Statistics','2019-07-12 07:22:22','2019-07-12 07:22:22'),(193,1,1,'common_home','text_latest_10_orders','Latest 10 Orders','2019-07-12 07:22:22','2019-07-12 07:22:22'),(194,1,1,'common_home','text_total_sale','Total Sales:','2019-07-12 07:22:22','2019-07-12 07:22:22'),(195,1,1,'common_home','text_total_sale_year','Total Sales This Year:','2019-07-12 07:22:22','2019-07-12 07:22:22'),(196,1,1,'common_home','text_total_order','Total Orders:','2019-07-12 07:22:22','2019-07-12 07:22:22'),(197,1,1,'common_home','text_total_customer','No. Of Customers:','2019-07-12 07:22:22','2019-07-12 07:22:22'),(198,1,1,'common_home','text_total_customer_approval','Customers Waiting Approval:','2019-07-12 07:22:22','2019-07-12 07:22:22'),(199,1,1,'common_home','text_total_product','No. Products:','2019-07-12 07:22:22','2019-07-12 07:22:22'),(200,1,1,'common_home','text_total_review','No. Of Reviews:','2019-07-12 07:22:22','2019-07-12 07:22:22'),(201,1,1,'common_home','text_total_review_approval','Reviews Waiting Approval:','2019-07-12 07:22:22','2019-07-12 07:22:22'),(202,1,1,'common_home','text_day','Today','2019-07-12 07:22:22','2019-07-12 07:22:22'),(203,1,1,'common_home','text_week','This Week','2019-07-12 07:22:22','2019-07-12 07:22:22'),(204,1,1,'common_home','text_month','This Month','2019-07-12 07:22:22','2019-07-12 07:22:22'),(205,1,1,'common_home','text_year','This Year','2019-07-12 07:22:22','2019-07-12 07:22:22'),(206,1,1,'common_home','text_order','Total Orders','2019-07-12 07:22:22','2019-07-12 07:22:22'),(207,1,1,'common_home','text_order_short','Total Orders','2019-07-12 07:22:22','2019-07-12 07:22:22'),(208,1,1,'common_home','text_customer','Total Customers','2019-07-12 07:22:22','2019-07-12 07:22:22'),(209,1,1,'common_home','column_order','Order ID','2019-07-12 07:22:22','2019-07-12 07:22:22'),(210,1,1,'common_home','column_name','Customer Name','2019-07-12 07:22:22','2019-07-12 07:22:22'),(211,1,1,'common_home','column_status','Status','2019-07-12 07:22:22','2019-07-12 07:22:22'),(212,1,1,'common_home','column_date_added','Date Added','2019-07-12 07:22:22','2019-07-12 07:22:22'),(213,1,1,'common_home','column_total','Total','2019-07-12 07:22:22','2019-07-12 07:22:22'),(214,1,1,'common_home','column_firstname','First Name','2019-07-12 07:22:22','2019-07-12 07:22:22'),(215,1,1,'common_home','column_lastname','Last Name','2019-07-12 07:22:22','2019-07-12 07:22:22'),(216,1,1,'common_home','column_action','Action','2019-07-12 07:22:22','2019-07-12 07:22:22'),(217,1,1,'common_home','entry_range','Select Range:','2019-07-12 07:22:22','2019-07-12 07:22:22'),(218,1,1,'common_home','orders_text_all','All Orders','2019-07-12 07:22:22','2019-07-12 07:22:22'),(219,1,1,'common_home','text_customer_all','All Customers','2019-07-12 07:22:22','2019-07-12 07:22:22'),(220,1,1,'common_home','text_latest_10_customers','Latest Registrations','2019-07-12 07:22:22','2019-07-12 07:22:22'),(221,1,1,'common_home','column_email','Email','2019-07-12 07:22:22','2019-07-12 07:22:22'),(222,1,1,'common_login','heading_title','Administration','2019-07-12 07:22:22','2019-07-12 07:22:22'),(223,1,1,'common_login','text_heading','Administration','2019-07-12 07:22:22','2019-07-12 07:22:22'),(224,1,1,'common_login','text_login','Please enter your login details.','2019-07-12 07:22:22','2019-07-12 07:22:22'),(225,1,1,'common_login','entry_username','Username:','2019-07-12 07:22:22','2019-07-12 07:22:22'),(226,1,1,'common_login','entry_password','Password:','2019-07-12 07:22:22','2019-07-12 07:22:22'),(227,1,1,'common_login','entry_forgot_password','Forgot Password?','2019-07-12 07:22:22','2019-07-12 07:22:22'),(228,1,1,'common_login','button_login','Login','2019-07-12 07:22:22','2019-07-12 07:22:22'),(229,1,1,'common_login','error_login','No match for Username and/or Password.','2019-07-12 07:22:22','2019-07-12 07:22:22'),(230,1,1,'common_login','error_token','Invalid token session. Please login again.','2019-07-12 07:22:22','2019-07-12 07:22:22'),(231,1,1,'common_login','error_login_message','Failed login to admin attempt from IP:','2019-07-12 07:22:22','2019-07-12 07:22:22'),(232,1,1,'common_login','error_login_message_text','Given user login: ','2019-07-12 07:22:22','2019-07-12 07:22:22'),(233,1,1,'common_login','error_login_secure','You are trying to login in non-secure unsafe mode! Please switch to secure <a href=\"%s\">HTTPS</a> to proceed ','2019-07-12 07:22:22','2019-07-12 07:22:22'),(234,1,1,'common_header','heading_title','Administration','2019-07-12 07:22:22','2019-07-12 07:22:22'),(235,1,1,'common_header','text_backup','Backup / Restore','2019-07-12 07:22:22','2019-07-12 07:22:22'),(236,1,1,'common_header','text_welcome','Welcome, <b>%s</b>','2019-07-12 07:22:22','2019-07-12 07:22:22'),(237,1,1,'common_header','text_last_login','Last login: %s','2019-07-12 07:22:22','2019-07-12 07:22:22'),(238,1,1,'common_header','text_edit_details','Edit Profile Details','2019-07-12 07:22:22','2019-07-12 07:22:22'),(239,1,1,'common_header','text_edit_notifications','Edit Notification Settings','2019-07-12 07:22:22','2019-07-12 07:22:22'),(240,1,1,'common_header','text_catalog','Catalog','2019-07-12 07:22:22','2019-07-12 07:22:22'),(241,1,1,'common_header','text_category','Categories','2019-07-12 07:22:22','2019-07-12 07:22:22'),(242,1,1,'common_header','text_confirm','Confirm?','2019-07-12 07:22:22','2019-07-12 07:22:22'),(243,1,1,'common_header','text_country','Countries','2019-07-12 07:22:22','2019-07-12 07:22:22'),(244,1,1,'common_header','text_coupon','Coupons','2019-07-12 07:22:22','2019-07-12 07:22:22'),(245,1,1,'common_header','text_discount','Discounts','2019-07-12 07:22:22','2019-07-12 07:22:22'),(246,1,1,'common_header','text_currency','Currencies','2019-07-12 07:22:22','2019-07-12 07:22:22'),(247,1,1,'common_header','text_customer','Customers','2019-07-12 07:22:22','2019-07-12 07:22:22'),(248,1,1,'common_header','text_customer_group','Customer Groups','2019-07-12 07:22:22','2019-07-12 07:22:22'),(249,1,1,'common_header','text_dashboard','Dashboard','2019-07-12 07:22:22','2019-07-12 07:22:22'),(250,1,1,'common_header','text_download','Downloads','2019-07-12 07:22:22','2019-07-12 07:22:22'),(251,1,1,'common_header','text_error_log','Error Logs','2019-07-12 07:22:22','2019-07-12 07:22:22'),(252,1,1,'common_header','text_extension','Extensions','2019-07-12 07:22:22','2019-07-12 07:22:22'),(253,1,1,'common_header','text_extensions_short','Extensions','2019-07-12 07:22:22','2019-07-12 07:22:22'),(254,1,1,'common_header','text_front','Storefront','2019-07-12 07:22:22','2019-07-12 07:22:22'),(255,1,1,'common_header','text_location','Locations','2019-07-12 07:22:22','2019-07-12 07:22:22'),(256,1,1,'common_header','text_help','Help','2019-07-12 07:22:22','2019-07-12 07:22:22'),(257,1,1,'common_header','text_information','Information','2019-07-12 07:22:22','2019-07-12 07:22:22'),(258,1,1,'common_header','text_language','Languages','2019-07-12 07:22:22','2019-07-12 07:22:22'),(259,1,1,'common_header','text_language_definitions','Language Definitions','2019-07-12 07:22:22','2019-07-12 07:22:22'),(260,1,1,'common_header','text_localisation','Localization','2019-07-12 07:22:22','2019-07-12 07:22:22'),(261,1,1,'common_header','text_logged','You are logged in as <span>%s</span>','2019-07-12 07:22:22','2019-07-12 07:22:22'),(262,1,1,'common_header','text_logout','Logout','2019-07-12 07:22:22','2019-07-12 07:22:22'),(263,1,1,'common_header','text_contact','Send Mail','2019-07-12 07:22:22','2019-07-12 07:22:22'),(264,1,1,'common_header','text_manufacturer','Manufacturers','2019-07-12 07:22:22','2019-07-12 07:22:22'),(265,1,1,'common_header','text_order','Orders','2019-07-12 07:22:22','2019-07-12 07:22:22'),(266,1,1,'common_header','text_order_status','Order Statuses','2019-07-12 07:22:22','2019-07-12 07:22:22'),(267,1,1,'common_header','text_abantecart','Homepage','2019-07-12 07:22:22','2019-07-12 07:22:22'),(268,1,1,'common_header','text_payment','Payments','2019-07-12 07:22:22','2019-07-12 07:22:22'),(269,1,1,'common_header','text_product','Products','2019-07-12 07:22:22','2019-07-12 07:22:22'),(270,1,1,'common_header','text_reports','Reports','2019-07-12 07:22:22','2019-07-12 07:22:22'),(271,1,1,'common_header','text_online','Online','2019-07-12 07:22:22','2019-07-12 07:22:22'),(272,1,1,'common_header','text_transactions','Transactions','2019-07-12 07:22:22','2019-07-12 07:22:22'),(273,1,1,'common_header','text_tax','Tax','2019-07-12 07:22:22','2019-07-12 07:22:22'),(274,1,1,'common_header','text_report_purchased','Products Purchased','2019-07-12 07:22:22','2019-07-12 07:22:22'),(275,1,1,'common_header','text_report_sale','Sales','2019-07-12 07:22:22','2019-07-12 07:22:22'),(276,1,1,'common_header','text_analytics','Analytics & Insights','2019-07-12 07:22:22','2019-07-12 07:22:22'),(277,1,1,'common_header','text_report_viewed','Products Viewed','2019-07-12 07:22:22','2019-07-12 07:22:22'),(278,1,1,'common_header','text_review','Reviews','2019-07-12 07:22:22','2019-07-12 07:22:22'),(279,1,1,'common_header','text_sale','Sales','2019-07-12 07:22:22','2019-07-12 07:22:22'),(280,1,1,'common_header','text_shipping','Shipping','2019-07-12 07:22:22','2019-07-12 07:22:22'),(281,1,1,'common_header','text_setting','Settings','2019-07-12 07:22:22','2019-07-12 07:22:22'),(282,1,1,'common_header','text_stock_status','Stock Statuses','2019-07-12 07:22:22','2019-07-12 07:22:22'),(283,1,1,'common_header','text_support','Support Forum','2019-07-12 07:22:22','2019-07-12 07:22:22'),(284,1,1,'common_header','text_system','System','2019-07-12 07:22:22','2019-07-12 07:22:22'),(285,1,1,'common_header','text_tax_class','Tax Classes','2019-07-12 07:22:22','2019-07-12 07:22:22'),(286,1,1,'common_header','text_total','Order Totals','2019-07-12 07:22:22','2019-07-12 07:22:22'),(287,1,1,'common_header','text_user','Users','2019-07-12 07:22:22','2019-07-12 07:22:22'),(288,1,1,'common_header','text_documentation','Documentation','2019-07-12 07:22:22','2019-07-12 07:22:22'),(289,1,1,'common_header','text_users','Users','2019-07-12 07:22:22','2019-07-12 07:22:22'),(290,1,1,'common_header','text_user_group','User Groups','2019-07-12 07:22:22','2019-07-12 07:22:22'),(291,1,1,'common_header','text_weight_class','Weight Classes','2019-07-12 07:22:22','2019-07-12 07:22:22'),(292,1,1,'common_header','text_length_class','Length Classes','2019-07-12 07:22:22','2019-07-12 07:22:22'),(293,1,1,'common_header','text_zone','Zones','2019-07-12 07:22:22','2019-07-12 07:22:22'),(294,1,1,'common_header','text_extensions','All Extensions','2019-07-12 07:22:22','2019-07-12 07:22:22'),(295,1,1,'common_header','text_add_extension',' Install Extension ','2019-07-12 07:22:22','2019-07-12 07:22:22'),(296,1,1,'common_header','text_extensions_store','Get Extensions','2019-07-12 07:22:22','2019-07-12 07:22:22'),(297,1,1,'common_header','text_migrate','Migration Tool','2019-07-12 07:22:22','2019-07-12 07:22:22'),(298,1,1,'common_header','text_updater','Updater','2019-07-12 07:22:22','2019-07-12 07:22:22'),(299,1,1,'common_header','text_design','Design','2019-07-12 07:22:22','2019-07-12 07:22:22'),(300,1,1,'common_header','text_templates','Templates','2019-07-12 07:22:22','2019-07-12 07:22:22'),(301,1,1,'common_header','text_layout','Layouts','2019-07-12 07:22:22','2019-07-12 07:22:22'),(302,1,1,'common_header','text_blocks','Blocks','2019-07-12 07:22:22','2019-07-12 07:22:22'),(303,1,1,'common_header','text_menu','Menu','2019-07-12 07:22:22','2019-07-12 07:22:22'),(304,1,1,'common_header','text_cache','Cache','2019-07-12 07:22:22','2019-07-12 07:22:22'),(305,1,1,'common_header','text_messages','Messages','2019-07-12 07:22:22','2019-07-12 07:22:22'),(306,1,1,'common_header','text_content','Content','2019-07-12 07:22:22','2019-07-12 07:22:22'),(307,1,1,'common_header','text_datasets_manager','Datasets','2019-07-12 07:22:22','2019-07-12 07:22:22'),(308,1,1,'common_header','text_install_upgrade_history',' Install/Upgrade History ','2019-07-12 07:22:22','2019-07-12 07:22:22'),(309,1,1,'common_header','text_attribute','Global Attributes','2019-07-12 07:22:22','2019-07-12 07:22:22'),(310,1,1,'common_header','text_attribute_groups','Global Attributes Groups','2019-07-12 07:22:22','2019-07-12 07:22:22'),(311,1,1,'common_header','text_import_export','Import / Export','2019-07-12 07:22:22','2019-07-12 07:22:22'),(312,1,1,'common_header','text_data','Data','2019-07-12 07:22:22','2019-07-12 07:22:22'),(313,1,1,'common_header','text_logs','Logs','2019-07-12 07:22:22','2019-07-12 07:22:22'),(314,1,1,'common_header','text_quick_edit_form','Quick Edit Form','2019-07-12 07:22:22','2019-07-12 07:22:22'),(315,1,1,'common_header','text_all_matches','all matches','2019-07-12 07:22:22','2019-07-12 07:22:22'),(316,1,1,'common_header','text_file_uploads','File Uploads','2019-07-12 07:22:22','2019-07-12 07:22:22'),(317,1,1,'common_header','text_all_settings','All Settings','2019-07-12 07:22:22','2019-07-12 07:22:22'),(318,1,1,'common_header','text_settings_details','Store Details','2019-07-12 07:22:22','2019-07-12 07:22:22'),(319,1,1,'common_header','text_settings_general','General','2019-07-12 07:22:22','2019-07-12 07:22:22'),(320,1,1,'common_header','text_settings_checkout','Checkout','2019-07-12 07:22:22','2019-07-12 07:22:22'),(321,1,1,'common_header','text_settings_appearance','Appearance','2019-07-12 07:22:22','2019-07-12 07:22:22'),(322,1,1,'common_header','text_settings_mail','Mail','2019-07-12 07:22:22','2019-07-12 07:22:22'),(323,1,1,'common_header','text_settings_im','IM','2019-07-12 07:22:22','2019-07-12 07:22:22'),(324,1,1,'common_header','text_settings_api','API','2019-07-12 07:22:22','2019-07-12 07:22:22'),(325,1,1,'common_header','text_settings_system','System','2019-07-12 07:22:22','2019-07-12 07:22:22'),(326,1,1,'common_header','text_settings_newstore','Create New Store','2019-07-12 07:22:22','2019-07-12 07:22:22'),(327,1,1,'common_header','text_voice_command_prompt','Voice Command Prompt.','2019-07-12 07:22:22','2019-07-12 07:22:22'),(328,1,1,'common_header','text_voice_select_dialect','Select your dialect','2019-07-12 07:22:22','2019-07-12 07:22:22'),(329,1,1,'common_header','text_voice_confirm_action','Confirm this action or cancel','2019-07-12 07:22:22','2019-07-12 07:22:22'),(330,1,1,'common_header','text_voice_speak_now','Speak now.','2019-07-12 07:22:22','2019-07-12 07:22:22'),(331,1,1,'common_header','text_voice_no_speach_detected','No speech was detected. You may need to adjust your <a href=\"//support.google.com/chrome/bin/answer.py?hl=en&amp;answer=1407892\">microphone settings</a>.','2019-07-12 07:22:22','2019-07-12 07:22:22'),(332,1,1,'common_header','text_voice_no_mic_detected','No microphone was found. Ensure that a microphone is installed and that <a href=\"//support.google.com/chrome/bin/answer.py?hl=en&amp;answer=1407892\"> microphone settings</a> are configured correctly.','2019-07-12 07:22:22','2019-07-12 07:22:22'),(333,1,1,'common_header','text_voice_click_allow','Click the \"Allow\" button above to enable your microphone.','2019-07-12 07:22:22','2019-07-12 07:22:22'),(334,1,1,'common_header','text_voice_mic_denied','Permission to use microphone was denied.','2019-07-12 07:22:22','2019-07-12 07:22:22'),(335,1,1,'common_header','text_voice_mic_permission','Permission to use microphone is blocked. To change, go to browser <a href=\"chrome://settings/contentExceptions#media-stream\">media settings</a>','2019-07-12 07:22:22','2019-07-12 07:22:22'),(336,1,1,'common_header','text_voice_not_supported','Voice control is not supported by this browser. <a href=\"//www.google.com/chrome\" target=\"_new\">Chrome</a> version 25 or later required.','2019-07-12 07:22:22','2019-07-12 07:22:22'),(337,1,1,'common_header','text_tasks','Scheduled Tasks','2019-07-12 07:22:22','2019-07-12 07:22:22'),(338,1,1,'common_header','text_read_all_messages','Read All Messages','2019-07-12 07:22:22','2019-07-12 07:22:22'),(339,1,1,'common_header','text_short_stats','Quick Stats','2019-07-12 07:22:22','2019-07-12 07:22:22'),(340,1,1,'common_header','text_online_now','Online Customers','2019-07-12 07:22:22','2019-07-12 07:22:22'),(341,1,1,'common_header','text_online_new','New','2019-07-12 07:22:22','2019-07-12 07:22:22'),(342,1,1,'common_header','text_online_registered','Logged In','2019-07-12 07:22:22','2019-07-12 07:22:22'),(343,1,1,'common_header','text_today_orders','New Orders Today','2019-07-12 07:22:22','2019-07-12 07:22:22'),(344,1,1,'common_header','text_today_sales','Total Sales Today','2019-07-12 07:22:22','2019-07-12 07:22:22'),(345,1,1,'common_header','text_today_customers','New Customers Today','2019-07-12 07:22:22','2019-07-12 07:22:22'),(346,1,1,'common_header','text_today_reviews','New Reviews Today','2019-07-12 07:22:22','2019-07-12 07:22:22'),(347,1,1,'common_header','text_rl_manager','Media Manager','2019-07-12 07:22:22','2019-07-12 07:22:22'),(348,1,1,'common_header','text_server_time','Server Time','2019-07-12 07:22:22','2019-07-12 07:22:22'),(349,1,1,'common_header','text_taxes','Taxes','2019-07-12 07:22:22','2019-07-12 07:22:22'),(350,1,1,'common_footer','text_footer_left',' AbanteCart is a trademark of Belavier Commerce LLC<br /> Copyright &copy; 2009 - %s All Rights Reserved ','2019-07-12 07:22:22','2019-07-12 07:22:22'),(351,1,1,'common_footer','text_footer','<a href=\"http://www.abantecart.com\" target=\"_blank\">AbanteCart</a> Version ','2019-07-12 07:22:22','2019-07-12 07:22:22'),(352,1,1,'common_ant','notification','Attention!','2019-07-12 07:22:27','2019-07-12 07:22:27'),(353,1,1,'common_ant','warning','Warning!','2019-07-12 07:22:27','2019-07-12 07:22:27'),(354,1,1,'setting_setting','heading_title','Settings','2019-07-12 07:22:33','2019-07-12 07:22:33'),(355,1,1,'setting_setting','column_store_alias','Store','2019-07-12 07:22:33','2019-07-12 07:22:33'),(356,1,1,'setting_setting','column_group','Group','2019-07-12 07:22:33','2019-07-12 07:22:33'),(357,1,1,'setting_setting','column_key','Key','2019-07-12 07:22:33','2019-07-12 07:22:33'),(358,1,1,'setting_setting','column_value','Value','2019-07-12 07:22:33','2019-07-12 07:22:33'),(359,1,1,'setting_setting','text_success','Success: You have successfully saved your settings!','2019-07-12 07:22:33','2019-07-12 07:22:33'),(360,1,1,'setting_setting','text_image_manager','Image Manager','2019-07-12 07:22:33','2019-07-12 07:22:33'),(361,1,1,'setting_setting','text_select_group','- Select Group -','2019-07-12 07:22:33','2019-07-12 07:22:33'),(362,1,1,'setting_setting','text_default','Default','2019-07-12 07:22:33','2019-07-12 07:22:33'),(363,1,1,'setting_setting','text_edit_store_settings','Edit Settings:','2019-07-12 07:22:33','2019-07-12 07:22:33'),(364,1,1,'setting_setting','text_edit_template_settings','Edit Template Settings:','2019-07-12 07:22:33','2019-07-12 07:22:33'),(365,1,1,'setting_setting','text_common_template_settings','Template Selection','2019-07-12 07:22:33','2019-07-12 07:22:33'),(366,1,1,'setting_setting','text_edit_store','Edit Store','2019-07-12 07:22:33','2019-07-12 07:22:33'),(367,1,1,'setting_setting','text_mail','Mail','2019-07-12 07:22:33','2019-07-12 07:22:33'),(368,1,1,'setting_setting','text_smtp','SMTP','2019-07-12 07:22:33','2019-07-12 07:22:33'),(369,1,1,'setting_setting','tab_all','All','2019-07-12 07:22:33','2019-07-12 07:22:33'),(370,1,1,'setting_setting','entry_name','Store Name:','2019-07-12 07:22:33','2019-07-12 07:22:33'),(371,1,1,'setting_setting','entry_url','Store URL:<br /><span class=\"help\">Include the full URL to your store. Make sure to add \'/\' at the end. Example: http://www.yourdomain.com/path/</span>','2019-07-12 07:22:33','2019-07-12 07:22:33'),(372,1,1,'setting_setting','entry_owner','Store Owner:','2019-07-12 07:22:33','2019-07-12 07:22:33'),(373,1,1,'setting_setting','entry_address','Address:','2019-07-12 07:22:33','2019-07-12 07:22:33'),(374,1,1,'setting_setting','entry_email','E-Mail:','2019-07-12 07:22:33','2019-07-12 07:22:33'),(375,1,1,'setting_setting','entry_alert_emails','Additional Alert E-Mails:<br /><span class=\"help\">Any additional emails you want to receive the alert email, in addition to the main store email. (comma separated)</span>','2019-07-12 07:22:33','2019-07-12 07:22:33'),(376,1,1,'setting_setting','entry_telephone','Telephone:','2019-07-12 07:22:33','2019-07-12 07:22:33'),(377,1,1,'setting_setting','entry_fax','Fax:','2019-07-12 07:22:33','2019-07-12 07:22:33'),(378,1,1,'setting_setting','entry_title','Title:<br /><span class=\"help\">This is displayed in storefront browser title</span>','2019-07-12 07:22:33','2019-07-12 07:22:33'),(379,1,1,'setting_setting','entry_meta_description','Meta Tag Description:<br /><span class=\"help\">Storefront main page meta tag description</span>','2019-07-12 07:22:33','2019-07-12 07:22:33'),(380,1,1,'setting_setting','entry_meta_keywords','Meta Keywords:<br /><span class=\"help\">Storefront main page meta tag keywords (comma separated)</span>','2019-07-12 07:22:33','2019-07-12 07:22:33'),(381,1,1,'setting_setting','entry_description','Welcome Message:','2019-07-12 07:22:33','2019-07-12 07:22:33'),(382,1,1,'setting_setting','entry_template','Template:<span class=\"help\">Storefront template. This can be main or extension template</span>','2019-07-12 07:22:33','2019-07-12 07:22:33'),(383,1,1,'setting_setting','entry_admin_template','Control Panel Template:','2019-07-12 07:22:33','2019-07-12 07:22:33'),(384,1,1,'setting_setting','entry_country','Country:','2019-07-12 07:22:33','2019-07-12 07:22:33'),(385,1,1,'setting_setting','entry_zone','Region / State:','2019-07-12 07:22:33','2019-07-12 07:22:33'),(386,1,1,'setting_setting','entry_language','Storefront Language:','2019-07-12 07:22:33','2019-07-12 07:22:33'),(387,1,1,'setting_setting','entry_admin_language','Administration Language: <span class=\"help\">NOTE: works if no user preferred language is found in the browser</span>','2019-07-12 07:22:33','2019-07-12 07:22:33'),(388,1,1,'setting_setting','entry_currency','Base Currency:<span class=\"help\">This is a base currency for all stores. Do not change if you do not understand what will happen. Warning: Changing of base currency will not change your base prices for products. You will need to review and adjust all the prices if needed. Base currency exchange rate will be set to 1.00 and all other currencies exchange rates will be adjusted in respect to new base currency.</span>','2019-07-12 07:22:33','2019-07-12 07:22:33'),(389,1,1,'setting_setting','entry_currency_auto','Auto Update Currency:<br /><span class=\"help\">Set your store to automatically update currencies daily.</span>','2019-07-12 07:22:33','2019-07-12 07:22:33'),(390,1,1,'setting_setting','entry_weight_class','Weight Class:','2019-07-12 07:22:33','2019-07-12 07:22:33'),(391,1,1,'setting_setting','entry_length_class','Length Class:','2019-07-12 07:22:33','2019-07-12 07:22:33'),(392,1,1,'setting_setting','entry_auto_translate_status','Autotranslate Status:<br /><span class=\"help\">This enabled translation of missing text definitions or language specific data if text values are missing for used language.</span>','2019-07-12 07:22:33','2019-07-12 07:22:33'),(393,1,1,'setting_setting','entry_translate_src_lang_code','Source language for translation:<br /><span class=\"help\">Select source language to be used for autotranslation.</span>','2019-07-12 07:22:33','2019-07-12 07:22:33'),(394,1,1,'setting_setting','entry_translate_method','Text Translation Method:<br /><span class=\"help\">Select method you want to use for translation. Default method is a straight copy of source language text</span>','2019-07-12 07:22:33','2019-07-12 07:22:33'),(395,1,1,'setting_setting','entry_translate_override_existing','Override if source language text was changed:<br /><span class=\"help\">If set, text in all languages will be replaced with new translation if source language text is edited. NOTE: Can cause many translations.</span>','2019-07-12 07:22:33','2019-07-12 07:22:33'),(396,1,1,'setting_setting','entry_warn_lang_text_missing','Warn for missing language text:<br /><span class=\"help\">Get warning message if missing language text is detected.</span>','2019-07-12 07:22:33','2019-07-12 07:22:33'),(397,1,1,'setting_setting','entry_tax','Display Prices With Tax:','2019-07-12 07:22:33','2019-07-12 07:22:33'),(398,1,1,'setting_setting','entry_tax_store','Default Store Tax Rate:','2019-07-12 07:22:33','2019-07-12 07:22:33'),(399,1,1,'setting_setting','entry_tax_store_0','No Tax','2019-07-12 07:22:33','2019-07-12 07:22:33'),(400,1,1,'setting_setting','entry_tax_store_1','Store Default Zone','2019-07-12 07:22:33','2019-07-12 07:22:33'),(401,1,1,'setting_setting','entry_tax_customer','Use Customer Tax Address:','2019-07-12 07:22:33','2019-07-12 07:22:33'),(402,1,1,'setting_setting','entry_tax_customer_0','Shipping Address','2019-07-12 07:22:33','2019-07-12 07:22:33'),(403,1,1,'setting_setting','entry_tax_customer_1','Billing Address','2019-07-12 07:22:33','2019-07-12 07:22:33'),(404,1,1,'setting_setting','entry_invoice','Invoice Start No.:<br /><span class=\"help\">Set the starting number the invoices will begin from.</span>','2019-07-12 07:22:33','2019-07-12 07:22:33'),(405,1,1,'setting_setting','entry_invoice_prefix','Invoice Prefix:<br /><span class=\"help\">Set the invoice prefix e.g. IN/001</span>','2019-07-12 07:22:33','2019-07-12 07:22:33'),(406,1,1,'setting_setting','entry_customer_group','Customer Group:<br /><span class=\"help\">Default customer group.</span>','2019-07-12 07:22:33','2019-07-12 07:22:33'),(407,1,1,'setting_setting','entry_customer_price','Login Display Prices:<br /><span class=\"help\">Show prices even if customer is not logged in.</span>','2019-07-12 07:22:33','2019-07-12 07:22:33'),(408,1,1,'setting_setting','entry_customer_approval','Approve New Customers:<br /><span class=\"help\">Don\'t allow new customer to login until their account has been approved.</span>','2019-07-12 07:22:33','2019-07-12 07:22:33'),(409,1,1,'setting_setting','entry_prevent_email_as_login','Require Login Name:<br /><span class=\"help\">To improve security, require customers to create unique login name instead of using email address as login name. If set to ON, existing customers will be asked to create new login name at the first login. If OFF, login name is set as customer email address.</span>','2019-07-12 07:22:33','2019-07-12 07:22:33'),(410,1,1,'setting_setting','entry_guest_checkout','Guest Checkout:<br /><span class=\"help\">Allow customers to checkout without creating an account. This will not be available when a downloadable product is in the shopping cart.</span>','2019-07-12 07:22:33','2019-07-12 07:22:33'),(411,1,1,'setting_setting','entry_account','Account Terms:<br /><span class=\"help\">Forces people to agree to terms before an account can be created.</span>','2019-07-12 07:22:33','2019-07-12 07:22:33'),(412,1,1,'setting_setting','entry_checkout','Checkout Terms:<br /><span class=\"help\">Forces people to agree to terms before an a customer can checkout.</span>','2019-07-12 07:22:33','2019-07-12 07:22:33'),(413,1,1,'setting_setting','entry_order_status','Order Status:<br /><span class=\"help\">Set the default order status when an order is processed.</span>','2019-07-12 07:22:33','2019-07-12 07:22:33'),(414,1,1,'setting_setting','entry_customer_cancelation_order_status','Allow Customer to Cancel Order on Status:','2019-07-12 07:22:33','2019-07-12 07:22:33'),(415,1,1,'setting_setting','entry_stock_display','Display Stock Quantity:<br /><span class=\"help\">Display stock quantity on the product page.</span>','2019-07-12 07:22:33','2019-07-12 07:22:33'),(416,1,1,'setting_setting','entry_nostock_autodisable','No Stock Auto Disable:<br /><span class=\"help\">Disable your product or option value for view if stock drops to 0. Message notification will be send </span>','2019-07-12 07:22:33','2019-07-12 07:22:33'),(417,1,1,'setting_setting','entry_stock_checkout','Default Stock Checkout:<br /><span class=\"help\">Set default setting to allow customers checkout even if the products are out of stock</span>','2019-07-12 07:22:33','2019-07-12 07:22:33'),(418,1,1,'setting_setting','entry_stock_status','Default Pre-Order Stock Status:<br /><span class=\"help\">Default setting for Pre-order status message for product. Used on product edit page.</span>','2019-07-12 07:22:33','2019-07-12 07:22:33'),(419,1,1,'setting_setting','entry_logo','Store Logo:','2019-07-12 07:22:33','2019-07-12 07:22:33'),(420,1,1,'setting_setting','entry_mail_logo','Email Logo:','2019-07-12 07:22:33','2019-07-12 07:22:33'),(421,1,1,'setting_setting','entry_icon','Icon:<br /><span class=\"help\">The icon can be a PNG or ICON type that is 16px x 16px.</span>','2019-07-12 07:22:33','2019-07-12 07:22:33'),(422,1,1,'setting_setting','entry_width','Width:','2019-07-12 07:22:33','2019-07-12 07:22:33'),(423,1,1,'setting_setting','entry_height','Height:','2019-07-12 07:22:33','2019-07-12 07:22:33'),(424,1,1,'setting_setting','entry_image_thumb','Product Image Thumb Size:','2019-07-12 07:22:33','2019-07-12 07:22:33'),(425,1,1,'setting_setting','entry_image_thumb_width','Product Image Thumb Width:','2019-07-12 07:22:33','2019-07-12 07:22:33'),(426,1,1,'setting_setting','entry_image_thumb_height','Product Image Thumb Height:','2019-07-12 07:22:33','2019-07-12 07:22:33'),(427,1,1,'setting_setting','entry_image_popup','Product Image Popup Size:','2019-07-12 07:22:33','2019-07-12 07:22:33'),(428,1,1,'setting_setting','entry_image_popup_width','Large Window Preview Width:','2019-07-12 07:22:33','2019-07-12 07:22:33'),(429,1,1,'setting_setting','entry_image_popup_height','Large Window Preview Height:','2019-07-12 07:22:33','2019-07-12 07:22:33'),(430,1,1,'setting_setting','entry_image_category','Category List Size:','2019-07-12 07:22:33','2019-07-12 07:22:33'),(431,1,1,'setting_setting','entry_image_category_width','Category List Width:','2019-07-12 07:22:33','2019-07-12 07:22:33'),(432,1,1,'setting_setting','entry_image_category_height','Category List Height:','2019-07-12 07:22:33','2019-07-12 07:22:33'),(433,1,1,'setting_setting','entry_image_manufacturer_width','Brand Icon List Width:','2019-07-12 07:22:33','2019-07-12 07:22:33'),(434,1,1,'setting_setting','entry_image_manufacturer_height','Brand Icon List Height:','2019-07-12 07:22:33','2019-07-12 07:22:33'),(435,1,1,'setting_setting','entry_image_product','Product List Size:','2019-07-12 07:22:33','2019-07-12 07:22:33'),(436,1,1,'setting_setting','entry_image_product_height','Product List Height:<br /><span class=\"help\">This is to control height of a preview image in the listing pages of admin and other places in the storefront. Note, this setting is shared between admin and default storefront template.</span>','2019-07-12 07:22:33','2019-07-12 07:22:33'),(437,1,1,'setting_setting','entry_image_product_width','Product List Width:<br /><span class=\"help\">This is to control width of a preview image in the listing pages of admin and other places in the storefront. Note, this setting is shared between admin and default storefront template.</span>','2019-07-12 07:22:33','2019-07-12 07:22:33'),(438,1,1,'setting_setting','entry_image_additional','Additional Product Image Size:','2019-07-12 07:22:33','2019-07-12 07:22:33'),(439,1,1,'setting_setting','entry_image_additional_width','Additional Product Image Width:','2019-07-12 07:22:33','2019-07-12 07:22:33'),(440,1,1,'setting_setting','entry_image_additional_height','Additional Product Image Height:','2019-07-12 07:22:33','2019-07-12 07:22:33'),(441,1,1,'setting_setting','entry_image_related','Related Product Image Size:','2019-07-12 07:22:33','2019-07-12 07:22:33'),(442,1,1,'setting_setting','entry_image_related_width','Related Product Image Width:','2019-07-12 07:22:33','2019-07-12 07:22:33'),(443,1,1,'setting_setting','entry_image_related_height','Related Product Image Height:','2019-07-12 07:22:33','2019-07-12 07:22:33'),(444,1,1,'setting_setting','entry_image_cart','Cart Image Size:','2019-07-12 07:22:33','2019-07-12 07:22:33'),(445,1,1,'setting_setting','entry_image_cart_width','Cart Image Width:','2019-07-12 07:22:33','2019-07-12 07:22:33'),(446,1,1,'setting_setting','entry_image_cart_height','Cart Image Height:','2019-07-12 07:22:33','2019-07-12 07:22:33'),(447,1,1,'setting_setting','entry_image_grid','Grid Image Size:','2019-07-12 07:22:33','2019-07-12 07:22:33'),(448,1,1,'setting_setting','entry_image_grid_width','Grid Image Width:<br /><span class=\"help\">This is to control width of a very small preview image in the listing grids of admin and other places in the storefront. Note, this setting is shared between admin and default storefront template.</span>','2019-07-12 07:22:33','2019-07-12 07:22:33'),(449,1,1,'setting_setting','entry_image_grid_height','Grid Image Height:<br /><span class=\"help\">This is to control height of a very small preview image in the listing grids of admin and other places in the storefront. Note, this setting is shared between admin and default storefront template.</span>','2019-07-12 07:22:33','2019-07-12 07:22:33'),(450,1,1,'setting_setting','entry_alert_mail','Alert Mail:<br /><span class=\"help\">Send a email to the store owner when a new order is created.</span>','2019-07-12 07:22:33','2019-07-12 07:22:33'),(451,1,1,'setting_setting','entry_download','Allow Downloads:','2019-07-12 07:22:33','2019-07-12 07:22:33'),(452,1,1,'setting_setting','entry_download_status','Download Order Status:<br /><span class=\"help\">Set the order status the customers order must reach before they are allowed to access their downloadable products.</span>','2019-07-12 07:22:33','2019-07-12 07:22:33'),(453,1,1,'setting_setting','entry_mail_protocol','Mail Protocol:<span class=\"help\">Mail: Default server mail server will be used. Make sure it is configured and able to send email with PHP mail.','2019-07-12 07:22:33','2019-07-12 07:22:33'),(454,1,1,'setting_setting','entry_mail_parameter','Mail Parameters:<span class=\"help\">When using \'Mail\', additional mail parameters can be added here (e.g. \"-femail@storeaddress.com\".','2019-07-12 07:22:33','2019-07-12 07:22:33'),(455,1,1,'setting_setting','entry_smtp_host','SMTP Host:<br /><span class=\"help\">Use ssl://smtp.yourdomain.com for secure smtp connection','2019-07-12 07:22:33','2019-07-12 07:22:33'),(456,1,1,'setting_setting','entry_smtp_username','SMTP Username:','2019-07-12 07:22:33','2019-07-12 07:22:33'),(457,1,1,'setting_setting','entry_smtp_password','SMTP Password:','2019-07-12 07:22:33','2019-07-12 07:22:33'),(458,1,1,'setting_setting','entry_smtp_port','SMTP Port:','2019-07-12 07:22:33','2019-07-12 07:22:33'),(459,1,1,'setting_setting','entry_smtp_timeout','SMTP Timeout:','2019-07-12 07:22:33','2019-07-12 07:22:33'),(460,1,1,'setting_setting','entry_ssl','Use SSL:<br /><span class=\"help\">To use SSL check with your host if a SSL certificate is installed.</span>','2019-07-12 07:22:33','2019-07-12 07:22:33'),(461,1,1,'setting_setting','entry_session_ttl','Control Panel Session Expiration:<br /><span class=\"help\">This value controls time interval in minutes before you will be asked to login again due to no activity.</span>','2019-07-12 07:22:33','2019-07-12 07:22:33'),(462,1,1,'setting_setting','entry_encryption','Encryption Key:<br /><span class=\"help\">Setting migrated to config file starting in v1.2.1.</span>','2019-07-12 07:22:33','2019-07-12 07:22:33'),(463,1,1,'setting_setting','entry_seo_url','Use SEO URL\'s:<br /><span class=\"help\">To use SEO URL\'s apache module mod-rewrite must be installed and you need to rename the htaccess.txt to .htaccess. Note: If abantecart not installed in the root of domain must be changed rewriteBase rule inside .htaccess file.</span>','2019-07-12 07:22:33','2019-07-12 07:22:33'),(464,1,1,'setting_setting','entry_retina_enable','Generate high-res (retina) images:<br /><span class=\"help\">To use this apache module mod-rewrite must be installed and you need to rename the htaccess.txt to .htaccess. Note: If abantecart not installed in the root of domain must be changed rewriteBase rule inside .htaccess file. <br>After enabling should clear the cache images. </span>','2019-07-12 07:22:33','2019-07-12 07:22:33'),(465,1,1,'setting_setting','entry_image_quality','Jpeg Images Compression Level','2019-07-12 07:22:33','2019-07-12 07:22:33'),(466,1,1,'setting_setting','entry_compression','Output Compression Level:<br /><span class=\"help\">GZIP for more efficient transfer to requesting clients. Compression level must be between 0 - 9</span>','2019-07-12 07:22:33','2019-07-12 07:22:33'),(467,1,1,'setting_setting','entry_error_display','Display Errors:<br /><span class=\"help\">Set to yes if you want to see the exceptions and errors</span>','2019-07-12 07:22:33','2019-07-12 07:22:33'),(468,1,1,'setting_setting','entry_error_log','Log Errors:<br /><span class=\"help\">Set to yes if you want to save the exceptions and errors to the log</span>','2019-07-12 07:22:33','2019-07-12 07:22:33'),(469,1,1,'setting_setting','entry_enable_reviews','Enable Reviews:<br /><span class=\"help\"></span>','2019-07-12 07:22:33','2019-07-12 07:22:33'),(470,1,1,'setting_setting','entry_cache_enable','Cache enabled:<br /><span class=\"help\">Please be careful when disable caching. Cached pages will not be re-created and site might start loading slow. </span>','2019-07-12 07:22:33','2019-07-12 07:22:33'),(471,1,1,'setting_setting','text_setting_cache_drivers',' Currently using cache <b>%s</b> driver. Other drivers available for configuration are <i>%s</i> ','2019-07-12 07:22:33','2019-07-12 07:22:33'),(472,1,1,'setting_setting','entry_storefront_api_status','Storefront API status:','2019-07-12 07:22:33','2019-07-12 07:22:33'),(473,1,1,'setting_setting','entry_storefront_api_key','Storefront API Key:<br /><span class=\"help\">Set this key to provide restricted (more secure) access to storefront API.</span>','2019-07-12 07:22:33','2019-07-12 07:22:33'),(474,1,1,'setting_setting','entry_storefront_api_stock_check','Storefront API Stock Access:<br /><span class=\"help\">Enable if you allow storefront API to check stock availability</span>','2019-07-12 07:22:33','2019-07-12 07:22:33'),(475,1,1,'setting_setting','entry_admin_api_status','Admin API status:','2019-07-12 07:22:33','2019-07-12 07:22:33'),(476,1,1,'setting_setting','entry_admin_api_key','Admin API Key:<br /><span class=\"help\">Set this key to provide restricted (more secure) access to admin API.</span>','2019-07-12 07:22:33','2019-07-12 07:22:33'),(477,1,1,'setting_setting','entry_admin_access_ip_list','Admin API Access IPs:<br /><span class=\"help\">Provide list of IPs (comma separated) that will be allowed to access admin API. Other IPs will be blocked</span>','2019-07-12 07:22:33','2019-07-12 07:22:33'),(478,1,1,'setting_setting','entry_upload_max_size','Resource Library Upload Max File Size, kB','2019-07-12 07:22:33','2019-07-12 07:22:33'),(479,1,1,'setting_setting','entry_debug','Show Debug Info:<br /><span class=\"help\">Set this ON if you want to see the execution details and show debug details.</span>','2019-07-12 07:22:33','2019-07-12 07:22:33'),(480,1,1,'setting_setting','entry_debug_0','Off','2019-07-12 07:22:33','2019-07-12 07:22:33'),(481,1,1,'setting_setting','entry_debug_1','Show','2019-07-12 07:22:33','2019-07-12 07:22:33'),(482,1,1,'setting_setting','entry_debug_2','Log','2019-07-12 07:22:33','2019-07-12 07:22:33'),(483,1,1,'setting_setting','entry_debug_level','Debug Level:<br /><span class=\"help\">Select the depth of the details you need to see in the debug output.</span>','2019-07-12 07:22:33','2019-07-12 07:22:33'),(484,1,1,'setting_setting','entry_debug_level_0','Level 0 - no logs , only exception errors ','2019-07-12 07:22:33','2019-07-12 07:22:33'),(485,1,1,'setting_setting','entry_debug_level_1','Level 1 - errors and warnings','2019-07-12 07:22:33','2019-07-12 07:22:33'),(486,1,1,'setting_setting','entry_debug_level_2','Level 2 - #1 + mysql site load, php file execution time and page elements load time ','2019-07-12 07:22:33','2019-07-12 07:22:33'),(487,1,1,'setting_setting','entry_debug_level_3','Level 3 - #2 + basic logs and stack of execution','2019-07-12 07:22:33','2019-07-12 07:22:33'),(488,1,1,'setting_setting','entry_debug_level_4','Level 4 - #3 + dump mysql statements ','2019-07-12 07:22:33','2019-07-12 07:22:33'),(489,1,1,'setting_setting','entry_debug_level_5','Level 5 - #4 + intermediate variable ','2019-07-12 07:22:33','2019-07-12 07:22:33'),(490,1,1,'setting_setting','entry_template_debug','Template debug:<br /><span class=\"help\">Enable this setting if you need to check issues with template in storefront and control panel.</span>','2019-07-12 07:22:33','2019-07-12 07:22:33'),(491,1,1,'setting_setting','entry_error_filename','Error Log Filename:<br /><span class=\"help\">This is a file where errors are saved.</span>','2019-07-12 07:22:33','2019-07-12 07:22:33'),(492,1,1,'setting_setting','entry_shipping_session','Use Shipping Session:<br /><span class=\"help\">Saves shipping quotes to session to avoid re-quoting unnecessarily. Quotes will only be re-quoted if cart or address is changed.</span>','2019-07-12 07:22:33','2019-07-12 07:22:33'),(493,1,1,'setting_setting','entry_catalog_limit','Default Items per Page (Storefront):<br /><span class=\"help\">Sets how many storefront items are shown per page (products, categories, etc)</span>','2019-07-12 07:22:33','2019-07-12 07:22:33'),(494,1,1,'setting_setting','entry_admin_limit','Default Items per Page (Admin):<br /><span class=\"help\">Sets how many admin items are shown per page in listing grids (orders, customers, etc)</span>','2019-07-12 07:22:33','2019-07-12 07:22:33'),(495,1,1,'setting_setting','entry_bestseller_limit','Number of Items In Bestseller Block ','2019-07-12 07:22:33','2019-07-12 07:22:33'),(496,1,1,'setting_setting','entry_featured_limit','Number of Items In Featured Block ','2019-07-12 07:22:33','2019-07-12 07:22:33'),(497,1,1,'setting_setting','entry_latest_limit','Number of Items In Latest Block ','2019-07-12 07:22:33','2019-07-12 07:22:33'),(498,1,1,'setting_setting','entry_special_limit','Number of Items In Special Block ','2019-07-12 07:22:33','2019-07-12 07:22:33'),(499,1,1,'setting_setting','entry_cart_weight','Display Weight on Cart Page:<br /><span class=\"help\">Show the cart weight on the cart page</span>','2019-07-12 07:22:33','2019-07-12 07:22:33'),(500,1,1,'setting_setting','entry_reviews','Allow Reviews:<br /><span class=\"help\">Enable/Disable new review entry and display of existing reviews</span>','2019-07-12 07:22:33','2019-07-12 07:22:33'),(501,1,1,'setting_setting','entry_maintenance','Maintenance Mode:<br /><span class=\"help\">Prevents customers from browsing your store. They will instead see a maintenance message. If logged in as admin, you will see the store as normal.</span>','2019-07-12 07:22:33','2019-07-12 07:22:33'),(502,1,1,'setting_setting','entry_voicecontrol','Voice Control:<br /><span class=\"help\">Enable admin voice control to activate voice commands feature. Currently only supported in Chrome version 25 or later.</span>','2019-07-12 07:22:33','2019-07-12 07:22:33'),(503,1,1,'setting_setting','entry_help_links','Help Links:<br /><span class=\"help\">If you want to see Help Icons and links to AbanteCart site. This will help you learn about features and how to use them. If you advanced user and do not want to see these help icons, you can disable.</span>','2019-07-12 07:22:33','2019-07-12 07:22:33'),(504,1,1,'setting_setting','entry_show_tree_data','Enable Tree Grid:<br /><span class=\"help\">Enables admin grids to show parent/children types in one grid listing. NOTE: Pagination and multi-actions are disabled for these grids</span>','2019-07-12 07:22:33','2019-07-12 07:22:33'),(505,1,1,'setting_setting','entry_cart_ajax','Same Page Add To Cart:<br /><span class=\"help\">This will enable AJAX add to cart feature. Product can be added to cart without redirecting to cart page</span>','2019-07-12 07:22:33','2019-07-12 07:22:33'),(506,1,1,'setting_setting','entry_storefront_width','Storefront Site Width:<br /><span class=\"help\">Example: 100% or 1000px </span>','2019-07-12 07:22:33','2019-07-12 07:22:33'),(507,1,1,'setting_setting','entry_admin_width','Admin Site Width:<br /><span class=\"help\">Example: 100% or 1000px </span>','2019-07-12 07:22:33','2019-07-12 07:22:33'),(508,1,1,'setting_setting','entry_total_order_maximum','Maximum order amount allowed:<br /><span class=\"help\">Prevent checkout with large order sub-total amounts. 0 = NO LIMIT</span>','2019-07-12 07:22:33','2019-07-12 07:22:33'),(509,1,1,'setting_setting','entry_total_order_minimum','Minimum order amount:<br /><span class=\"help\">Prevent checkout if order sub-total does not reach minimum amount set. 0 = NO MINIMUM</span>','2019-07-12 07:22:33','2019-07-12 07:22:33'),(510,1,1,'setting_setting','entry_system_check','System Check:<br /><span class=\"help\">Enable this setting if you want to check your system condition in respect to AbanteCart functionality. System issues effecting AbanteCart will be reported as messages visible in admin.</span>','2019-07-12 07:22:33','2019-07-12 07:22:33'),(511,1,1,'setting_setting','button_add_store','New Store','2019-07-12 07:22:33','2019-07-12 07:22:33'),(512,1,1,'setting_setting','error_permission','Warning: You do not have permission to modify settings!','2019-07-12 07:22:33','2019-07-12 07:22:33'),(513,1,1,'setting_setting','error_loginname','Login name must be alphanumeric only and between 5 and 64 characters!','2019-07-12 07:22:33','2019-07-12 07:22:33'),(514,1,1,'setting_setting','error_loginname_notunique','This login name is not available. Try different login name!','2019-07-12 07:22:33','2019-07-12 07:22:33'),(515,1,1,'setting_setting','error_name','Store Name must be between 2 and 32 characters!','2019-07-12 07:22:33','2019-07-12 07:22:33'),(516,1,1,'setting_setting','error_url','Valid Store URL required!','2019-07-12 07:22:33','2019-07-12 07:22:33'),(517,1,1,'setting_setting','error_title','Title must be between 2 and 32 characters!','2019-07-12 07:22:33','2019-07-12 07:22:33'),(518,1,1,'setting_setting','error_owner','Store Owner must be between 2 and 64 characters!','2019-07-12 07:22:33','2019-07-12 07:22:33'),(519,1,1,'setting_setting','error_address','Store Address must be between 10 and 256 characters!','2019-07-12 07:22:33','2019-07-12 07:22:33'),(520,1,1,'setting_setting','error_email','E-Mail Address does not appear to be valid!','2019-07-12 07:22:33','2019-07-12 07:22:33'),(521,1,1,'setting_setting','error_telephone','Telephone must be between 2 and 32 characters!','2019-07-12 07:22:33','2019-07-12 07:22:33'),(522,1,1,'setting_setting','error_image_thumb','Product Image Thumb Size dimensions required!','2019-07-12 07:22:33','2019-07-12 07:22:33'),(523,1,1,'setting_setting','error_image_popup','Product Image Popup Size dimensions required!','2019-07-12 07:22:33','2019-07-12 07:22:33'),(524,1,1,'setting_setting','error_image_category','Category List Size dimensions required!','2019-07-12 07:22:33','2019-07-12 07:22:33'),(525,1,1,'setting_setting','error_image_manufacturer','Brand Icon List Size dimensions required!','2019-07-12 07:22:33','2019-07-12 07:22:33'),(526,1,1,'setting_setting','error_image_product','Product List Size dimensions required!','2019-07-12 07:22:33','2019-07-12 07:22:33'),(527,1,1,'setting_setting','error_image_additional','Additional Product Image Size dimensions required!','2019-07-12 07:22:33','2019-07-12 07:22:33'),(528,1,1,'setting_setting','error_image_related','Related Product Image Size dimensions required!','2019-07-12 07:22:33','2019-07-12 07:22:33'),(529,1,1,'setting_setting','error_image_cart','Cart Image Size dimensions required!','2019-07-12 07:22:33','2019-07-12 07:22:33'),(530,1,1,'setting_setting','error_image_grid','Grid Image Size dimensions required!','2019-07-12 07:22:33','2019-07-12 07:22:33'),(531,1,1,'setting_setting','error_error_filename','Error Log Filename required!','2019-07-12 07:22:33','2019-07-12 07:22:33'),(532,1,1,'setting_setting','error_required_data','Required Data has not been entered. Check for field errors!','2019-07-12 07:22:33','2019-07-12 07:22:33'),(533,1,1,'setting_setting','error_uploaded_image','Uploaded file %s is not image or broken!','2019-07-12 07:22:33','2019-07-12 07:22:33'),(534,1,1,'setting_setting','error_limit','Limit required!','2019-07-12 07:22:33','2019-07-12 07:22:33'),(535,1,1,'setting_setting','text_front','Store Front','2019-07-12 07:22:33','2019-07-12 07:22:33'),(536,1,1,'setting_setting','text_admin','Admin','2019-07-12 07:22:33','2019-07-12 07:22:33'),(537,1,1,'setting_setting','error_mail','Please fill required fields for smtp-protocol!','2019-07-12 07:22:33','2019-07-12 07:22:33'),(538,1,1,'setting_setting','text_sorting_sort_order_asc','Product\'s Sort Order Low &gt; High','2019-07-12 07:22:33','2019-07-12 07:22:33'),(539,1,1,'setting_setting','text_sorting_name_asc','Name A - Z','2019-07-12 07:22:33','2019-07-12 07:22:33'),(540,1,1,'setting_setting','text_sorting_name_desc','Name Z - A','2019-07-12 07:22:33','2019-07-12 07:22:33'),(541,1,1,'setting_setting','text_sorting_price_asc','Price Low &gt; High','2019-07-12 07:22:33','2019-07-12 07:22:33'),(542,1,1,'setting_setting','text_sorting_price_desc','Price High &gt; Low','2019-07-12 07:22:33','2019-07-12 07:22:33'),(543,1,1,'setting_setting','text_sorting_rating_asc','Rating Lowest','2019-07-12 07:22:33','2019-07-12 07:22:33'),(544,1,1,'setting_setting','text_sorting_rating_desc','Rating Highest','2019-07-12 07:22:33','2019-07-12 07:22:33'),(545,1,1,'setting_setting','text_sorting_date_asc','Date Old &gt; New','2019-07-12 07:22:33','2019-07-12 07:22:33'),(546,1,1,'setting_setting','text_sorting_date_desc','Date New &gt; Old','2019-07-12 07:22:33','2019-07-12 07:22:33'),(547,1,1,'setting_setting','entry_product_default_sort_order','Sort Products as default by:','2019-07-12 07:22:33','2019-07-12 07:22:33'),(548,1,1,'setting_setting','entry_zero_customer_balance','Show Zero Customer Balance:<br /><span class=\"help\">Note: Enable/disable display of balance message if customer account balance is 0</span>','2019-07-12 07:22:33','2019-07-12 07:22:33'),(549,1,1,'setting_setting','entry_shipping_tax_estimate','Shipping and Tax Estimate:<br /><span class=\"help\">Allow customers to get quick shipping and tax estimate in the shopping cart.</span>','2019-07-12 07:22:33','2019-07-12 07:22:33'),(550,1,1,'setting_setting','entry_coupon_on_cart_page','Coupon on shopping cart page:<br /><span class=\"help\">Allow customers to enter coupon code and see discount in the shopping cart.</span>','2019-07-12 07:22:33','2019-07-12 07:22:33'),(551,1,1,'setting_setting','entry_google_analytics','Google Analytics Account Number:<br /><span class=\"help\">Add your <a href=\"https://support.google.com/analytics/answer/1032385?hl=en&ref_topic=1008082\" target=\"_blank\">Google Analytics Account Number</a> to enable site activity tracking. This also enables ecommerce activity tracking. You must enable ecommerce tracking in google on the profile settings page for your website</span>','2019-07-12 07:22:33','2019-07-12 07:22:33'),(552,1,1,'setting_setting','entry_ssl_url','Secure Store URL:<br /><span class=\"help\">Include the full SSL URL(HTTPS) to your store. Make sure to add \'/\' at the end. Example: https://www.yourdomain.com/path/</span>','2019-07-12 07:22:33','2019-07-12 07:22:33'),(553,1,1,'setting_setting','error_ssl_url','Valid Secure URL required!','2019-07-12 07:22:33','2019-07-12 07:22:33'),(554,1,1,'setting_setting','entry_customer_email_activation','Email Activation for New Customers:<br /><span class=\"help\">Don\'t allow new customer to login until their account has been confirmed by activation link sent via email. For this to work, make sure \"Approve New Customers\" is set to OFF.</span>','2019-07-12 07:22:33','2019-07-12 07:22:33'),(555,1,1,'setting_setting','text_clone_template','Clone Template With AbanteCart Developer Tools','2019-07-12 07:22:33','2019-07-12 07:22:33'),(556,1,1,'setting_setting','text_set_template','Set this template for the storefront','2019-07-12 07:22:33','2019-07-12 07:22:33'),(557,1,1,'setting_setting','entry_embed_status','Enable Storefront Embed:','2019-07-12 07:22:33','2019-07-12 07:22:33'),(558,1,1,'setting_setting','entry_embed_click_action','Embed Click Action:','2019-07-12 07:22:33','2019-07-12 07:22:33'),(559,1,1,'setting_setting','text_embed_click_action_modal','Same page Modal Dialog','2019-07-12 07:22:33','2019-07-12 07:22:33'),(560,1,1,'setting_setting','text_embed_click_action_new_window','Open new page in new tab','2019-07-12 07:22:33','2019-07-12 07:22:33'),(561,1,1,'setting_setting','text_embed_click_action_same_window','Open new page in same window','2019-07-12 07:22:33','2019-07-12 07:22:33'),(562,1,1,'setting_setting','entry_account_create_captcha','Captcha on create account form :<br /><span class=\"help\">Prevent spam/robot account creation with enabling human verification captcha</span>','2019-07-12 07:22:33','2019-07-12 07:22:33'),(563,1,1,'setting_setting','entry_recaptcha_site_key','Google reCAPTCHA Site Key:<br /><span class=\"help\">Add <a href=\"https://www.google.com/recaptcha\" target=\"_blank\">Google reCAPTCHA v2</a> to help your visitors with better captcha entry. If you enable reCAPTCHA site/secret keys, Google reCAPTCHA v2 will be activated instead of default AbanteCart captcha image</span>','2019-07-12 07:22:33','2019-07-12 07:22:33'),(564,1,1,'setting_setting','entry_recaptcha_secret_key','Google reCAPTCHA Secret Key:<br /><span class=\"help\">Add <a href=\"https://www.google.com/recaptcha\" target=\"_blank\">Google reCAPTCHA v2</a> to help your visitors with better captcha entry. If you enable reCAPTCHA site/secret keys, Google reCAPTCHA v2 will be activated instead of default AbanteCart captcha image</span>','2019-07-12 07:22:33','2019-07-12 07:22:33'),(565,1,1,'setting_setting','text_setting_php_exceed','This value can not exceed your php.ini directive %s (<=%s)','2019-07-12 07:22:33','2019-07-12 07:22:33'),(566,1,1,'setting_setting','entry_start_order_id','Order Start No.:<br /><span class=\"help\">Set the starting number the orders will begin from.</span>','2019-07-12 07:22:33','2019-07-12 07:22:33'),(567,1,1,'setting_setting','error_start_order_id','Order start number must be a numeric!','2019-07-12 07:22:33','2019-07-12 07:22:33'),(568,1,1,'setting_setting','error_starting_invoice_id','Invoice start number must be a numeric!','2019-07-12 07:22:33','2019-07-12 07:22:33'),(569,1,1,'setting_setting','entry_expire_order_days','Incomplete Order Expiration:<br /><span class=\"help\">This value controls time interval in days before incomplete orders will be deleted. Empty value means that no orders will be to deleted.</span>','2019-07-12 07:22:33','2019-07-12 07:22:33'),(570,1,1,'setting_setting','error_expire_order_days','Incomplete Order Expiration value must be a numeric!','2019-07-12 07:22:33','2019-07-12 07:22:33'),(571,1,1,'setting_setting','text_storefront','Storefront','2019-07-12 07:22:33','2019-07-12 07:22:33'),(572,1,1,'setting_setting','text_im_driver','Driver','2019-07-12 07:22:33','2019-07-12 07:22:33'),(573,1,1,'setting_setting','text_im_protocol','IM Protocol','2019-07-12 07:22:33','2019-07-12 07:22:33'),(574,1,1,'setting_setting','entry_sms_driver','SMS Provider','2019-07-12 07:22:33','2019-07-12 07:22:33'),(575,1,1,'setting_setting','entry_sms_driver_tooltip','Select an extension for SMS service provider','2019-07-12 07:22:33','2019-07-12 07:22:33'),(576,1,1,'setting_setting','entry_storefront_status_tooltip','Enable SMS for customers','2019-07-12 07:22:33','2019-07-12 07:22:33'),(577,1,1,'setting_setting','entry_admin_status_tooltip','Enable SMS for administrators','2019-07-12 07:22:33','2019-07-12 07:22:33'),(578,1,1,'setting_setting','text_no_driver',' No IM Driver Found','2019-07-12 07:22:33','2019-07-12 07:22:33'),(579,1,1,'setting_setting','text_im_settings_attention','These settings are for instant messages sent automatically during AbanteCart events in storefront and admin. ','2019-07-12 07:22:33','2019-07-12 07:22:33'),(580,1,1,'setting_setting','entry_html_cache','HTML Cache:<br /><span class=\"help\">Enabled HTML pages and blocks caching to get better speed for your pages. This is additional caching to regular data caching enabled in system/config.php file</span>','2019-07-12 07:22:33','2019-07-12 07:22:33'),(581,1,1,'setting_setting','entry_task_api_key','Tasks API Key:<br/><span class=\"help\">This is a secret key to allow AbanteCart to run scheduled processes from the browser with /task.php file. If not set, tasks will not run via browser.<br/>NOTE: This API Key is not required for running tasks command line.</span>','2019-07-12 07:22:33','2019-07-12 07:22:33'),(582,1,1,'setting_setting','entry_duplicate_contact_us','Duplicate Contact Enquiries to Messages','2019-07-12 07:22:33','2019-07-12 07:22:33'),(583,1,1,'common_quick_start','text_quick_start','Quick Start Wizard','2019-07-12 07:22:33','2019-07-12 07:22:33'),(584,1,1,'common_quick_start','text_quick_start_note','    	Welcome to AbanteCart administration.<br />\n    	This is a wizard to help you quickly set up your shopping cart with most common settings.\n		<br />\n    ','2019-07-12 07:22:33','2019-07-12 07:22:33'),(585,1,1,'common_quick_start','text_quick_start_general','    	Below are most common general settings. \n    	More settings are available <a href=\"%s\" target=\"_new_admin\"><i class=\"fa fa-link fa-fw\"></i></a>\n    ','2019-07-12 07:22:33','2019-07-12 07:22:33'),(586,1,1,'common_quick_start','text_quick_start_details','    	Below are most common settings about your store. \n    	More settings are available <a href=\"%s\" target=\"_new_admin\"><i class=\"fa fa-link fa-fw\"></i></a>\n    ','2019-07-12 07:22:33','2019-07-12 07:22:33'),(587,1,1,'common_quick_start','text_quick_start_checkout','    	Below are most common settings for checkout process. \n    	More settings are available <a href=\"%s\" target=\"_new_admin\"><i class=\"fa fa-link fa-fw\"></i></a>\n    ','2019-07-12 07:22:33','2019-07-12 07:22:33'),(588,1,1,'common_quick_start','text_quick_start_appearance','    	Below are most common settings for storefront appearance. \n    	More settings are available <a href=\"%s\" target=\"_new_admin\"><i class=\"fa fa-link fa-fw\"></i></a>\n    ','2019-07-12 07:22:33','2019-07-12 07:22:33'),(589,1,1,'common_quick_start','text_quick_start_mail','    	Below are most common settings to enable email. If you use external email server (google, etc) to send emails, you need to use SMTP option. For emails to be sent from this server use Mail option. \n    	More settings are available <a href=\"%s\" target=\"_new_admin\"><i class=\"fa fa-link fa-fw\"></i></a>\n    ','2019-07-12 07:22:33','2019-07-12 07:22:33'),(590,1,1,'common_quick_start','text_quick_start_last','    	Bellow you can select desired payments and shipping methods, additional languages and many other features to extend your eCommerce functionality.\n    	Remember to check a selection of extensions on <a href=\"#admin#rt=extension/extensions_store\" target=\"_extension\">AbanteCart marketplace</a> offered by community of professional developers.\n    ','2019-07-12 07:22:33','2019-07-12 07:22:33'),(591,1,1,'common_quick_start','text_quick_start_last_footer','    	You have completed quick starter wizard. <br /><br /> \n    	You can locate all the settings <a href=\"%s\">this link <i class=\"fa fa-link fa-fw\"></i></a>\n    ','2019-07-12 07:22:33','2019-07-12 07:22:33'),(592,1,1,'common_quick_start','payments_selection','    <div class=\"info alert alert-info\">\n    <i class=\"fa fa-money fa-fw\"></i> Select your payment methods.\n    </div>\n    <div class=\"row\">\n	    <div class=\"col-sm-3 h5 center\">\n	        <a href=\"#admin#rt=extension/extensions/install&extension=default_stripe\" target=\"_extension\">\n	        <img src=\"extensions/default_stripe/image/icon.png\"><br>Install Stripe</a>\n	    </div>\n	    <div class=\"col-sm-3 h5 center\">\n	        <a href=\"#admin#rt=extension/extensions/install&extension=default_pp_standart\" target=\"_extension\">\n	        <img src=\"extensions/default_pp_standart/image/icon.png\"><br>Install Paypal</a>\n	    </div>\n	    <div class=\"col-sm-3 h5 center\">\n	        <a href=\"#admin#rt=extension/extensions/install&extension=default_payza\" target=\"_extension\">\n	        <img src=\"extensions/default_payza/image/icon.png\"><br>Install Payza</a>\n	    </div>\n	    <div class=\"col-sm-3 h5 center\">\n	        <a href=\"#admin#rt=extension/extensions/payment\" target=\"_extension\">\n	        <img src=\"admin/view/default/image/default_extension.png\"><br>More Payments</a>\n	    </div>\n    </div>\n    ','2019-07-12 07:22:33','2019-07-12 07:22:33'),(593,1,1,'common_quick_start','shipping_selection','    <div class=\"info alert alert-info\">\n    <i class=\"fa fa-truck fa-fw\"></i> Select your shipping methods.\n    </div>\n    <div class=\"row\">\n	    <div class=\"col-sm-3 h5 center\">\n	        <a href=\"#admin#rt=extension/extensions/install&extension=default_free_shipping\" target=\"_extension\">\n	        <img src=\"extensions/default_free_shipping/image/icon.png\"><br>Free shipping</a>\n	    </div>\n	    <div class=\"col-sm-3 h5 center\">\n	        <a href=\"#admin#rt=extension/extensions/install&extension=default_fedex\" target=\"_extension\">\n	        <img src=\"extensions/default_fedex/image/icon.png\"><br>Fedex</a>\n	    </div>\n	    <div class=\"col-sm-3 h5 center\">\n	        <a href=\"#admin#rt=extension/extensions/install&extension=default_ups\" target=\"_extension\">\n	        <img src=\"extensions/default_ups/image/icon.png\"><br>UPS</a>\n	    </div>\n	    <div class=\"col-sm-3 h5 center\">\n	        <a href=\"#admin#rt=extension/extensions/shipping\" target=\"_extension\">\n	        <img src=\"admin/view/default/image/default_extension.png\"><br>More Shippings</a>\n	    </div>\n    </div>\n    ','2019-07-12 07:22:33','2019-07-12 07:22:33'),(594,1,1,'common_quick_start','language_selection','    <div class=\"info alert alert-info\">\n    <i class=\"fa fa-language fa-fw\"></i> Select additional languages.\n    </div>\n    <div class=\"row\">\n	    <div class=\"col-sm-3 h5 center\">\n	        <a href=\"#admin#rt=extension/extensions/install&extension=default_italian\" target=\"_extension\">\n	        <img src=\"extensions/default_italian/image/icon.png\"><br>Italian</a>\n	    </div>\n	    <div class=\"col-sm-3 h5 center\">\n	        <a href=\"#admin#rt=extension/extensions/install&extension=default_spanish\" target=\"_extension\">\n	        <img src=\"extensions/default_spanish/image/icon.png\"><br>Spanish</a>\n	    </div>\n	    <div class=\"col-sm-3 h5 center\">\n	        <a href=\"#admin#rt=extension/extensions/install&extension=default_russian\" target=\"_extension\">\n	        <img src=\"extensions/default_russian/image/icon.png\"><br>Russian</a>\n	    </div>\n	    <div class=\"col-sm-3 h5 center\">\n	        <a href=\"#admin#rt=extension/extensions_store&category_id=67&sidx=date_modified\" target=\"_extension\">\n	        <img src=\"admin/view/default/image/default_extension.png\"><br>More Languages</a>\n	    </div>\n    </div>\n    ','2019-07-12 07:22:33','2019-07-12 07:22:33'),(595,1,1,'common_quick_start','more_extensions','    <div class=\"info alert alert-info\">\n    <i class=\"fa fa-puzzle-piece fa-fw\"></i> More extensions on AbanteCart marketplace.\n    </div>\n    <div class=\"row center\">\n		<div class=\"btn-group center\">\n		    <a class=\"btn btn-primary\" href=\"#admin#rt=extension/extensions_store\" target=\"_extension\">\n		    	<i class=\"fa fa-cloud-download fa-fw\"></i> Extensions Marketplace\n		    </a>\n		</div>\n    </div>\n    ','2019-07-12 07:22:33','2019-07-12 07:22:33'),(596,1,1,'common_resource_library','heading_title','Resource Library','2019-07-12 07:22:33','2019-07-12 07:22:33'),(597,1,1,'common_resource_library','view_title','View Object Resources','2019-07-12 07:22:33','2019-07-12 07:22:33'),(598,1,1,'common_resource_library','confirm_title','Confirm resource(s) delete','2019-07-12 07:22:33','2019-07-12 07:22:33'),(599,1,1,'common_resource_library','text_confirm_delete','Some resources might be included in the text. We can not check this automatically.  Delete?','2019-07-12 07:22:33','2019-07-12 07:22:33'),(600,1,1,'common_resource_library','text_cant_delete_title','Resource(s) delete','2019-07-12 07:22:33','2019-07-12 07:22:33'),(601,1,1,'common_resource_library','text_cant_delete','Cant delete resource(s) because one or more resources is linked to object','2019-07-12 07:22:33','2019-07-12 07:22:33'),(602,1,1,'common_resource_library','text_edit_resource','Edit Resource','2019-07-12 07:22:33','2019-07-12 07:22:33'),(603,1,1,'common_resource_library','text_resource_details','Resource Details','2019-07-12 07:22:33','2019-07-12 07:22:33'),(604,1,1,'common_resource_library','text_mapped_to','Linked To','2019-07-12 07:22:33','2019-07-12 07:22:33'),(605,1,1,'common_resource_library','text_products','Products','2019-07-12 07:22:33','2019-07-12 07:22:33'),(606,1,1,'common_resource_library','text_add_file','Add Resource File','2019-07-12 07:22:33','2019-07-12 07:22:33'),(607,1,1,'common_resource_library','text_add_code','Add Resource HTML','2019-07-12 07:22:33','2019-07-12 07:22:33'),(608,1,1,'common_resource_library','text_add_files','Add files...','2019-07-12 07:22:33','2019-07-12 07:22:33'),(609,1,1,'common_resource_library','text_upload_files','Upload files','2019-07-12 07:22:33','2019-07-12 07:22:33'),(610,1,1,'common_resource_library','text_drag','or Drag them here to start upload','2019-07-12 07:22:33','2019-07-12 07:22:33'),(611,1,1,'common_resource_library','text_start_upload','Start upload','2019-07-12 07:22:33','2019-07-12 07:22:33'),(612,1,1,'common_resource_library','text_cancel_upload','Cancel upload','2019-07-12 07:22:33','2019-07-12 07:22:33'),(613,1,1,'common_resource_library','text_start','Start','2019-07-12 07:22:33','2019-07-12 07:22:33'),(614,1,1,'common_resource_library','text_cancel','Cancel','2019-07-12 07:22:33','2019-07-12 07:22:33'),(615,1,1,'common_resource_library','text_save_sort_order','Save Sort Order','2019-07-12 07:22:33','2019-07-12 07:22:33'),(616,1,1,'common_resource_library','text_error','Error','2019-07-12 07:22:33','2019-07-12 07:22:33'),(617,1,1,'common_resource_library','text_delete_files','Delete files','2019-07-12 07:22:33','2019-07-12 07:22:33'),(618,1,1,'common_resource_library','text_search','search','2019-07-12 07:22:33','2019-07-12 07:22:33'),(619,1,1,'common_resource_library','text_type','Type','2019-07-12 07:22:33','2019-07-12 07:22:33'),(620,1,1,'common_resource_library','text_language','Language','2019-07-12 07:22:33','2019-07-12 07:22:33'),(621,1,1,'common_resource_library','text_resource_code','Resource HTML','2019-07-12 07:22:33','2019-07-12 07:22:33'),(622,1,1,'common_resource_library','text_name','Name','2019-07-12 07:22:33','2019-07-12 07:22:33'),(623,1,1,'common_resource_library','text_title','Title','2019-07-12 07:22:33','2019-07-12 07:22:33'),(624,1,1,'common_resource_library','text_description','Description','2019-07-12 07:22:33','2019-07-12 07:22:33'),(625,1,1,'common_resource_library','text_uploaded','Success: Resource has been uploaded!','2019-07-12 07:22:33','2019-07-12 07:22:33'),(626,1,1,'common_resource_library','text_add','Add','2019-07-12 07:22:33','2019-07-12 07:22:33'),(627,1,1,'common_resource_library','text_edit','Edit','2019-07-12 07:22:33','2019-07-12 07:22:33'),(628,1,1,'common_resource_library','text_map','Link to Object','2019-07-12 07:22:33','2019-07-12 07:22:33'),(629,1,1,'common_resource_library','text_map_to','Link to %s','2019-07-12 07:22:33','2019-07-12 07:22:33'),(630,1,1,'common_resource_library','text_unmap','Unlink from Object','2019-07-12 07:22:33','2019-07-12 07:22:33'),(631,1,1,'common_resource_library','text_unmap_from','Unlink from %s','2019-07-12 07:22:33','2019-07-12 07:22:33'),(632,1,1,'common_resource_library','text_success_unmap','Success: Resource has been unlinked.','2019-07-12 07:22:33','2019-07-12 07:22:33'),(633,1,1,'common_resource_library','text_file_delete','Resource has been deleted!','2019-07-12 07:22:33','2019-07-12 07:22:33'),(634,1,1,'common_resource_library','text_delete','Success: Your Resource has been deleted!','2019-07-12 07:22:33','2019-07-12 07:22:33'),(635,1,1,'common_resource_library','error_file_type','Warning: Incorrect file type!','2019-07-12 07:22:33','2019-07-12 07:22:33'),(636,1,1,'common_resource_library','error_file_size','Warning: File to big please keep below 300kb and no more than 1000px height or width!','2019-07-12 07:22:33','2019-07-12 07:22:33'),(637,1,1,'common_resource_library','error_maxFileSize','File is too big','2019-07-12 07:22:33','2019-07-12 07:22:33'),(638,1,1,'common_resource_library','error_minFileSize','File is too small','2019-07-12 07:22:33','2019-07-12 07:22:33'),(639,1,1,'common_resource_library','error_acceptFileTypes','Filetype not allowed','2019-07-12 07:22:33','2019-07-12 07:22:33'),(640,1,1,'common_resource_library','error_maxNumberOfFiles','Max number of files exceeded','2019-07-12 07:22:33','2019-07-12 07:22:33'),(641,1,1,'common_resource_library','error_uploadedBytes','Uploaded bytes exceed file size','2019-07-12 07:22:33','2019-07-12 07:22:33'),(642,1,1,'common_resource_library','error_emptyResult','Empty file upload result. Possibly file is corrupted or too big. File size limited to 16MB. If file size is less than limit please check php settings for upload_max_filesize & post_max_size  ','2019-07-12 07:22:33','2019-07-12 07:22:33'),(643,1,1,'common_resource_library','error_1','File exceeds upload_max_filesize (php.ini directive)','2019-07-12 07:22:33','2019-07-12 07:22:33'),(644,1,1,'common_resource_library','error_2','File exceeds MAX_FILE_SIZE (HTML form directive)','2019-07-12 07:22:33','2019-07-12 07:22:33'),(645,1,1,'common_resource_library','error_3','File was only partially uploaded','2019-07-12 07:22:33','2019-07-12 07:22:33'),(646,1,1,'common_resource_library','error_4','No File was uploaded','2019-07-12 07:22:33','2019-07-12 07:22:33'),(647,1,1,'common_resource_library','error_5','Missing a temporary folder','2019-07-12 07:22:33','2019-07-12 07:22:33'),(648,1,1,'common_resource_library','error_6','Failed to write file to disk','2019-07-12 07:22:33','2019-07-12 07:22:33'),(649,1,1,'common_resource_library','error_7','File upload stopped by extension','2019-07-12 07:22:33','2019-07-12 07:22:33'),(650,1,1,'common_resource_library','error_uploaded','Warning: File could not be uploaded for an unknown reason!','2019-07-12 07:22:33','2019-07-12 07:22:33'),(651,1,1,'common_resource_library','error_no_type','Please select resource type','2019-07-12 07:22:33','2019-07-12 07:22:33'),(652,1,1,'common_resource_library','error_required_data','Required Data has not been entered','2019-07-12 07:22:33','2019-07-12 07:22:33'),(653,1,1,'common_resource_library','error_not_added','Resource not added. Please check error log for more info','2019-07-12 07:22:33','2019-07-12 07:22:33'),(654,1,1,'common_resource_library','error_ajax','Load data error. Please check error log for more info','2019-07-12 07:22:33','2019-07-12 07:22:33'),(655,1,1,'common_resource_library','error_permission','Warning: Permission Denied!','2019-07-12 07:22:33','2019-07-12 07:22:33'),(656,1,1,'common_resource_library','error_name','Error: Name field is required!','2019-07-12 07:22:33','2019-07-12 07:22:33'),(657,1,1,'common_resource_library','button_delete','Delete','2019-07-12 07:22:33','2019-07-12 07:22:33'),(658,1,1,'common_resource_library','button_add','Add Resource','2019-07-12 07:22:33','2019-07-12 07:22:33'),(659,1,1,'common_resource_library','button_done','Done','2019-07-12 07:22:33','2019-07-12 07:22:33'),(660,1,1,'common_resource_library','button_select','Select Resources','2019-07-12 07:22:33','2019-07-12 07:22:33'),(661,1,1,'common_resource_library','text_with_selected','With selected:','2019-07-12 07:22:33','2019-07-12 07:22:33'),(662,1,1,'common_resource_library','text_success','Resource successfully updated','2019-07-12 07:22:33','2019-07-12 07:22:33'),(663,1,1,'common_resource_library','text_map_success','Resource successfully linked','2019-07-12 07:22:33','2019-07-12 07:22:33'),(664,1,1,'common_resource_library','text_no_resources','No resources available','2019-07-12 07:22:33','2019-07-12 07:22:33'),(665,1,1,'common_resource_library','text_preview','Preview/Download','2019-07-12 07:22:33','2019-07-12 07:22:33'),(666,1,1,'common_resource_library','error_file size','Attention: Maximum size of file for upload is %s. You can increase this value in php.ini.','2019-07-12 07:22:33','2019-07-12 07:22:33'),(667,1,1,'common_resource_library','text_product_option_value','Product options value','2019-07-12 07:22:33','2019-07-12 07:22:33'),(668,1,1,'common_resource_library','text_categories','Categories','2019-07-12 07:22:33','2019-07-12 07:22:33'),(669,1,1,'common_resource_library','text_manufacturers','Manufacturers','2019-07-12 07:22:33','2019-07-12 07:22:33'),(670,1,1,'common_resource_library','error_delete','Cannot delete resource linked to multiple objects','2019-07-12 07:22:33','2019-07-12 07:22:33'),(671,1,1,'common_resource_library','error_unmap','Cannot unlink resource. Object wasn\'t set.','2019-07-12 07:22:33','2019-07-12 07:22:33'),(672,1,1,'common_resource_library','text_replace_file','Replace File','2019-07-12 07:22:33','2019-07-12 07:22:33'),(673,1,1,'common_resource_library','error_not_replaced','File Replacement Error. ID required!','2019-07-12 07:22:33','2019-07-12 07:22:33'),(674,1,1,'common_resource_library','error_not_exists','File Replacement Error. Resource does not exists!','2019-07-12 07:22:33','2019-07-12 07:22:33'),(675,1,1,'common_resource_library','error_cannot_move','Error: Cannot move file %s to resources directory.','2019-07-12 07:22:33','2019-07-12 07:22:33'),(676,1,1,'common_resource_library','button_save_n_apply','Save and Apply','2019-07-12 07:22:33','2019-07-12 07:22:33'),(677,1,1,'common_resource_library','text_image_size','Image size:','2019-07-12 07:22:33','2019-07-12 07:22:33'),(678,1,1,'common_resource_library','text_file_size','File size:','2019-07-12 07:22:33','2019-07-12 07:22:33'),(679,1,1,'common_resource_library','text_file_mime','MIME:','2019-07-12 07:22:33','2019-07-12 07:22:33'),(680,1,1,'common_resource_library','text_file_path','File location:','2019-07-12 07:22:33','2019-07-12 07:22:33'),(681,1,1,'common_resource_library','text_file_url','Resource URL:','2019-07-12 07:22:33','2019-07-12 07:22:33'),(682,1,1,'common_resource_library','text_sorting_date_asc','Date Old &gt; New','2019-07-12 07:22:33','2019-07-12 07:22:33'),(683,1,1,'common_resource_library','text_sorting_date_desc','Date New &gt; Old','2019-07-12 07:22:33','2019-07-12 07:22:33'),(684,1,1,'common_resource_library','text_sorting_name_asc','Name A - Z','2019-07-12 07:22:33','2019-07-12 07:22:33'),(685,1,1,'common_resource_library','text_sorting_name_desc','Name Z - A','2019-07-12 07:22:33','2019-07-12 07:22:33'),(686,1,1,'common_resource_library','text_sorting_asc','Sort Order Low &gt; High','2019-07-12 07:22:33','2019-07-12 07:22:33'),(687,1,1,'common_resource_library','text_sorting_desc','Sort Order High &gt; Low','2019-07-12 07:22:33','2019-07-12 07:22:33'),(688,1,1,'banner_manager_banner_manager','banner_manager_name','Banner Manager','2019-07-12 07:22:33','2019-07-12 07:22:33'),(689,1,1,'banner_manager_banner_manager','banner_manager_note','To manage banners follow menu <b>Design -> Banner Mannger</b> after extension is enabled <br>\n		To see banner statistic follow <b>Reports -> Banner Statistic</b> after extension is enabled and banners created','2019-07-12 07:22:33','2019-07-12 07:22:33'),(690,1,1,'banner_manager_banner_manager','banner_manager_list','Banner List','2019-07-12 07:22:33','2019-07-12 07:22:33'),(691,1,1,'banner_manager_banner_manager','banner_manager_name_stat','Banner Statistic','2019-07-12 07:22:33','2019-07-12 07:22:33'),(692,1,1,'banner_manager_banner_manager','column_banner_id',' Id ','2019-07-12 07:22:33','2019-07-12 07:22:33'),(693,1,1,'banner_manager_banner_manager','column_banner_name',' Name ','2019-07-12 07:22:33','2019-07-12 07:22:33'),(694,1,1,'banner_manager_banner_manager','column_banner_group',' Group ','2019-07-12 07:22:33','2019-07-12 07:22:33'),(695,1,1,'banner_manager_banner_manager','column_banner_type',' Type ','2019-07-12 07:22:33','2019-07-12 07:22:33'),(696,1,1,'banner_manager_banner_manager','column_status',' Status ','2019-07-12 07:22:33','2019-07-12 07:22:33'),(697,1,1,'banner_manager_banner_manager','column_update_date',' Update Date ','2019-07-12 07:22:33','2019-07-12 07:22:33'),(698,1,1,'banner_manager_banner_manager','column_clicked',' Clicks ','2019-07-12 07:22:33','2019-07-12 07:22:33'),(699,1,1,'banner_manager_banner_manager','column_viewed',' Viewed ','2019-07-12 07:22:33','2019-07-12 07:22:33'),(700,1,1,'banner_manager_banner_manager','column_percent',' Conversion ','2019-07-12 07:22:33','2019-07-12 07:22:33'),(701,1,1,'banner_manager_banner_manager','text_create',' Create New Banner ','2019-07-12 07:22:33','2019-07-12 07:22:33'),(702,1,1,'banner_manager_banner_manager','text_graphic_banner',' Graphic Banner ','2019-07-12 07:22:33','2019-07-12 07:22:33'),(703,1,1,'banner_manager_banner_manager','text_text_banner',' Text Banner ','2019-07-12 07:22:33','2019-07-12 07:22:33'),(704,1,1,'banner_manager_banner_manager','entry_banner_name',' Name: ','2019-07-12 07:22:33','2019-07-12 07:22:33'),(705,1,1,'banner_manager_banner_manager','entry_banner_status',' Status: ','2019-07-12 07:22:33','2019-07-12 07:22:33'),(706,1,1,'banner_manager_banner_manager','entry_banner_group_name',' Banner Group Name: ','2019-07-12 07:22:33','2019-07-12 07:22:33'),(707,1,1,'banner_manager_banner_manager','entry_banner_description',' Description: ','2019-07-12 07:22:33','2019-07-12 07:22:33'),(708,1,1,'banner_manager_banner_manager','entry_banner_html',' Banner HTML-code: ','2019-07-12 07:22:33','2019-07-12 07:22:33'),(709,1,1,'banner_manager_banner_manager','entry_banner_meta',' Meta information: <span class=\"help\">SEO keywords etc</span> ','2019-07-12 07:22:33','2019-07-12 07:22:33'),(710,1,1,'banner_manager_banner_manager','entry_banner_url',' URL: ','2019-07-12 07:22:33','2019-07-12 07:22:33'),(711,1,1,'banner_manager_banner_manager','entry_banner_blank',' Open in New Window: ','2019-07-12 07:22:33','2019-07-12 07:22:33'),(712,1,1,'banner_manager_banner_manager','entry_banner_sort_order',' Sort Order in Group: ','2019-07-12 07:22:33','2019-07-12 07:22:33'),(713,1,1,'banner_manager_banner_manager','entry_banner_date_start',' Date Start: ','2019-07-12 07:22:33','2019-07-12 07:22:33'),(714,1,1,'banner_manager_banner_manager','entry_banner_date_end',' Date End: ','2019-07-12 07:22:33','2019-07-12 07:22:33'),(715,1,1,'banner_manager_banner_manager','text_add_new_group',' -- Add New Group -- ','2019-07-12 07:22:33','2019-07-12 07:22:33'),(716,1,1,'banner_manager_banner_manager','text_put_new_group',' Put New Group Name Here ','2019-07-12 07:22:33','2019-07-12 07:22:33'),(717,1,1,'banner_manager_banner_manager','error_empty',' Error: Please Fill All Required Fields of Form. ','2019-07-12 07:22:33','2019-07-12 07:22:33'),(718,1,1,'banner_manager_banner_manager','text_banner_success',' Success : You have modified banner. ','2019-07-12 07:22:33','2019-07-12 07:22:33'),(719,1,1,'banner_manager_banner_manager','text_view_stat',' View Statistic ','2019-07-12 07:22:33','2019-07-12 07:22:33'),(720,1,1,'banner_manager_banner_manager','text_banner_block',' Banner Block ','2019-07-12 07:22:33','2019-07-12 07:22:33'),(721,1,1,'banner_manager_banner_manager','text_create_block',' Create Banner Block ','2019-07-12 07:22:33','2019-07-12 07:22:33'),(722,1,1,'banner_manager_banner_manager','text_banner',' Banner ','2019-07-12 07:22:33','2019-07-12 07:22:33'),(723,1,1,'banner_manager_banner_manager','entry_banners_selected',' Selected banners: ','2019-07-12 07:22:33','2019-07-12 07:22:33'),(724,1,1,'banner_manager_banner_manager','text_select_banners',' Select banners ','2019-07-12 07:22:33','2019-07-12 07:22:33'),(725,1,1,'banner_manager_banner_manager','text_hours',' hours ','2019-07-12 07:22:33','2019-07-12 07:22:33'),(726,1,1,'banner_manager_banner_manager','text_weeks',' week days ','2019-07-12 07:22:33','2019-07-12 07:22:33'),(727,1,1,'banner_manager_banner_manager','text_days',' days ','2019-07-12 07:22:33','2019-07-12 07:22:33'),(728,1,1,'banner_manager_banner_manager','text_months',' months ','2019-07-12 07:22:33','2019-07-12 07:22:33'),(729,1,1,'banner_manager_banner_manager','text_count',' count ','2019-07-12 07:22:33','2019-07-12 07:22:33'),(730,1,1,'banner_manager_banner_manager','text_banners',' Banners ','2019-07-12 07:22:33','2019-07-12 07:22:33'),(731,1,1,'banner_manager_banner_manager','text_delete_statistic',' Delete Statistic ','2019-07-12 07:22:33','2019-07-12 07:22:33'),(732,1,1,'banner_manager_banner_manager','text_delete_success',' Statistic have been successfully deleted! ','2019-07-12 07:22:33','2019-07-12 07:22:33'),(733,1,1,'forms_manager_forms_manager','forms_manager_name','Forms Manager','2019-07-12 07:22:34','2019-07-12 07:22:34'),(734,1,1,'forms_manager_forms_manager','forms_manager_status','Status:','2019-07-12 07:22:34','2019-07-12 07:22:34'),(735,1,1,'forms_manager_forms_manager','forms_manager_note','To manage forms please enable extension and follow Design-><a href=\"#admin#rt=tool/forms_manager\">Forms Manager</a>','2019-07-12 07:22:34','2019-07-12 07:22:34'),(736,1,1,'forms_manager_forms_manager','custom_forms_block','Custom Forms Block','2019-07-12 07:22:34','2019-07-12 07:22:34'),(737,1,1,'forms_manager_forms_manager','entry_form_name','Form Name<br/><span class=\"help\">Latin letters, underscore, minus only</span>','2019-07-12 07:22:34','2019-07-12 07:22:34'),(738,1,1,'forms_manager_forms_manager','entry_controller_path','Processing Controller','2019-07-12 07:22:34','2019-07-12 07:22:34'),(739,1,1,'forms_manager_forms_manager','entry_success_page','Success page<br/><span class=\"help\">Leave it empty if you want to redirect to the same page as controller</span>','2019-07-12 07:22:34','2019-07-12 07:22:34'),(740,1,1,'forms_manager_forms_manager','entry_form_description','Description','2019-07-12 07:22:34','2019-07-12 07:22:34'),(741,1,1,'forms_manager_forms_manager','text_default_email','Default Email','2019-07-12 07:22:34','2019-07-12 07:22:34'),(742,1,1,'forms_manager_forms_manager','text_contactus_page','Contact Us Page','2019-07-12 07:22:34','2019-07-12 07:22:34'),(743,1,1,'forms_manager_forms_manager','text_form','Form','2019-07-12 07:22:34','2019-07-12 07:22:34'),(744,1,1,'forms_manager_forms_manager','column_name','Name','2019-07-12 07:22:34','2019-07-12 07:22:34'),(745,1,1,'forms_manager_forms_manager','column_description','Description','2019-07-12 07:22:34','2019-07-12 07:22:34'),(746,1,1,'forms_manager_forms_manager','column_status','Status','2019-07-12 07:22:34','2019-07-12 07:22:34'),(747,1,1,'forms_manager_forms_manager','filter_exact_match','The exact phrase','2019-07-12 07:22:34','2019-07-12 07:22:34'),(748,1,1,'forms_manager_forms_manager','filter_any_word','Any of these words','2019-07-12 07:22:34','2019-07-12 07:22:34'),(749,1,1,'forms_manager_forms_manager','filter_all_words','All of these words','2019-07-12 07:22:34','2019-07-12 07:22:34'),(750,1,1,'forms_manager_forms_manager','text_clone','Clone','2019-07-12 07:22:34','2019-07-12 07:22:34'),(751,1,1,'forms_manager_forms_manager','filter_form','Search for form','2019-07-12 07:22:34','2019-07-12 07:22:34'),(752,1,1,'forms_manager_forms_manager','text_add_new_field','-- Add new field --','2019-07-12 07:22:34','2019-07-12 07:22:34'),(753,1,1,'forms_manager_forms_manager','button_add_field','Add Field','2019-07-12 07:22:34','2019-07-12 07:22:34'),(754,1,1,'forms_manager_forms_manager','button_reset','Reset','2019-07-12 07:22:34','2019-07-12 07:22:34'),(755,1,1,'forms_manager_forms_manager','text_field_type','Field type:','2019-07-12 07:22:34','2019-07-12 07:22:34'),(756,1,1,'forms_manager_forms_manager','button_remove_field','Remove field','2019-07-12 07:22:34','2019-07-12 07:22:34'),(757,1,1,'forms_manager_forms_manager','entry_field','Field','2019-07-12 07:22:34','2019-07-12 07:22:34'),(758,1,1,'forms_manager_forms_manager','entry_field_name','Field name (latin letters, underscore, minus only)','2019-07-12 07:22:34','2019-07-12 07:22:34'),(759,1,1,'forms_manager_forms_manager','entry_sort_order','Sort order','2019-07-12 07:22:34','2019-07-12 07:22:34'),(760,1,1,'forms_manager_forms_manager','entry_required','Required','2019-07-12 07:22:34','2019-07-12 07:22:34'),(761,1,1,'forms_manager_forms_manager','entry_edit_fields','Edit Fields','2019-07-12 07:22:34','2019-07-12 07:22:34'),(762,1,1,'forms_manager_forms_manager','entry_field_value','Field value','2019-07-12 07:22:34','2019-07-12 07:22:34'),(763,1,1,'forms_manager_forms_manager','error_required','This field is required!','2019-07-12 07:22:34','2019-07-12 07:22:34'),(764,1,1,'forms_manager_forms_manager','error_duplicate_form_name','There is already Form with such Name attribute.','2019-07-12 07:22:34','2019-07-12 07:22:34'),(765,1,1,'forms_manager_forms_manager','error_duplicate_field_name','There is already Field with such Name in the current Form.','2019-07-12 07:22:34','2019-07-12 07:22:34'),(766,1,1,'forms_manager_forms_manager','text_field_removed','The field has been successfully removed.','2019-07-12 07:22:34','2019-07-12 07:22:34'),(767,1,1,'forms_manager_forms_manager','text_success_form','The form has been successfully updated.','2019-07-12 07:22:34','2019-07-12 07:22:34'),(768,1,1,'forms_manager_forms_manager','text_success_field','The field has been successfully updated.','2019-07-12 07:22:34','2019-07-12 07:22:34'),(769,1,1,'forms_manager_forms_manager','text_success_added_form','The new Form has been successfully added.','2019-07-12 07:22:34','2019-07-12 07:22:34'),(770,1,1,'forms_manager_forms_manager','text_success_added_field','The new field has been successfully added.','2019-07-12 07:22:34','2019-07-12 07:22:34'),(771,1,1,'forms_manager_forms_manager','text_add_field','Add new field','2019-07-12 07:22:34','2019-07-12 07:22:34'),(772,1,1,'forms_manager_forms_manager','entry_field_description','Display name','2019-07-12 07:22:34','2019-07-12 07:22:34'),(773,1,1,'forms_manager_forms_manager','entry_add_new_form','Add New Form','2019-07-12 07:22:34','2019-07-12 07:22:34'),(774,1,1,'forms_manager_forms_manager','text_create_block','Create Form Block','2019-07-12 07:22:34','2019-07-12 07:22:34'),(775,1,1,'forms_manager_forms_manager','entry_no_set_values','You can\'t set values for this field type.','2019-07-12 07:22:34','2019-07-12 07:22:34'),(776,1,1,'forms_manager_forms_manager','text_field_values','Field Values','2019-07-12 07:22:34','2019-07-12 07:22:34'),(777,1,1,'forms_manager_forms_manager','note_create_form_block','NOTE: To see this form shown on storefront, create form block at Design-><a href=\"%s\">Blocks</a> and add it to appropriate page at Design-><a href=\"%s\">Layouts</a> page.','2019-07-12 07:22:34','2019-07-12 07:22:34'),(778,1,1,'forms_manager_forms_manager','note_edit_layout','NOTE: To see this block shown on storefront, add it to appropriate page	at Design-><a href=\"%s\">Layouts</a>. To create new form go to Design-><a href=\"%s\">Form Manager</a> page.','2019-07-12 07:22:34','2019-07-12 07:22:34'),(779,1,1,'forms_manager_forms_manager','text_select_field_type','--- Please select ---','2019-07-12 07:22:34','2019-07-12 07:22:34'),(780,1,1,'forms_manager_forms_manager','entry_field_note','Field note','2019-07-12 07:22:34','2019-07-12 07:22:34'),(781,1,1,'forms_manager_forms_manager','forms_manager_default_sender_name','Default Sender:','2019-07-12 07:22:34','2019-07-12 07:22:34'),(782,1,1,'forms_manager_forms_manager','forms_manager_default_sender_email','Default Sender Email:','2019-07-12 07:22:34','2019-07-12 07:22:34'),(783,1,1,'forms_manager_forms_manager','entry_field_placeholder','Placeholder:','2019-07-12 07:22:34','2019-07-12 07:22:34'),(784,1,1,'forms_manager_forms_manager','entry_regexp_pattern','Regular Expression Pattern:','2019-07-12 07:22:34','2019-07-12 07:22:34'),(785,1,1,'forms_manager_forms_manager','entry_error_text','Error Message about invalid Value:','2019-07-12 07:22:34','2019-07-12 07:22:34'),(786,1,1,'forms_manager_forms_manager','entry_form','Form','2019-07-12 07:22:34','2019-07-12 07:22:34'),(787,1,1,'forms_manager_forms_manager','error_fill_required','Please fill all required fields of form!','2019-07-12 07:22:34','2019-07-12 07:22:34'),(788,1,1,'forms_manager_forms_manager','error_form_name','Name of form cannot be empty!','2019-07-12 07:22:34','2019-07-12 07:22:34'),(789,1,1,'forms_manager_forms_manager','error_form_description','Description of form cannot be empty!','2019-07-12 07:22:34','2019-07-12 07:22:34'),(790,1,1,'forms_manager_forms_manager','error_field_name_exists','Field With Name %s already present in the Form!','2019-07-12 07:22:34','2019-07-12 07:22:34'),(791,1,1,'forms_manager_forms_manager','forms_manager_error_empty_sender','Warning! Please set default sender name and default sender email in <a href=\"#admin#rt=extension/extensions/edit&extension=forms_manager\" target=\"_blank\">forms manager settings</a>','2019-07-12 07:22:34','2019-07-12 07:22:34'),(792,1,1,'neowize_insights_neowize_insights','neowize_insights_name','Neowize Insights','2019-07-12 07:22:34','2019-07-12 07:22:34'),(793,1,1,'neowize_insights_neowize_insights','neowize_insights_status','Status','2019-07-12 07:22:34','2019-07-12 07:22:34'),(794,1,1,'tool_message_manager','heading_title','Message Manager','2019-07-12 07:22:34','2019-07-12 07:22:34'),(795,1,1,'tool_message_manager','text_success','Success: You have modified message list!','2019-07-12 07:22:34','2019-07-12 07:22:34'),(796,1,1,'tool_message_manager','column_title','Message Title','2019-07-12 07:22:34','2019-07-12 07:22:34'),(797,1,1,'tool_message_manager','column_create_date','Date','2019-07-12 07:22:34','2019-07-12 07:22:34'),(798,1,1,'tool_message_manager','column_status','Status','2019-07-12 07:22:34','2019-07-12 07:22:34'),(799,1,1,'tool_message_manager','column_action','Action','2019-07-12 07:22:34','2019-07-12 07:22:34'),(800,1,1,'tool_message_manager','entry_error','Critical','2019-07-12 07:22:34','2019-07-12 07:22:34'),(801,1,1,'tool_message_manager','entry_warning','Warning','2019-07-12 07:22:34','2019-07-12 07:22:34'),(802,1,1,'tool_message_manager','entry_notice','Notice','2019-07-12 07:22:34','2019-07-12 07:22:34'),(803,1,1,'tool_message_manager','error_permission','Warning: You do not have permission to modify message list!','2019-07-12 07:22:34','2019-07-12 07:22:34'),(804,1,1,'tool_message_manager','error_name','Message title must be between 3 and 32 characters!','2019-07-12 07:22:34','2019-07-12 07:22:34'),(805,1,1,'tool_message_manager','text_show','Show','2019-07-12 07:22:34','2019-07-12 07:22:34'),(806,1,1,'tool_message_manager','text_not_found','Ooops. We can\'t find this message.','2019-07-12 07:22:34','2019-07-12 07:22:34'),(807,1,1,'tool_message_manager','text_status','Message status: ','2019-07-12 07:22:34','2019-07-12 07:22:34'),(808,1,1,'tool_message_manager','text_date','Date:','2019-07-12 07:22:34','2019-07-12 07:22:34'),(809,1,1,'tool_message_manager','text_repeats','Number of repetitions:','2019-07-12 07:22:34','2019-07-12 07:22:34'),(810,1,1,'tool_message_manager','text_warning','warning','2019-07-12 07:22:34','2019-07-12 07:22:34'),(811,1,1,'tool_message_manager','text_error','critical','2019-07-12 07:22:34','2019-07-12 07:22:34'),(812,1,1,'tool_message_manager','text_notice','notice','2019-07-12 07:22:34','2019-07-12 07:22:34'),(813,1,1,'tool_message_manager','text_delete','delete','2019-07-12 07:22:34','2019-07-12 07:22:34'),(814,1,1,'tool_message_manager','text_close','close','2019-07-12 07:22:34','2019-07-12 07:22:34'),(815,1,1,'tool_message_manager','text_confirm','Confirm?','2019-07-12 07:22:34','2019-07-12 07:22:34'),(816,1,1,'tool_message_manager','text_linktext',' this link','2019-07-12 07:22:34','2019-07-12 07:22:34'),(817,1,1,'tool_message_manager','text_notifier_title',' You Have %s New Message(s)','2019-07-12 07:22:34','2019-07-12 07:22:34'),(818,1,1,'design_template','heading_title','Template Manager','2019-07-12 07:25:52','2019-07-12 07:25:52'),(819,1,1,'design_template','text_success','Success: You have set a new storefront template!','2019-07-12 07:25:52','2019-07-12 07:25:52'),(820,1,1,'design_template','text_storefront_templates','Available Storefront Templates','2019-07-12 07:25:52','2019-07-12 07:25:52'),(821,1,1,'design_template','text_edit_extension','Extension Settings','2019-07-12 07:25:52','2019-07-12 07:25:52'),(822,1,1,'design_template','text_error','Error: Missing required parameter in your request!','2019-07-12 07:25:52','2019-07-12 07:25:52'),(823,1,1,'design_template','error_permission','Warning: You do not have permission to modify templates!','2019-07-12 07:25:52','2019-07-12 07:25:52'),(824,1,1,'sale_customer','heading_title','Customers','2019-07-12 07:27:35','2019-07-12 07:27:35'),(825,1,1,'sale_customer','text_customer','Customer','2019-07-12 07:27:35','2019-07-12 07:27:35'),(826,1,1,'sale_customer','text_success','Success: You have modified customers!','2019-07-12 07:27:35','2019-07-12 07:27:35'),(827,1,1,'sale_customer','text_approved','You have approved %s account!','2019-07-12 07:27:35','2019-07-12 07:27:35'),(828,1,1,'sale_customer','tab_customer_address','Address','2019-07-12 07:27:35','2019-07-12 07:27:35'),(829,1,1,'sale_customer','text_customer_addresses','Customer Addresses','2019-07-12 07:27:35','2019-07-12 07:27:35'),(830,1,1,'sale_customer','text_add_address','Add New Address','2019-07-12 07:27:35','2019-07-12 07:27:35'),(831,1,1,'sale_customer','button_add','Add','2019-07-12 07:27:35','2019-07-12 07:27:35'),(832,1,1,'sale_customer','column_id','ID','2019-07-12 07:27:35','2019-07-12 07:27:35'),(833,1,1,'sale_customer','column_name','Customer Name','2019-07-12 07:27:35','2019-07-12 07:27:35'),(834,1,1,'sale_customer','column_email','E-Mail','2019-07-12 07:27:35','2019-07-12 07:27:35'),(835,1,1,'sale_customer','column_customer_group','Customer Group','2019-07-12 07:27:35','2019-07-12 07:27:35'),(836,1,1,'sale_customer','column_group','Group','2019-07-12 07:27:35','2019-07-12 07:27:35'),(837,1,1,'sale_customer','column_status','Status','2019-07-12 07:27:35','2019-07-12 07:27:35'),(838,1,1,'sale_customer','column_approved','Approved','2019-07-12 07:27:35','2019-07-12 07:27:35'),(839,1,1,'sale_customer','column_date_added','Date Added','2019-07-12 07:27:35','2019-07-12 07:27:35'),(840,1,1,'sale_customer','column_action','Action','2019-07-12 07:27:35','2019-07-12 07:27:35'),(841,1,1,'sale_customer','entry_loginname','Login Name:','2019-07-12 07:27:35','2019-07-12 07:27:35'),(842,1,1,'sale_customer','entry_firstname','First Name:','2019-07-12 07:27:35','2019-07-12 07:27:35'),(843,1,1,'sale_customer','entry_lastname','Last Name:','2019-07-12 07:27:35','2019-07-12 07:27:35'),(844,1,1,'sale_customer','entry_email','E-Mail:','2019-07-12 07:27:35','2019-07-12 07:27:35'),(845,1,1,'sale_customer','entry_telephone','Telephone:','2019-07-12 07:27:35','2019-07-12 07:27:35'),(846,1,1,'sale_customer','entry_fax','Fax:','2019-07-12 07:27:35','2019-07-12 07:27:35'),(847,1,1,'sale_customer','entry_newsletter','Newsletter:','2019-07-12 07:27:35','2019-07-12 07:27:35'),(848,1,1,'sale_customer','entry_customer_group','Customer Group:','2019-07-12 07:27:35','2019-07-12 07:27:35'),(849,1,1,'sale_customer','entry_status','Status:','2019-07-12 07:27:35','2019-07-12 07:27:35'),(850,1,1,'sale_customer','entry_approved','Approved:','2019-07-12 07:27:35','2019-07-12 07:27:35'),(851,1,1,'sale_customer','entry_password','Password:','2019-07-12 07:27:35','2019-07-12 07:27:35'),(852,1,1,'sale_customer','entry_confirm','Confirm:','2019-07-12 07:27:35','2019-07-12 07:27:35'),(853,1,1,'sale_customer','entry_company','Company:','2019-07-12 07:27:35','2019-07-12 07:27:35'),(854,1,1,'sale_customer','entry_address_1','Address 1:','2019-07-12 07:27:35','2019-07-12 07:27:35'),(855,1,1,'sale_customer','entry_address_2','Address 2:','2019-07-12 07:27:35','2019-07-12 07:27:35'),(856,1,1,'sale_customer','entry_city','City:','2019-07-12 07:27:35','2019-07-12 07:27:35'),(857,1,1,'sale_customer','entry_postcode','Postcode:','2019-07-12 07:27:35','2019-07-12 07:27:35'),(858,1,1,'sale_customer','entry_country','Country:','2019-07-12 07:27:35','2019-07-12 07:27:35'),(859,1,1,'sale_customer','entry_country_id','Country:','2019-07-12 07:27:35','2019-07-12 07:27:35'),(860,1,1,'sale_customer','entry_zone','Region / State:','2019-07-12 07:27:35','2019-07-12 07:27:35'),(861,1,1,'sale_customer','error_permission','Warning: You do not have permission to modify customers!','2019-07-12 07:27:35','2019-07-12 07:27:35'),(862,1,1,'sale_customer','error_loginname','Login name must be alphanumeric only and between 5 and 64 characters!','2019-07-12 07:27:35','2019-07-12 07:27:35'),(863,1,1,'sale_customer','error_loginname_notunique','This login name is not available. Try different login name!','2019-07-12 07:27:35','2019-07-12 07:27:35'),(864,1,1,'sale_customer','error_firstname','First Name must be between 1 and 32 characters!','2019-07-12 07:27:35','2019-07-12 07:27:35'),(865,1,1,'sale_customer','error_lastname','Last Name must be between 1 and 32 characters!','2019-07-12 07:27:35','2019-07-12 07:27:35'),(866,1,1,'sale_customer','error_email','E-Mail Address does not appear to be valid!','2019-07-12 07:27:35','2019-07-12 07:27:35'),(867,1,1,'sale_customer','error_telephone','Telephone must be between 3 and 32 characters!','2019-07-12 07:27:35','2019-07-12 07:27:35'),(868,1,1,'sale_customer','error_password','Password must be between 3 and 20 characters!','2019-07-12 07:27:35','2019-07-12 07:27:35'),(869,1,1,'sale_customer','error_confirm','Password and password confirmation do not match!','2019-07-12 07:27:35','2019-07-12 07:27:35'),(870,1,1,'sale_customer','error_address_firstname','First Name must be between 1 and 32 characters!','2019-07-12 07:27:35','2019-07-12 07:27:35'),(871,1,1,'sale_customer','error_address_lastname','Last Name must be between 1 and 32 characters!','2019-07-12 07:27:35','2019-07-12 07:27:35'),(872,1,1,'sale_customer','error_address_1','Address must be between 3 and 128 characters!','2019-07-12 07:27:35','2019-07-12 07:27:35'),(873,1,1,'sale_customer','error_city','City must be between 3 and 128 characters!','2019-07-12 07:27:35','2019-07-12 07:27:35'),(874,1,1,'sale_customer','error_country','Please select a country!','2019-07-12 07:27:35','2019-07-12 07:27:35'),(875,1,1,'sale_customer','error_zone','Please select a region / state!','2019-07-12 07:27:35','2019-07-12 07:27:35'),(876,1,1,'sale_customer','text_select_approved','- Select Approved -','2019-07-12 07:27:35','2019-07-12 07:27:35'),(877,1,1,'sale_customer','text_select_group','- Select Group -','2019-07-12 07:27:35','2019-07-12 07:27:35'),(878,1,1,'sale_customer','tab_customer_details','Customer details','2019-07-12 07:27:35','2019-07-12 07:27:35'),(879,1,1,'sale_customer','tab_transactions','Transactions','2019-07-12 07:27:35','2019-07-12 07:27:35'),(880,1,1,'sale_customer','heading_title_transactions','Customer\'s transactions','2019-07-12 07:27:35','2019-07-12 07:27:35'),(881,1,1,'sale_customer','column_create_date','Date Created','2019-07-12 07:27:35','2019-07-12 07:27:35'),(882,1,1,'sale_customer','column_created_by','Created By','2019-07-12 07:27:35','2019-07-12 07:27:35'),(883,1,1,'sale_customer','column_debit','Debit','2019-07-12 07:27:35','2019-07-12 07:27:35'),(884,1,1,'sale_customer','column_credit','Credit','2019-07-12 07:27:35','2019-07-12 07:27:35'),(885,1,1,'sale_customer','column_transaction_type','Transaction Type','2019-07-12 07:27:35','2019-07-12 07:27:35'),(886,1,1,'sale_customer','text_balance','Balance:','2019-07-12 07:27:35','2019-07-12 07:27:35'),(887,1,1,'sale_customer','text_last_login','Last Log-in:','2019-07-12 07:27:35','2019-07-12 07:27:35'),(888,1,1,'sale_customer','text_never','Never','2019-07-12 07:27:35','2019-07-12 07:27:35'),(889,1,1,'sale_customer','popup_title_info','Transaction information','2019-07-12 07:27:35','2019-07-12 07:27:35'),(890,1,1,'sale_customer','popup_title_insert','Insert New Transaction','2019-07-12 07:27:35','2019-07-12 07:27:35'),(891,1,1,'sale_customer','entry_credit','Credit (increase balance)','2019-07-12 07:27:35','2019-07-12 07:27:35'),(892,1,1,'sale_customer','entry_debit','Debit (decrease balance)','2019-07-12 07:27:35','2019-07-12 07:27:35'),(893,1,1,'sale_customer','entry_transaction_type','Transaction Type: ','2019-07-12 07:27:35','2019-07-12 07:27:35'),(894,1,1,'sale_customer','entry_other_type','Add New Custom Transaction Type: ','2019-07-12 07:27:35','2019-07-12 07:27:35'),(895,1,1,'sale_customer','text_other_type_placeholder','type new name here ','2019-07-12 07:27:35','2019-07-12 07:27:35'),(896,1,1,'sale_customer','text_option_other_type','Other... ','2019-07-12 07:27:35','2019-07-12 07:27:35'),(897,1,1,'sale_customer','entry_transaction_description','Description (for customer):','2019-07-12 07:27:35','2019-07-12 07:27:35'),(898,1,1,'sale_customer','entry_transaction_comment','Comment (for internal use):','2019-07-12 07:27:35','2019-07-12 07:27:35'),(899,1,1,'sale_customer','entry_update_date','Update Date:','2019-07-12 07:27:35','2019-07-12 07:27:35'),(900,1,1,'sale_customer','entry_create_date','Create Date:','2019-07-12 07:27:35','2019-07-12 07:27:35'),(901,1,1,'sale_customer','error_transaction_type','Error: Please fill transaction type form field.','2019-07-12 07:27:35','2019-07-12 07:27:35'),(902,1,1,'sale_customer','error_empty_debit_credit','Error: Please fill debit or credit value for customer transaction.','2019-07-12 07:27:35','2019-07-12 07:27:35'),(903,1,1,'sale_customer','error_incorrect_debit_credit','Error: debit or credit value cannot be greater than 99999999999.9999','2019-07-12 07:27:35','2019-07-12 07:27:35'),(904,1,1,'sale_customer','text_transaction_success','Success: You have modified transaction!','2019-07-12 07:27:35','2019-07-12 07:27:35'),(905,1,1,'sale_customer','text_edit_address','Edit Address','2019-07-12 07:27:35','2019-07-12 07:27:35'),(906,1,1,'sale_customer','entry_default','Default Address:','2019-07-12 07:27:35','2019-07-12 07:27:35'),(907,1,1,'sale_customer','error_delete_default','Error: Default address cannot be deleted!','2019-07-12 07:27:35','2019-07-12 07:27:35'),(908,1,1,'sale_customer','error_delete_last','Error: you must have at least one address!','2019-07-12 07:27:35','2019-07-12 07:27:35'),(909,1,1,'sale_customer','entry_date_added','Date Added:','2019-07-12 07:27:35','2019-07-12 07:27:35'),(910,1,1,'sale_customer','entry_date_modified','Date Modified:','2019-07-12 07:27:35','2019-07-12 07:27:35'),(911,1,1,'sale_customer','warning_actonbehalf_additional_store','To act on behalf of customer in additional store you should to login into another store\'s admin side. Continue?','2019-07-12 07:27:35','2019-07-12 07:27:35'),(912,1,1,'sale_customer','entry_notify','Notify Customer:','2019-07-12 07:27:35','2019-07-12 07:27:35'),(913,1,1,'sale_customer','text_transaction_notification_subject','New transaction has been posted to your %s account','2019-07-12 07:27:35','2019-07-12 07:27:35'),(914,1,1,'sale_customer','text_transaction_notification_message','New transaction has been posted to your %s account in the amount of %s. For more details, login to %s account','2019-07-12 07:27:35','2019-07-12 07:27:35'),(915,1,1,'sale_customer','text_total_order','Total Orders:','2019-07-12 07:27:35','2019-07-12 07:27:35'),(916,1,1,'sale_customer','text_register_date','Register Date:','2019-07-12 07:27:35','2019-07-12 07:27:35'),(917,1,1,'error_login','heading_title','Login Error!','2019-07-17 05:50:24','2019-07-17 05:50:24'),(918,1,1,'error_login','text_login','You are not logged in. You will be redirected to login page','2019-07-17 05:50:24','2019-07-17 05:50:24'),(919,1,0,'english','code','en','2019-07-17 05:50:39','2019-07-17 05:50:39'),(920,1,0,'english','direction','ltr','2019-07-17 05:50:39','2019-07-17 05:50:39'),(921,1,0,'english','date_format_short','m/d/Y','2019-07-17 05:50:39','2019-07-17 05:50:39'),(922,1,0,'english','date_format_long','l dS F Y','2019-07-17 05:50:39','2019-07-17 05:50:39'),(923,1,0,'english','time_format','h:i:s A','2019-07-17 05:50:39','2019-07-17 05:50:39'),(924,1,0,'english','time_format_short','H:i','2019-07-17 05:50:39','2019-07-17 05:50:39'),(925,1,0,'english','decimal_point','.','2019-07-17 05:50:39','2019-07-17 05:50:39'),(926,1,0,'english','thousand_point',',','2019-07-17 05:50:39','2019-07-17 05:50:39'),(927,1,0,'english','text_home','Home','2019-07-17 05:50:39','2019-07-17 05:50:39'),(928,1,0,'english','text_yes','Yes','2019-07-17 05:50:39','2019-07-17 05:50:39'),(929,1,0,'english','text_no','No','2019-07-17 05:50:39','2019-07-17 05:50:39'),(930,1,0,'english','text_none',' --- None --- ','2019-07-17 05:50:39','2019-07-17 05:50:39'),(931,1,0,'english','text_select',' --- Please Select --- ','2019-07-17 05:50:39','2019-07-17 05:50:39'),(932,1,0,'english','text_all_zones','All Zones','2019-07-17 05:50:39','2019-07-17 05:50:39'),(933,1,0,'english','text_pagination','{start} - {end} of {total}','2019-07-17 05:50:39','2019-07-17 05:50:39'),(934,1,0,'english','text_per_page','Per Page','2019-07-17 05:50:39','2019-07-17 05:50:39'),(935,1,0,'english','text_separator',' &gt; ','2019-07-17 05:50:39','2019-07-17 05:50:39'),(936,1,0,'english','button_continue','Continue','2019-07-17 05:50:39','2019-07-17 05:50:39'),(937,1,0,'english','button_back','Back','2019-07-17 05:50:39','2019-07-17 05:50:39'),(938,1,0,'english','button_add_to_cart','Add to Cart','2019-07-17 05:50:39','2019-07-17 05:50:39'),(939,1,0,'english','button_add_wishlist','Add to wish list','2019-07-17 05:50:39','2019-07-17 05:50:39'),(940,1,0,'english','button_remove_wishlist','Remove from wish list','2019-07-17 05:50:39','2019-07-17 05:50:39'),(941,1,0,'english','text_wishlist_add_success','Added to wish list','2019-07-17 05:50:39','2019-07-17 05:50:39'),(942,1,0,'english','text_wishlist_remove_success','Removed from wish list','2019-07-17 05:50:39','2019-07-17 05:50:39'),(943,1,0,'english','button_add_address','Add Address','2019-07-17 05:50:39','2019-07-17 05:50:39'),(944,1,0,'english','button_new_address','New Address','2019-07-17 05:50:39','2019-07-17 05:50:39'),(945,1,0,'english','button_change_address','Change Address','2019-07-17 05:50:39','2019-07-17 05:50:39'),(946,1,0,'english','button_edit','Edit','2019-07-17 05:50:39','2019-07-17 05:50:39'),(947,1,0,'english','button_delete','Delete','2019-07-17 05:50:39','2019-07-17 05:50:39'),(948,1,0,'english','button_reviews','Reviews','2019-07-17 05:50:39','2019-07-17 05:50:39'),(949,1,0,'english','button_write','Write Review','2019-07-17 05:50:39','2019-07-17 05:50:39'),(950,1,0,'english','button_login','Login','2019-07-17 05:50:39','2019-07-17 05:50:39'),(951,1,0,'english','button_update','Update','2019-07-17 05:50:39','2019-07-17 05:50:39'),(952,1,0,'english','button_wish','Wish','2019-07-17 05:50:39','2019-07-17 05:50:39'),(953,1,0,'english','button_print','Print','2019-07-17 05:50:39','2019-07-17 05:50:39'),(954,1,0,'english','button_shopping','Continue Shopping','2019-07-17 05:50:39','2019-07-17 05:50:39'),(955,1,0,'english','button_checkout','Checkout','2019-07-17 05:50:39','2019-07-17 05:50:39'),(956,1,0,'english','button_confirm','Confirm Order','2019-07-17 05:50:39','2019-07-17 05:50:39'),(957,1,0,'english','button_view','View','2019-07-17 05:50:39','2019-07-17 05:50:39'),(958,1,0,'english','button_search','Search','2019-07-17 05:50:39','2019-07-17 05:50:39'),(959,1,0,'english','button_go','Go','2019-07-17 05:50:39','2019-07-17 05:50:39'),(960,1,0,'english','button_coupon','Apply Coupon','2019-07-17 05:50:39','2019-07-17 05:50:39'),(961,1,0,'english','button_guest','Guest Checkout','2019-07-17 05:50:39','2019-07-17 05:50:39'),(962,1,0,'english','notice_out_of_stock_ttl','Out of stock notice for: %s','2019-07-17 05:50:39','2019-07-17 05:50:39'),(963,1,0,'english','notice_out_of_stock_body','Product \"%s\" has reached zero or negative stock count for main product or all options. <br> As a result of autodisable setting, product (%s) was auto disabled!<br> For more details visit %s','2019-07-17 05:50:39','2019-07-17 05:50:39'),(964,1,0,'english','no_payment_required','No Payment Required','2019-07-17 05:50:39','2019-07-17 05:50:39'),(965,1,0,'english','gen_data_entry_error','Oops, there is an error with information provided!','2019-07-17 05:50:39','2019-07-17 05:50:39'),(966,1,0,'english','text_sorting_name_asc','Name A - Z','2019-07-17 05:50:39','2019-07-17 05:50:39'),(967,1,0,'english','text_sorting_name_desc','Name Z - A','2019-07-17 05:50:39','2019-07-17 05:50:39'),(968,1,0,'english','text_sorting_price_asc','Price Low &gt; High','2019-07-17 05:50:39','2019-07-17 05:50:39'),(969,1,0,'english','text_sorting_price_desc','Price High &gt; Low','2019-07-17 05:50:39','2019-07-17 05:50:39'),(970,1,0,'english','text_sorting_rating_asc','Rating Lowest','2019-07-17 05:50:39','2019-07-17 05:50:39'),(971,1,0,'english','text_sorting_rating_desc','Rating Highest','2019-07-17 05:50:39','2019-07-17 05:50:39'),(972,1,0,'english','text_sorting_date_asc','Date Old &gt; New','2019-07-17 05:50:39','2019-07-17 05:50:39'),(973,1,0,'english','text_sorting_date_desc','Date New &gt; Old','2019-07-17 05:50:39','2019-07-17 05:50:39'),(974,1,0,'english','text_add_cart_confirm','Added to cart','2019-07-17 05:50:39','2019-07-17 05:50:39'),(975,1,0,'english','text_close','Close','2019-07-17 05:50:39','2019-07-17 05:50:39'),(976,1,0,'english','text_balance','Account Balance ','2019-07-17 05:50:39','2019-07-17 05:50:39'),(977,1,0,'english','text_balance_checkout','Account Balance: ','2019-07-17 05:50:39','2019-07-17 05:50:39'),(978,1,0,'english','button_pay_with_balance','Pay With Balance','2019-07-17 05:50:39','2019-07-17 05:50:39'),(979,1,0,'english','button_apply_balance','Apply to Order','2019-07-17 05:50:39','2019-07-17 05:50:39'),(980,1,0,'english','button_disapply_balance','Remove from Order','2019-07-17 05:50:39','2019-07-17 05:50:39'),(981,1,0,'english','text_applied_balance','applied to order','2019-07-17 05:50:39','2019-07-17 05:50:39'),(982,1,0,'english','text_applied_balance_to_order','%s used for order #%s','2019-07-17 05:50:39','2019-07-17 05:50:39'),(983,1,0,'english','text_maintenance_notice','Notice: Maintenance mode is on.','2019-07-17 05:50:39','2019-07-17 05:50:39'),(984,1,0,'english','text_browse','Select File','2019-07-17 05:50:39','2019-07-17 05:50:39'),(985,1,0,'english','button_cancel','Cancel','2019-07-17 05:50:39','2019-07-17 05:50:39'),(986,1,0,'english','button_reset','Reset','2019-07-17 05:50:39','2019-07-17 05:50:39'),(987,1,0,'english','button_submit','Submit','2019-07-17 05:50:39','2019-07-17 05:50:39'),(988,1,0,'english','button_save','Save','2019-07-17 05:50:39','2019-07-17 05:50:39'),(989,1,0,'english','text_field_required','is required field!','2019-07-17 05:50:39','2019-07-17 05:50:39'),(990,1,0,'english','error_captcha','Human verification has failed! Please try again.','2019-07-17 05:50:39','2019-07-17 05:50:39'),(991,1,0,'english','entry_attached','Attached','2019-07-17 05:50:39','2019-07-17 05:50:39'),(992,1,0,'english','text_call_to_order','Call To Order','2019-07-17 05:50:39','2019-07-17 05:50:39'),(993,1,0,'english','text_discount','Discount','2019-07-17 05:50:39','2019-07-17 05:50:39'),(994,1,0,'english','text_download','Download','2019-07-17 05:50:39','2019-07-17 05:50:39'),(995,1,0,'english','text_free','Free','2019-07-17 05:50:39','2019-07-17 05:50:39'),(996,1,0,'english','text_free_shipping','Free Shipping','2019-07-17 05:50:39','2019-07-17 05:50:39'),(997,1,0,'english','price_with_tax','Inc Tax','2019-07-17 05:50:39','2019-07-17 05:50:39'),(998,1,0,'english','text_unavailable','Unavailable','2019-07-17 05:50:39','2019-07-17 05:50:39'),(999,1,0,'english','error_unknown','Unknown error encountered. Please try again!','2019-07-17 05:50:39','2019-07-17 05:50:39'),(1000,1,0,'english','text_click_browse_file','Click to browse file','2019-07-17 05:50:39','2019-07-17 05:50:39'),(1001,1,0,'english','text_back_on_top','Back to top','2019-07-17 05:50:39','2019-07-17 05:50:39'),(1002,1,0,'english','text_out_of_stock','Out of Stock','2019-07-17 05:50:39','2019-07-17 05:50:39'),(1003,1,0,'content_contact','heading_title','Contact Us','2019-07-17 05:50:40','2019-07-17 05:50:40'),(1004,1,0,'content_contact','text_address','Address:','2019-07-17 05:50:40','2019-07-17 05:50:40'),(1005,1,0,'content_contact','text_email','E-Mail:','2019-07-17 05:50:40','2019-07-17 05:50:40'),(1006,1,0,'content_contact','text_telephone','Telephone:','2019-07-17 05:50:40','2019-07-17 05:50:40'),(1007,1,0,'content_contact','text_fax','Fax:','2019-07-17 05:50:40','2019-07-17 05:50:40'),(1008,1,0,'content_contact','text_message','<p>Your enquiry has been successfully sent to the store owner!</p>','2019-07-17 05:50:40','2019-07-17 05:50:40'),(1009,1,0,'content_contact','entry_name','First Name:','2019-07-17 05:50:40','2019-07-17 05:50:40'),(1010,1,0,'content_contact','entry_email','E-Mail Address:','2019-07-17 05:50:40','2019-07-17 05:50:40'),(1011,1,0,'content_contact','entry_enquiry','Enquiry:','2019-07-17 05:50:40','2019-07-17 05:50:40'),(1012,1,0,'content_contact','entry_captcha','Enter the code in the box below:','2019-07-17 05:50:40','2019-07-17 05:50:40'),(1013,1,0,'content_contact','email_subject','Enquiry from %s','2019-07-17 05:50:40','2019-07-17 05:50:40'),(1014,1,0,'content_contact','error_name','Name must be between 3 and 32 characters!','2019-07-17 05:50:40','2019-07-17 05:50:40'),(1015,1,0,'content_contact','error_email','E-Mail Address does not appear to be valid!','2019-07-17 05:50:40','2019-07-17 05:50:40'),(1016,1,0,'content_contact','error_enquiry','Enquiry must be between 10 and 3000 characters!','2019-07-17 05:50:40','2019-07-17 05:50:40'),(1017,1,0,'content_contact','entry_duplicate_message_subject','New Enquiry From %s (%s)','2019-07-17 05:50:40','2019-07-17 05:50:40'),(1018,1,0,'common_header','text_home','Home','2019-07-17 05:50:40','2019-07-17 05:50:40'),(1019,1,0,'common_header','text_special','Special Offers','2019-07-17 05:50:40','2019-07-17 05:50:40'),(1020,1,0,'common_header','text_contact','Contact','2019-07-17 05:50:40','2019-07-17 05:50:40'),(1021,1,0,'common_header','text_sitemap','Sitemap','2019-07-17 05:50:40','2019-07-17 05:50:40'),(1022,1,0,'common_header','text_bookmark','Bookmark','2019-07-17 05:50:40','2019-07-17 05:50:40'),(1023,1,0,'common_header','text_account','Account','2019-07-17 05:50:40','2019-07-17 05:50:40'),(1024,1,0,'common_header','text_login','Login','2019-07-17 05:50:40','2019-07-17 05:50:40'),(1025,1,0,'common_header','text_logout','Logoff','2019-07-17 05:50:40','2019-07-17 05:50:40'),(1026,1,0,'common_header','text_cart','Basket','2019-07-17 05:50:40','2019-07-17 05:50:40'),(1027,1,0,'common_header','text_checkout','Checkout','2019-07-17 05:50:40','2019-07-17 05:50:40'),(1028,1,0,'common_header','text_keyword','Keywords','2019-07-17 05:50:40','2019-07-17 05:50:40'),(1029,1,0,'common_header','text_advanced','Advanced Search','2019-07-17 05:50:40','2019-07-17 05:50:40'),(1030,1,0,'common_header','text_category','All Categories','2019-07-17 05:50:40','2019-07-17 05:50:40'),(1031,1,0,'common_header','entry_search','Search:','2019-07-17 05:50:40','2019-07-17 05:50:40'),(1032,1,0,'common_header','text_welcome','Welcome back','2019-07-17 05:50:40','2019-07-17 05:50:40'),(1033,1,0,'common_header','text_not','Not','2019-07-17 05:50:40','2019-07-17 05:50:40'),(1034,1,0,'common_header','text_login_or_register','Login or register','2019-07-17 05:50:40','2019-07-17 05:50:40'),(1035,1,0,'account_account','heading_title','My Account','2019-07-17 05:50:40','2019-07-17 05:50:40'),(1036,1,0,'account_account','text_account_dashboard','Account Dashboard','2019-07-17 05:50:40','2019-07-17 05:50:40'),(1037,1,0,'account_account','text_account','Account','2019-07-17 05:50:40','2019-07-17 05:50:40'),(1038,1,0,'account_account','text_my_account','My Account','2019-07-17 05:50:40','2019-07-17 05:50:40'),(1039,1,0,'account_account','text_my_orders','My Orders','2019-07-17 05:50:40','2019-07-17 05:50:40'),(1040,1,0,'account_account','text_my_notifications','Notifications','2019-07-17 05:50:40','2019-07-17 05:50:40'),(1041,1,0,'account_account','text_information','Edit account details','2019-07-17 05:50:40','2019-07-17 05:50:40'),(1042,1,0,'account_account','text_password','Change password','2019-07-17 05:50:40','2019-07-17 05:50:40'),(1043,1,0,'account_account','text_address','Manage Address Book','2019-07-17 05:50:40','2019-07-17 05:50:40'),(1044,1,0,'account_account','text_history','Order history','2019-07-17 05:50:40','2019-07-17 05:50:40'),(1045,1,0,'account_account','text_transactions','Transaction history','2019-07-17 05:50:40','2019-07-17 05:50:40'),(1046,1,0,'account_account','text_download','Downloads','2019-07-17 05:50:40','2019-07-17 05:50:40'),(1047,1,0,'account_account','text_newsletter','Newsletter Subscription','2019-07-17 05:50:40','2019-07-17 05:50:40'),(1048,1,0,'account_account','text_account_wishlist','My wish list','2019-07-17 05:50:40','2019-07-17 05:50:40'),(1049,1,0,'blocks_menu','heading_title','Main Menu','2019-07-17 05:50:40','2019-07-17 05:50:40'),(1050,1,0,'blocks_search','heading_title','Search','2019-07-17 05:50:40','2019-07-17 05:50:40'),(1051,1,0,'blocks_search','text_keyword','Search Keywords','2019-07-17 05:50:40','2019-07-17 05:50:40'),(1052,1,0,'blocks_search','text_advanced','Advanced Search','2019-07-17 05:50:40','2019-07-17 05:50:40'),(1053,1,0,'blocks_language','heading_title','Language','2019-07-17 05:50:40','2019-07-17 05:50:40'),(1054,1,0,'blocks_currency','heading_title','Currency','2019-07-17 05:50:40','2019-07-17 05:50:40'),(1055,1,0,'blocks_cart','heading_title','Shopping Cart','2019-07-17 05:50:40','2019-07-17 05:50:40'),(1056,1,0,'blocks_cart','text_subtotal','Sub-Total:','2019-07-17 05:50:40','2019-07-17 05:50:40'),(1057,1,0,'blocks_cart','text_empty','0 items','2019-07-17 05:50:40','2019-07-17 05:50:40'),(1058,1,0,'blocks_cart','text_confirm','Confirm?','2019-07-17 05:50:40','2019-07-17 05:50:40'),(1059,1,0,'blocks_cart','text_remove','Remove','2019-07-17 05:50:40','2019-07-17 05:50:40'),(1060,1,0,'blocks_cart','text_view','View Cart','2019-07-17 05:50:40','2019-07-17 05:50:40'),(1061,1,0,'blocks_cart','text_checkout','Checkout','2019-07-17 05:50:40','2019-07-17 05:50:40'),(1062,1,0,'blocks_cart','text_items','Items','2019-07-17 05:50:40','2019-07-17 05:50:40'),(1063,1,0,'total_total','text_total','Total:','2019-07-17 05:50:40','2019-07-17 05:50:40'),(1064,1,0,'blocks_category','heading_title','Categories','2019-07-17 05:50:40','2019-07-17 05:50:40'),(1065,1,0,'common_footer','text_powered_by','Powered By ','2019-07-17 05:50:40','2019-07-17 05:50:40'),(1066,1,0,'blocks_newsletter_signup','heading_title','Newsletter Signup','2019-07-17 05:50:40','2019-07-17 05:50:40'),(1067,1,0,'blocks_newsletter_signup','text_signup','Sign up to Our Newsletter &amp; get attractive Offers by subscribing to our newsletters.','2019-07-17 05:50:40','2019-07-17 05:50:40'),(1068,1,0,'blocks_newsletter_signup','text_sign_in','Sign In','2019-07-17 05:50:40','2019-07-17 05:50:40'),(1069,1,0,'blocks_newsletter_signup','text_subscribe','Subscribe to Newsletter','2019-07-17 05:50:40','2019-07-17 05:50:40'),(1070,1,0,'blocks_newsletter_signup','button_subscribe','Subscribe','2019-07-17 05:50:40','2019-07-17 05:50:40'),(1071,1,0,'index_home','heading_title','Welcome to %s','2019-07-17 05:50:40','2019-07-17 05:50:40'),(1072,1,0,'index_home','text_latest','Latest Products','2019-07-17 05:50:40','2019-07-17 05:50:40'),(1073,1,0,'blocks_content','heading_title','Information','2019-07-17 05:50:40','2019-07-17 05:50:40'),(1074,1,0,'blocks_content','text_contact','Contact Us','2019-07-17 05:50:40','2019-07-17 05:50:40'),(1075,1,0,'blocks_content','text_sitemap','Site Map','2019-07-17 05:50:40','2019-07-17 05:50:40'),(1076,1,0,'blocks_featured','heading_title','Featured','2019-07-17 05:50:40','2019-07-17 05:50:40'),(1077,1,0,'blocks_featured','heading_subtitle','See Our Most featured Products','2019-07-17 05:50:40','2019-07-17 05:50:40'),(1078,1,0,'blocks_featured','text_stars','%s out of 5 Stars!','2019-07-17 05:50:40','2019-07-17 05:50:40'),(1079,1,0,'blocks_latest','heading_title','Latest Products','2019-07-17 05:50:40','2019-07-17 05:50:40'),(1080,1,0,'blocks_latest','heading_subtitle','See New Products','2019-07-17 05:50:40','2019-07-17 05:50:40'),(1081,1,0,'blocks_latest','text_stars','%s out of 5 Stars!','2019-07-17 05:50:40','2019-07-17 05:50:40'),(1082,1,0,'blocks_bestseller','heading_title','Bestsellers','2019-07-17 05:50:40','2019-07-17 05:50:40'),(1083,1,0,'blocks_bestseller','heading_subtitle','See Best Selling Products','2019-07-17 05:50:40','2019-07-17 05:50:40'),(1084,1,0,'blocks_bestseller','text_stars','%s out of 5 Stars!','2019-07-17 05:50:40','2019-07-17 05:50:40'),(1085,1,0,'blocks_special','heading_title','Specials','2019-07-17 05:50:40','2019-07-17 05:50:40'),(1086,1,0,'blocks_special','heading_subtitle','See Products On Sale','2019-07-17 05:50:40','2019-07-17 05:50:40'),(1087,1,0,'blocks_special','text_stars','%s out of 5 Stars!','2019-07-17 05:50:40','2019-07-17 05:50:40'),(1088,1,0,'product_product','text_enlarge','Click image to enlarge','2019-07-17 05:50:41','2019-07-17 05:50:41'),(1089,1,0,'product_product','text_zoom','Move pointer over the image to zoom in','2019-07-17 05:50:41','2019-07-17 05:50:41'),(1090,1,0,'product_product','text_discount','Quantity Discount:','2019-07-17 05:50:41','2019-07-17 05:50:41'),(1091,1,0,'product_product','text_options','Available Options:','2019-07-17 05:50:41','2019-07-17 05:50:41'),(1092,1,0,'product_product','text_error','Product not found!','2019-07-17 05:50:41','2019-07-17 05:50:41'),(1093,1,0,'product_product','text_price','Price:','2019-07-17 05:50:41','2019-07-17 05:50:41'),(1094,1,0,'product_product','text_availability','Availability:','2019-07-17 05:50:41','2019-07-17 05:50:41'),(1095,1,0,'product_product','text_model','Model:','2019-07-17 05:50:41','2019-07-17 05:50:41'),(1096,1,0,'product_product','text_manufacturer','Manufacturer:','2019-07-17 05:50:41','2019-07-17 05:50:41'),(1097,1,0,'product_product','text_instock','In Stock','2019-07-17 05:50:41','2019-07-17 05:50:41'),(1098,1,0,'product_product','text_out_of_stock','Out of Stock','2019-07-17 05:50:41','2019-07-17 05:50:41'),(1099,1,0,'product_product','text_order_quantity','Order Quantity','2019-07-17 05:50:41','2019-07-17 05:50:41'),(1100,1,0,'product_product','text_price_per_item','Price Per Item','2019-07-17 05:50:41','2019-07-17 05:50:41'),(1101,1,0,'product_product','text_write','Write Review','2019-07-17 05:50:41','2019-07-17 05:50:41'),(1102,1,0,'product_product','text_no_reviews','There are no reviews for this product.','2019-07-17 05:50:41','2019-07-17 05:50:41'),(1103,1,0,'product_product','text_average','Average Rating:','2019-07-17 05:50:41','2019-07-17 05:50:41'),(1104,1,0,'product_product','text_stars','%s out of 5 Stars!','2019-07-17 05:50:41','2019-07-17 05:50:41'),(1105,1,0,'product_product','text_no_rating','Not Rated','2019-07-17 05:50:41','2019-07-17 05:50:41'),(1106,1,0,'product_product','text_no_images','There are no additional images for this product.','2019-07-17 05:50:41','2019-07-17 05:50:41'),(1107,1,0,'product_product','text_no_related','There are no related products for this product.','2019-07-17 05:50:41','2019-07-17 05:50:41'),(1108,1,0,'product_product','text_qty','Qty:','2019-07-17 05:50:41','2019-07-17 05:50:41'),(1109,1,0,'product_product','text_note','<span style=\"color: #FF0000;\">Note:</span> Do not use HTML in the text.','2019-07-17 05:50:41','2019-07-17 05:50:41'),(1110,1,0,'product_product','text_success','Thank you for your review. It has been submitted to the webmaster for approval.','2019-07-17 05:50:41','2019-07-17 05:50:41'),(1111,1,0,'product_product','text_wait','Please Wait!','2019-07-17 05:50:41','2019-07-17 05:50:41'),(1112,1,0,'product_product','text_search','Search','2019-07-17 05:50:41','2019-07-17 05:50:41'),(1113,1,0,'product_product','text_tags','Tags:','2019-07-17 05:50:41','2019-07-17 05:50:41'),(1114,1,0,'product_product','text_minimum','(This product has a minimum quantity of %s)','2019-07-17 05:50:41','2019-07-17 05:50:41'),(1115,1,0,'product_product','text_maximum','(This product has a limit set to %s item(s) per order)','2019-07-17 05:50:41','2019-07-17 05:50:41'),(1116,1,0,'product_product','entry_name','Your Name:','2019-07-17 05:50:41','2019-07-17 05:50:41'),(1117,1,0,'product_product','entry_review','Your Review:','2019-07-17 05:50:41','2019-07-17 05:50:41'),(1118,1,0,'product_product','entry_rating','Rating:','2019-07-17 05:50:41','2019-07-17 05:50:41'),(1119,1,0,'product_product','entry_good','Good','2019-07-17 05:50:41','2019-07-17 05:50:41'),(1120,1,0,'product_product','entry_bad','Bad','2019-07-17 05:50:41','2019-07-17 05:50:41'),(1121,1,0,'product_product','entry_captcha','Enter the code in the box below:','2019-07-17 05:50:41','2019-07-17 05:50:41'),(1122,1,0,'product_product','tab_description','Description','2019-07-17 05:50:41','2019-07-17 05:50:41'),(1123,1,0,'product_product','tab_image','Additional Images','2019-07-17 05:50:41','2019-07-17 05:50:41'),(1124,1,0,'product_product','tab_review','Reviews (%s)','2019-07-17 05:50:41','2019-07-17 05:50:41'),(1125,1,0,'product_product','tab_related','Related Products','2019-07-17 05:50:41','2019-07-17 05:50:41'),(1126,1,0,'product_product','error_name','Error: Review Name must be between 3 and 25 characters!','2019-07-17 05:50:41','2019-07-17 05:50:41'),(1127,1,0,'product_product','error_text','Error: Review Text must be between 25 and 1000 characters!','2019-07-17 05:50:41','2019-07-17 05:50:41'),(1128,1,0,'product_product','error_rating','Error: Please select a review rating!','2019-07-17 05:50:41','2019-07-17 05:50:41'),(1129,1,0,'product_product','text_total_price','Total Price:','2019-07-17 05:50:41','2019-07-17 05:50:41'),(1130,1,0,'product_product','text_login_view_price','Please login or register to see price or to order.','2019-07-17 05:50:41','2019-07-17 05:50:41'),(1131,1,0,'product_product','tab_downloads','Downloads','2019-07-17 05:50:41','2019-07-17 05:50:41'),(1132,1,0,'product_product','text_start_download','Start Download','2019-07-17 05:50:41','2019-07-17 05:50:41'),(1133,1,0,'product_product','text_new_review','Product review approval is pending','2019-07-17 05:50:41','2019-07-17 05:50:41'),(1134,1,0,'product_product','text_pending_review_approval','Review for product id %s is posted. Action of approval is required! Click to view #admin#rt=catalog/review/update&review_id=%s','2019-07-17 05:50:41','2019-07-17 05:50:41'),(1135,1,0,'product_category','text_product','Products','2019-07-17 05:51:30','2019-07-17 05:51:30'),(1136,1,0,'product_category','text_error','Category not found!','2019-07-17 05:51:30','2019-07-17 05:51:30'),(1137,1,0,'product_category','text_empty','There are no products to list in this category.','2019-07-17 05:51:30','2019-07-17 05:51:30'),(1138,1,0,'product_category','text_stars','%s out of 5 Stars!','2019-07-17 05:51:30','2019-07-17 05:51:30'),(1139,1,0,'product_category','text_sort','Sort By:','2019-07-17 05:51:30','2019-07-17 05:51:30'),(1140,1,0,'product_category','text_default','Default','2019-07-17 05:51:30','2019-07-17 05:51:30'),(1141,1,0,'product_category','text_name_asc','Name A - Z','2019-07-17 05:51:30','2019-07-17 05:51:30'),(1142,1,0,'product_category','text_name_desc','Name Z - A','2019-07-17 05:51:30','2019-07-17 05:51:30'),(1143,1,0,'product_category','text_price_asc','Price Low &gt; High','2019-07-17 05:51:30','2019-07-17 05:51:30'),(1144,1,0,'product_category','text_price_desc','Price High &gt; Low','2019-07-17 05:51:30','2019-07-17 05:51:30'),(1145,1,0,'product_category','text_rating_asc','Rating Lowest','2019-07-17 05:51:30','2019-07-17 05:51:30'),(1146,1,0,'product_category','text_rating_desc','Rating Highest','2019-07-17 05:51:30','2019-07-17 05:51:30'),(1147,1,0,'product_category','text_top_category','Top Category','2019-07-17 05:51:30','2019-07-17 05:51:30'),(1148,1,1,'catalog_product','heading_title','Products','2019-07-17 05:57:50','2019-07-17 05:57:50'),(1149,1,1,'catalog_product','text_product','Product','2019-07-17 05:57:50','2019-07-17 05:57:50'),(1150,1,1,'catalog_product','tab_media','Media','2019-07-17 05:57:50','2019-07-17 05:57:50'),(1151,1,1,'catalog_product','tab_shipping','Shipping','2019-07-17 05:57:50','2019-07-17 05:57:50'),(1152,1,1,'catalog_product','tab_files','Files','2019-07-17 05:57:50','2019-07-17 05:57:50'),(1153,1,1,'catalog_product','tab_relations','Relations','2019-07-17 05:57:50','2019-07-17 05:57:50'),(1154,1,1,'catalog_product','tab_promotions','Promotions','2019-07-17 05:57:50','2019-07-17 05:57:50'),(1155,1,1,'catalog_product','tab_extensions','Extensions','2019-07-17 05:57:50','2019-07-17 05:57:50'),(1156,1,1,'catalog_product','tab_layout','Page Layout','2019-07-17 05:57:50','2019-07-17 05:57:50'),(1157,1,1,'catalog_product','text_success','Success: You have modified products!','2019-07-17 05:57:50','2019-07-17 05:57:50'),(1158,1,1,'catalog_product','text_success_copy','Success: You have successfully clone product <b>%s</b>!','2019-07-17 05:57:50','2019-07-17 05:57:50'),(1159,1,1,'catalog_product','text_success_copy_layout',' Note: Custom product layout has been cloned too.','2019-07-17 05:57:50','2019-07-17 05:57:50'),(1160,1,1,'catalog_product','text_error_copy','Cloning has failed! Original product is not available','2019-07-17 05:57:50','2019-07-17 05:57:50'),(1161,1,1,'catalog_product','text_plus','+','2019-07-17 05:57:50','2019-07-17 05:57:50'),(1162,1,1,'catalog_product','text_minus','-','2019-07-17 05:57:50','2019-07-17 05:57:50'),(1163,1,1,'catalog_product','text_default','Default','2019-07-17 05:57:50','2019-07-17 05:57:50'),(1164,1,1,'catalog_product','text_product_summary','Product Summary','2019-07-17 05:57:50','2019-07-17 05:57:50'),(1165,1,1,'catalog_product','text_image_manager','Image Manager','2019-07-17 05:57:50','2019-07-17 05:57:50'),(1166,1,1,'catalog_product','text_option','Option','2019-07-17 05:57:50','2019-07-17 05:57:50'),(1167,1,1,'catalog_product','text_option_value','Option Value','2019-07-17 05:57:50','2019-07-17 05:57:50'),(1168,1,1,'catalog_product','column_name','Product Name','2019-07-17 05:57:50','2019-07-17 05:57:50'),(1169,1,1,'catalog_product','column_model','Model','2019-07-17 05:57:50','2019-07-17 05:57:50'),(1170,1,1,'catalog_product','column_image','Image','2019-07-17 05:57:50','2019-07-17 05:57:50'),(1171,1,1,'catalog_product','column_quantity','Quantity','2019-07-17 05:57:50','2019-07-17 05:57:50'),(1172,1,1,'catalog_product','column_status','Status','2019-07-17 05:57:50','2019-07-17 05:57:50'),(1173,1,1,'catalog_product','column_price','Price','2019-07-17 05:57:50','2019-07-17 05:57:50'),(1174,1,1,'catalog_product','column_action','Action','2019-07-17 05:57:50','2019-07-17 05:57:50'),(1175,1,1,'catalog_product','entry_featured','Featured Product:','2019-07-17 05:57:50','2019-07-17 05:57:50'),(1176,1,1,'catalog_product','entry_name','Product Name:','2019-07-17 05:57:50','2019-07-17 05:57:50'),(1177,1,1,'catalog_product','entry_meta_keywords','Meta Tag Keywords:','2019-07-17 05:57:50','2019-07-17 05:57:50'),(1178,1,1,'catalog_product','entry_meta_description','Meta Tag Description:','2019-07-17 05:57:50','2019-07-17 05:57:50'),(1179,1,1,'catalog_product','entry_description','Description:','2019-07-17 05:57:50','2019-07-17 05:57:50'),(1180,1,1,'catalog_product','entry_blurb','Blurb:','2019-07-17 05:57:50','2019-07-17 05:57:50'),(1181,1,1,'catalog_product','entry_store','Stores:','2019-07-17 05:57:50','2019-07-17 05:57:50'),(1182,1,1,'catalog_product','entry_keyword','SEO Keyword:<br/><span class=\"help\">SEO key that will show in URL for this product. You can generate key from product name</span>','2019-07-17 05:57:50','2019-07-17 05:57:50'),(1183,1,1,'catalog_product','entry_model','Model:','2019-07-17 05:57:50','2019-07-17 05:57:50'),(1184,1,1,'catalog_product','entry_sku','SKU:','2019-07-17 05:57:50','2019-07-17 05:57:50'),(1185,1,1,'catalog_product','entry_location','Misc Location:','2019-07-17 05:57:50','2019-07-17 05:57:50'),(1186,1,1,'catalog_product','entry_manufacturer','Manufacturer:','2019-07-17 05:57:50','2019-07-17 05:57:50'),(1187,1,1,'catalog_product','entry_shipping','Requires Shipping:','2019-07-17 05:57:50','2019-07-17 05:57:50'),(1188,1,1,'catalog_product','entry_ship_individually','Ship Product Individually:<br/><span class=\"help\">Product will be shipped in a separate package and additional shipping cost will be added to the order with multiple items. If enabled, Fixed Shipping Price needs to be set.</span>','2019-07-17 05:57:50','2019-07-17 05:57:50'),(1189,1,1,'catalog_product','entry_shipping_price','Fixed Shipping Price:<br/><span class=\"help\">Master setting with fixed shipping price for this product.</span>','2019-07-17 05:57:50','2019-07-17 05:57:50'),(1190,1,1,'catalog_product','entry_free_shipping','Free Shipping:<br/><span class=\"help\">Master setting to enable free shipping for this product.</span>','2019-07-17 05:57:50','2019-07-17 05:57:50'),(1191,1,1,'catalog_product','entry_date_available','Date Available:','2019-07-17 05:57:50','2019-07-17 05:57:50'),(1192,1,1,'catalog_product','entry_option_quantity','Quantity:','2019-07-17 05:57:50','2019-07-17 05:57:50'),(1193,1,1,'catalog_product','entry_quantity','Quantity:<br/><span class=\"help\">Connected to Track Stock setting</span>','2019-07-17 05:57:50','2019-07-17 05:57:50'),(1194,1,1,'catalog_product','entry_minimum','Minimum Quantity:<br/><span class=\"help\">Force a minimum ordered amount</span>','2019-07-17 05:57:50','2019-07-17 05:57:50'),(1195,1,1,'catalog_product','entry_maximum','Maximum Quantity:<br/><span class=\"help\">Set a limit on quantity that can be selected per each order. 0 = no limit</span>','2019-07-17 05:57:50','2019-07-17 05:57:50'),(1196,1,1,'catalog_product','entry_stock_status','Pre-Order Stock Status:<br/><span class=\"help\">Text shown when a product is out of stock and purchase allowed</span>','2019-07-17 05:57:50','2019-07-17 05:57:50'),(1197,1,1,'catalog_product','entry_stock_checkout','Stock Checkout:<br /><span class=\"help\">Allow customers to checkout even if the products are out of stock.</span>','2019-07-17 05:57:50','2019-07-17 05:57:50'),(1198,1,1,'catalog_product','entry_status','Status:','2019-07-17 05:57:50','2019-07-17 05:57:50'),(1199,1,1,'catalog_product','entry_tax_class','Tax Class:','2019-07-17 05:57:50','2019-07-17 05:57:50'),(1200,1,1,'catalog_product','entry_cost','Cost:<br/><span class=\"help\">The wholesale cost used for profit reporting</span>','2019-07-17 05:57:50','2019-07-17 05:57:50'),(1201,1,1,'catalog_product','entry_price','Price:','2019-07-17 05:57:50','2019-07-17 05:57:50'),(1202,1,1,'catalog_product','entry_track_option_stock','Track Stock:','2019-07-17 05:57:50','2019-07-17 05:57:50'),(1203,1,1,'catalog_product','entry_subtract','Track Stock:<br/><span class=\"help\">Set YES if need to track stock quantity for this product. If options are used check subtract setting for each option value</span>','2019-07-17 05:57:50','2019-07-17 05:57:50'),(1204,1,1,'catalog_product','entry_weight_class','Weight Class:','2019-07-17 05:57:50','2019-07-17 05:57:50'),(1205,1,1,'catalog_product','entry_weight','Weight:','2019-07-17 05:57:50','2019-07-17 05:57:50'),(1206,1,1,'catalog_product','entry_length_class','Length Class:','2019-07-17 05:57:50','2019-07-17 05:57:50'),(1207,1,1,'catalog_product','entry_length','Length:','2019-07-17 05:57:50','2019-07-17 05:57:50'),(1208,1,1,'catalog_product','entry_width','Width:','2019-07-17 05:57:50','2019-07-17 05:57:50'),(1209,1,1,'catalog_product','entry_height','Height:','2019-07-17 05:57:50','2019-07-17 05:57:50'),(1210,1,1,'catalog_product','entry_dimension','Dimensions (L x W x H):','2019-07-17 05:57:50','2019-07-17 05:57:50'),(1211,1,1,'catalog_product','entry_image','Image:<br /><span class=\"help\">Click image to change it.</span>','2019-07-17 05:57:50','2019-07-17 05:57:50'),(1212,1,1,'catalog_product','entry_customer_group','Customer Group:','2019-07-17 05:57:50','2019-07-17 05:57:50'),(1213,1,1,'catalog_product','entry_date_start','Date Start:','2019-07-17 05:57:50','2019-07-17 05:57:50'),(1214,1,1,'catalog_product','entry_date_end','Date End:','2019-07-17 05:57:50','2019-07-17 05:57:50'),(1215,1,1,'catalog_product','entry_priority','Priority:','2019-07-17 05:57:50','2019-07-17 05:57:50'),(1216,1,1,'catalog_product','entry_option','Option:','2019-07-17 05:57:50','2019-07-17 05:57:50'),(1217,1,1,'catalog_product','entry_option_name','Option Name:','2019-07-17 05:57:50','2019-07-17 05:57:50'),(1218,1,1,'catalog_product','entry_option_value','Option Value:','2019-07-17 05:57:50','2019-07-17 05:57:50'),(1219,1,1,'catalog_product','entry_sort_order','Sort Order:','2019-07-17 05:57:50','2019-07-17 05:57:50'),(1220,1,1,'catalog_product','entry_prefix','Prefix:','2019-07-17 05:57:50','2019-07-17 05:57:50'),(1221,1,1,'catalog_product','entry_option_prefix','Modify Price By:','2019-07-17 05:57:50','2019-07-17 05:57:50'),(1222,1,1,'catalog_product','entry_option_price','Price Modifier:','2019-07-17 05:57:50','2019-07-17 05:57:50'),(1223,1,1,'catalog_product','entry_category','Categories:','2019-07-17 05:57:50','2019-07-17 05:57:50'),(1224,1,1,'catalog_product','entry_download','Downloads:','2019-07-17 05:57:50','2019-07-17 05:57:50'),(1225,1,1,'catalog_product','entry_related','Related Products:','2019-07-17 05:57:50','2019-07-17 05:57:50'),(1226,1,1,'catalog_product','entry_tags','Product Tags:<br /><span class=\"help\">comma separated</span>','2019-07-17 05:57:50','2019-07-17 05:57:50'),(1227,1,1,'catalog_product','error_permission','Warning: You do not have permission to modify products!','2019-07-17 05:57:50','2019-07-17 05:57:50'),(1228,1,1,'catalog_product','error_name','Product Name must be greater than 3 and less than 255 characters!','2019-07-17 05:57:50','2019-07-17 05:57:50'),(1229,1,1,'catalog_product','error_model','Product Model must be less than 64 characters! Recommended 5-25 characters','2019-07-17 05:57:50','2019-07-17 05:57:50'),(1230,1,1,'catalog_product','error_required_data','Required Data has not been entered. Check for field errors!','2019-07-17 05:57:50','2019-07-17 05:57:50'),(1231,1,1,'catalog_product','error_product_not_found','Error: Product not found!','2019-07-17 05:57:50','2019-07-17 05:57:50'),(1232,1,1,'catalog_product','filter_product','Search for product','2019-07-17 05:57:50','2019-07-17 05:57:50'),(1233,1,1,'catalog_product','filter_any_word','Any of these words','2019-07-17 05:57:50','2019-07-17 05:57:50'),(1234,1,1,'catalog_product','filter_all_words','All of these words','2019-07-17 05:57:50','2019-07-17 05:57:50'),(1235,1,1,'catalog_product','filter_exact_match','The exact phrase','2019-07-17 05:57:50','2019-07-17 05:57:50'),(1236,1,1,'catalog_product','filter_all_categories','- All Categories -','2019-07-17 05:57:50','2019-07-17 05:57:50'),(1237,1,1,'catalog_product','filter_price_max','max','2019-07-17 05:57:50','2019-07-17 05:57:50'),(1238,1,1,'catalog_product','text_view','view','2019-07-17 05:57:50','2019-07-17 05:57:50'),(1239,1,1,'catalog_product','text_delete','delete','2019-07-17 05:57:50','2019-07-17 05:57:50'),(1240,1,1,'catalog_product','text_choose_action','Choose action','2019-07-17 05:57:50','2019-07-17 05:57:50'),(1241,1,1,'catalog_product','text_clone_selected','Clone selected','2019-07-17 05:57:50','2019-07-17 05:57:50'),(1242,1,1,'catalog_product','text_export_selected','Export selected','2019-07-17 05:57:50','2019-07-17 05:57:50'),(1243,1,1,'catalog_product','text_delete_selected','Delete selected','2019-07-17 05:57:50','2019-07-17 05:57:50'),(1244,1,1,'catalog_product','text_edit_selected','Edit selected','2019-07-17 05:57:50','2019-07-17 05:57:50'),(1245,1,1,'catalog_product','text_clone','Clone','2019-07-17 05:57:50','2019-07-17 05:57:50'),(1246,1,1,'catalog_product','text_export','Export','2019-07-17 05:57:50','2019-07-17 05:57:50'),(1247,1,1,'catalog_product','text_select_category','- Select Category -','2019-07-17 05:57:50','2019-07-17 05:57:50'),(1248,1,1,'catalog_product','text_select_product','- Select Product -','2019-07-17 05:57:50','2019-07-17 05:57:50'),(1249,1,1,'catalog_product','text_option_name','Option Name','2019-07-17 05:57:50','2019-07-17 05:57:50'),(1250,1,1,'catalog_product','text_group_option','Group Option','2019-07-17 05:57:50','2019-07-17 05:57:50'),(1251,1,1,'catalog_product','text_option_type','Option Type','2019-07-17 05:57:50','2019-07-17 05:57:50'),(1252,1,1,'catalog_product','text_option_values','Option Values','2019-07-17 05:57:50','2019-07-17 05:57:50'),(1253,1,1,'catalog_product','text_no_option_values','No Option Values','2019-07-17 05:57:50','2019-07-17 05:57:50'),(1254,1,1,'catalog_product','text_edit_option_values','Edit Option Value','2019-07-17 05:57:50','2019-07-17 05:57:50'),(1255,1,1,'catalog_product','text_save_option_values','Save Option Value','2019-07-17 05:57:50','2019-07-17 05:57:50'),(1256,1,1,'catalog_product','button_remove_option','Remove Option','2019-07-17 05:57:50','2019-07-17 05:57:50'),(1257,1,1,'catalog_product','text_option_removed','Option Removed','2019-07-17 05:57:50','2019-07-17 05:57:50'),(1258,1,1,'catalog_product','entry_weight_type','Weight Type','2019-07-17 05:57:50','2019-07-17 05:57:50'),(1259,1,1,'catalog_product','text_product_pagination','Product(s) {start} to {end} of {total}','2019-07-17 05:57:50','2019-07-17 05:57:50'),(1260,1,1,'catalog_product','entry_product_id','Product ID','2019-07-17 05:57:50','2019-07-17 05:57:50'),(1261,1,1,'catalog_product','error_product_load','Warning: No product with such ID!','2019-07-17 05:57:50','2019-07-17 05:57:50'),(1262,1,1,'catalog_product','error_attribute_not_selected','Please select option to add!','2019-07-17 05:57:50','2019-07-17 05:57:50'),(1263,1,1,'catalog_product','error_date','\"Date End\" can not be less than \"Date Start\"!','2019-07-17 05:57:50','2019-07-17 05:57:50'),(1264,1,1,'catalog_product','error_required','This field is required!','2019-07-17 05:57:50','2019-07-17 05:57:50'),(1265,1,1,'catalog_product','error_option_in_group','Option cannot be added to product as it is already a part of group option!','2019-07-17 05:57:50','2019-07-17 05:57:50'),(1266,1,1,'catalog_product','text_success_layout','Success: You have modified product page layout.','2019-07-17 05:57:50','2019-07-17 05:57:50'),(1267,1,1,'catalog_product','text_success_option','Success: You have modified product option.','2019-07-17 05:57:50','2019-07-17 05:57:50'),(1268,1,1,'catalog_product','text_add_new_option','- Add New Option -','2019-07-17 05:57:50','2019-07-17 05:57:50'),(1269,1,1,'catalog_product','entry_required','Required:','2019-07-17 05:57:50','2019-07-17 05:57:50'),(1270,1,1,'catalog_product','entry_element_type','Element Type:','2019-07-17 05:57:50','2019-07-17 05:57:50'),(1271,1,1,'catalog_product','entry_element_values','Element Values:','2019-07-17 05:57:50','2019-07-17 05:57:50'),(1272,1,1,'catalog_product','text_expand','+ expand','2019-07-17 05:57:50','2019-07-17 05:57:50'),(1273,1,1,'catalog_product','text_hide','- hide','2019-07-17 05:57:50','2019-07-17 05:57:50'),(1274,1,1,'catalog_product','entry_option_placeholder','Placeholder:','2019-07-17 05:57:50','2019-07-17 05:57:50'),(1275,1,1,'catalog_product','entry_regexp_pattern','Regular Expression Pattern:','2019-07-17 05:57:50','2019-07-17 05:57:50'),(1276,1,1,'catalog_product','entry_error_text','Error Message about invalid Value:','2019-07-17 05:57:50','2019-07-17 05:57:50'),(1277,1,1,'catalog_product','text_product_condition','Product Condition:','2019-07-17 05:57:50','2019-07-17 05:57:50'),(1278,1,1,'catalog_product','text_product_available','Available','2019-07-17 05:57:50','2019-07-17 05:57:50'),(1279,1,1,'catalog_product','text_product_disabled','Disabled','2019-07-17 05:57:50','2019-07-17 05:57:50'),(1280,1,1,'catalog_product','text_product_unavailable','Unavailable','2019-07-17 05:57:50','2019-07-17 05:57:50'),(1281,1,1,'catalog_product','text_product_out_of_stock','Out of Stock','2019-07-17 05:57:50','2019-07-17 05:57:50'),(1282,1,1,'catalog_product','text_product_in_stock','In Stock','2019-07-17 05:57:50','2019-07-17 05:57:50'),(1283,1,1,'catalog_product','text_product_option_out_of_stock','Product Option(s) Out of Stock','2019-07-17 05:57:50','2019-07-17 05:57:50'),(1284,1,1,'catalog_product','text_call_to_order','Call To Order','2019-07-17 05:57:50','2019-07-17 05:57:50'),(1285,1,1,'catalog_product','entry_call_to_order','Block Product From Ordering:<br /><span class=\"help\">This will put product to display mode only with no ability to order. Contact us for order message will be displayed.</span>','2019-07-17 05:57:50','2019-07-17 05:57:50'),(1286,1,1,'catalog_product','text_new_option','New Option','2019-07-17 05:57:50','2019-07-17 05:57:50'),(1287,1,1,'catalog_product','text_total_orders','Total Orders','2019-07-17 05:57:50','2019-07-17 05:57:50'),(1288,1,1,'catalog_product','error_measure_value','The limit of 999.99 has been reached. Provide smaller number.','2019-07-17 05:57:50','2019-07-17 05:57:50'),(1289,1,1,'catalog_product','error_weight_value','This product requires shipping. Please set weight value.','2019-07-17 05:57:50','2019-07-17 05:57:50'),(1290,1,1,'catalog_product','error_weight_class','Please set weight class.','2019-07-17 05:57:50','2019-07-17 05:57:50'),(1291,1,1,'catalog_product','entry_allowed_extensions','Allowed File Extensions (txt, jpg …)','2019-07-17 05:57:50','2019-07-17 05:57:50'),(1292,1,1,'catalog_product','entry_min_size','Min file size (Kb)','2019-07-17 05:57:50','2019-07-17 05:57:50'),(1293,1,1,'catalog_product','entry_max_size','Max file size (Kb)','2019-07-17 05:57:50','2019-07-17 05:57:50'),(1294,1,1,'catalog_product','entry_upload_dir','Upload directory name<br>%s','2019-07-17 05:57:50','2019-07-17 05:57:50'),(1295,1,1,'catalog_product','text_success_relation_set','Relations of selected products was set successfully!','2019-07-17 05:57:50','2019-07-17 05:57:50'),(1296,1,1,'catalog_product','entry_stock_locations','Stock Locations:','2019-07-17 05:57:50','2019-07-17 05:57:50'),(1297,1,1,'catalog_product','entry_locations','Locations:','2019-07-17 05:57:50','2019-07-17 05:57:50'),(1298,1,1,'sale_order','heading_title','Orders','2019-07-17 06:06:19','2019-07-17 06:06:19'),(1299,1,1,'sale_order','edit_title_details','Edit Order Details','2019-07-17 06:06:19','2019-07-17 06:06:19'),(1300,1,1,'sale_order','edit_title_shipping','Edit Shipping Address','2019-07-17 06:06:19','2019-07-17 06:06:19'),(1301,1,1,'sale_order','edit_title_payment','Edit Payment Address','2019-07-17 06:06:19','2019-07-17 06:06:19'),(1302,1,1,'sale_order','title_payment_details','Payment Details','2019-07-17 06:06:19','2019-07-17 06:06:19'),(1303,1,1,'sale_order','text_success','Success: Order details have been updated!','2019-07-17 06:06:19','2019-07-17 06:06:19'),(1304,1,1,'sale_order','text_invoice','Invoice','2019-07-17 06:06:19','2019-07-17 06:06:19'),(1305,1,1,'sale_order','text_order_id','Order ID:','2019-07-17 06:06:19','2019-07-17 06:06:19'),(1306,1,1,'sale_order','text_invoice_id','Invoice No.:','2019-07-17 06:06:19','2019-07-17 06:06:19'),(1307,1,1,'sale_order','text_date_added','Invoice Date:','2019-07-17 06:06:19','2019-07-17 06:06:19'),(1308,1,1,'sale_order','text_telephone','Telephone','2019-07-17 06:06:19','2019-07-17 06:06:19'),(1309,1,1,'sale_order','text_fax','Fax','2019-07-17 06:06:19','2019-07-17 06:06:19'),(1310,1,1,'sale_order','text_select_country','- Select Country -','2019-07-17 06:06:19','2019-07-17 06:06:19'),(1311,1,1,'sale_order','text_to','To','2019-07-17 06:06:19','2019-07-17 06:06:19'),(1312,1,1,'sale_order','text_ship_to','Ship To (if different address)','2019-07-17 06:06:19','2019-07-17 06:06:19'),(1313,1,1,'sale_order','text_missing_orders','Missing Orders','2019-07-17 06:06:19','2019-07-17 06:06:19'),(1314,1,1,'sale_order','text_wait','Please Wait!','2019-07-17 06:06:19','2019-07-17 06:06:19'),(1315,1,1,'sale_order','column_order','Order ID','2019-07-17 06:06:19','2019-07-17 06:06:19'),(1316,1,1,'sale_order','column_name','Customer Name','2019-07-17 06:06:19','2019-07-17 06:06:19'),(1317,1,1,'sale_order','column_status','Status','2019-07-17 06:06:19','2019-07-17 06:06:19'),(1318,1,1,'sale_order','column_date_added','Date Added','2019-07-17 06:06:19','2019-07-17 06:06:19'),(1319,1,1,'sale_order','column_total','Total','2019-07-17 06:06:19','2019-07-17 06:06:19'),(1320,1,1,'sale_order','column_product','Product','2019-07-17 06:06:19','2019-07-17 06:06:19'),(1321,1,1,'sale_order','column_model','Model','2019-07-17 06:06:19','2019-07-17 06:06:19'),(1322,1,1,'sale_order','column_quantity','Quantity','2019-07-17 06:06:19','2019-07-17 06:06:19'),(1323,1,1,'sale_order','column_price','Unit Price','2019-07-17 06:06:19','2019-07-17 06:06:19'),(1324,1,1,'sale_order','column_download','Download Name','2019-07-17 06:06:19','2019-07-17 06:06:19'),(1325,1,1,'sale_order','column_file','File','2019-07-17 06:06:19','2019-07-17 06:06:19'),(1326,1,1,'sale_order','column_remaining','Remaining','2019-07-17 06:06:19','2019-07-17 06:06:19'),(1327,1,1,'sale_order','column_expire_date','Expire Date','2019-07-17 06:06:19','2019-07-17 06:06:19'),(1328,1,1,'sale_order','column_mask','Mask','2019-07-17 06:06:19','2019-07-17 06:06:19'),(1329,1,1,'sale_order','column_notify','Customer Notified','2019-07-17 06:06:19','2019-07-17 06:06:19'),(1330,1,1,'sale_order','column_comment','Customer\'s order comment','2019-07-17 06:06:19','2019-07-17 06:06:19'),(1331,1,1,'sale_order','column_action','Action','2019-07-17 06:06:19','2019-07-17 06:06:19'),(1332,1,1,'sale_order','entry_order_id','Order ID:','2019-07-17 06:06:19','2019-07-17 06:06:19'),(1333,1,1,'sale_order','entry_invoice_id','Invoice ID:','2019-07-17 06:06:19','2019-07-17 06:06:19'),(1334,1,1,'sale_order','entry_customer','Customer:','2019-07-17 06:06:19','2019-07-17 06:06:19'),(1335,1,1,'sale_order','entry_firstname','First Name:','2019-07-17 06:06:19','2019-07-17 06:06:19'),(1336,1,1,'sale_order','entry_lastname','Last Name:','2019-07-17 06:06:19','2019-07-17 06:06:19'),(1337,1,1,'sale_order','entry_customer_group','Customer Group:','2019-07-17 06:06:19','2019-07-17 06:06:19'),(1338,1,1,'sale_order','entry_email','E-Mail:','2019-07-17 06:06:19','2019-07-17 06:06:19'),(1339,1,1,'sale_order','entry_ip','IP Address:','2019-07-17 06:06:19','2019-07-17 06:06:19'),(1340,1,1,'sale_order','entry_telephone','Telephone:','2019-07-17 06:06:19','2019-07-17 06:06:19'),(1341,1,1,'sale_order','entry_fax','Fax:','2019-07-17 06:06:19','2019-07-17 06:06:19'),(1342,1,1,'sale_order','entry_store_name','Store Name:','2019-07-17 06:06:19','2019-07-17 06:06:19'),(1343,1,1,'sale_order','entry_store_url','Store Url:','2019-07-17 06:06:19','2019-07-17 06:06:19'),(1344,1,1,'sale_order','entry_date_added','Date Added:','2019-07-17 06:06:19','2019-07-17 06:06:19'),(1345,1,1,'sale_order','entry_shipping_method','Shipping Method:','2019-07-17 06:06:19','2019-07-17 06:06:19'),(1346,1,1,'sale_order','entry_payment_method','Payment Method:','2019-07-17 06:06:19','2019-07-17 06:06:19'),(1347,1,1,'sale_order','entry_total','Original Order Total:','2019-07-17 06:06:19','2019-07-17 06:06:19'),(1348,1,1,'sale_order','entry_order_status','Order Status:','2019-07-17 06:06:19','2019-07-17 06:06:19'),(1349,1,1,'sale_order','entry_comment','Comment:','2019-07-17 06:06:19','2019-07-17 06:06:19'),(1350,1,1,'sale_order','entry_company','Company:','2019-07-17 06:06:19','2019-07-17 06:06:19'),(1351,1,1,'sale_order','entry_address_1','Address 1:','2019-07-17 06:06:19','2019-07-17 06:06:19'),(1352,1,1,'sale_order','entry_address_2','Address 2:','2019-07-17 06:06:19','2019-07-17 06:06:19'),(1353,1,1,'sale_order','entry_postcode','ZIP/Post Code:','2019-07-17 06:06:19','2019-07-17 06:06:19'),(1354,1,1,'sale_order','entry_city','City:','2019-07-17 06:06:19','2019-07-17 06:06:19'),(1355,1,1,'sale_order','entry_zone','Region / State:','2019-07-17 06:06:19','2019-07-17 06:06:19'),(1356,1,1,'sale_order','entry_zone_code','Region / State Code:','2019-07-17 06:06:19','2019-07-17 06:06:19'),(1357,1,1,'sale_order','entry_country','Country:','2019-07-17 06:06:19','2019-07-17 06:06:19'),(1358,1,1,'sale_order','entry_status','Order Status:','2019-07-17 06:06:19','2019-07-17 06:06:19'),(1359,1,1,'sale_order','entry_notify','Notify Customer:','2019-07-17 06:06:19','2019-07-17 06:06:19'),(1360,1,1,'sale_order','entry_append','Append Comments:','2019-07-17 06:06:19','2019-07-17 06:06:19'),(1361,1,1,'sale_order','entry_add_product','Add Available Product:','2019-07-17 06:06:19','2019-07-17 06:06:19'),(1362,1,1,'sale_order','error_permission','Warning: You do not have permission to modify orders!','2019-07-17 06:06:19','2019-07-17 06:06:19'),(1363,1,1,'sale_order','error_order_load','Warning: No order with such ID!','2019-07-17 06:06:19','2019-07-17 06:06:19'),(1364,1,1,'sale_order','text_order_summary','Order Summary','2019-07-17 06:06:19','2019-07-17 06:06:19'),(1365,1,1,'sale_order','tab_order_details','Order Details','2019-07-17 06:06:19','2019-07-17 06:06:19'),(1366,1,1,'sale_order','tab_shipping','Shipping Address','2019-07-17 06:06:19','2019-07-17 06:06:19'),(1367,1,1,'sale_order','tab_payment','Payment Address','2019-07-17 06:06:19','2019-07-17 06:06:19'),(1368,1,1,'sale_order','tab_history','Status & Comments','2019-07-17 06:06:19','2019-07-17 06:06:19'),(1369,1,1,'sale_order','tab_files','Order Files','2019-07-17 06:06:19','2019-07-17 06:06:19'),(1370,1,1,'sale_order','tab_payment_details','Payment Details','2019-07-17 06:06:19','2019-07-17 06:06:19'),(1371,1,1,'sale_order','edit_title_files','Edit Order Files','2019-07-17 06:06:19','2019-07-17 06:06:19'),(1372,1,1,'sale_order','text_missing_file','Missing File','2019-07-17 06:06:19','2019-07-17 06:06:19'),(1373,1,1,'sale_order','order_download_history','Download History','2019-07-17 06:06:19','2019-07-17 06:06:19'),(1374,1,1,'sale_order','text_time','Time','2019-07-17 06:06:19','2019-07-17 06:06:19'),(1375,1,1,'sale_order','text_filename','Filename','2019-07-17 06:06:19','2019-07-17 06:06:19'),(1376,1,1,'sale_order','text_mask','Mask','2019-07-17 06:06:19','2019-07-17 06:06:19'),(1377,1,1,'sale_order','text_download_percent','Download Percents','2019-07-17 06:06:19','2019-07-17 06:06:19'),(1378,1,1,'sale_order','text_download_expired','Date Expired','2019-07-17 06:06:19','2019-07-17 06:06:19'),(1379,1,1,'sale_order','text_download_remaining_count','Remaining Count','2019-07-17 06:06:19','2019-07-17 06:06:19'),(1380,1,1,'sale_order','text_order_status_required','Order Status \"%s\" Required','2019-07-17 06:06:19','2019-07-17 06:06:19'),(1381,1,1,'sale_order','text_select_product','- Select Product -','2019-07-17 06:06:19','2019-07-17 06:06:19'),(1382,1,1,'sale_order','text_push_download','- Push Download -','2019-07-17 06:06:19','2019-07-17 06:06:19'),(1383,1,1,'sale_order','text_add_product_to_order','Add Product to Order #%s','2019-07-17 06:06:19','2019-07-17 06:06:19'),(1384,1,1,'sale_order','text_edit_order_product','Edit Product','2019-07-17 06:06:19','2019-07-17 06:06:19'),(1385,1,1,'sale_order','attention_check_total','Note: Order product details has changed. Total was recalculated automatically. Review is required.','2019-07-17 06:06:19','2019-07-17 06:06:19'),(1386,1,1,'sale_order','text_order_total_add','Add new amount to total calculation','2019-07-17 06:06:19','2019-07-17 06:06:19'),(1387,1,1,'sale_order','text_order_total_title','Title to show','2019-07-17 06:06:19','2019-07-17 06:06:19'),(1388,1,1,'sale_order','text_order_total_amount','Amount','2019-07-17 06:06:19','2019-07-17 06:06:19'),(1389,1,1,'sale_order','text_recalc','Recalculate using settings','2019-07-17 06:06:19','2019-07-17 06:06:19'),(1390,1,1,'sale_order','entry_im','IM:','2019-07-17 06:06:19','2019-07-17 06:06:19'),(1391,1,1,'sale_order','entry_stock_locations','Stock Locations:','2019-07-17 06:06:19','2019-07-17 06:06:19'),(1392,1,1,'catalog_category','heading_title','Categories','2019-07-17 06:12:54','2019-07-17 06:12:54'),(1393,1,1,'catalog_category','text_category','Category','2019-07-17 06:12:54','2019-07-17 06:12:54'),(1394,1,1,'catalog_category','text_success','Success: You have modified categories!','2019-07-17 06:12:54','2019-07-17 06:12:54'),(1395,1,1,'catalog_category','text_default','Default','2019-07-17 06:12:54','2019-07-17 06:12:54'),(1396,1,1,'catalog_category','text_image_manager','Image Manager','2019-07-17 06:12:54','2019-07-17 06:12:54'),(1397,1,1,'catalog_category','update_title','Update Category','2019-07-17 06:12:54','2019-07-17 06:12:54'),(1398,1,1,'catalog_category','column_image','Image','2019-07-17 06:12:54','2019-07-17 06:12:54'),(1399,1,1,'catalog_category','column_name','Category Name','2019-07-17 06:12:54','2019-07-17 06:12:54'),(1400,1,1,'catalog_category','column_sort_order','Sort Order','2019-07-17 06:12:54','2019-07-17 06:12:54'),(1401,1,1,'catalog_category','column_status','Status','2019-07-17 06:12:54','2019-07-17 06:12:54'),(1402,1,1,'catalog_category','column_products','Products count','2019-07-17 06:12:54','2019-07-17 06:12:54'),(1403,1,1,'catalog_category','column_subcategories','Subcategories count','2019-07-17 06:12:54','2019-07-17 06:12:54'),(1404,1,1,'catalog_category','entry_name','Category Name:','2019-07-17 06:12:54','2019-07-17 06:12:54'),(1405,1,1,'catalog_category','entry_meta_keywords','Meta Tag Keywords:','2019-07-17 06:12:54','2019-07-17 06:12:54'),(1406,1,1,'catalog_category','entry_meta_description','Meta Tag Description:','2019-07-17 06:12:54','2019-07-17 06:12:54'),(1407,1,1,'catalog_category','entry_description','Description:','2019-07-17 06:12:54','2019-07-17 06:12:54'),(1408,1,1,'catalog_category','entry_status','Category Status:','2019-07-17 06:12:54','2019-07-17 06:12:54'),(1409,1,1,'catalog_category','entry_parent_category','Parent Category:','2019-07-17 06:12:54','2019-07-17 06:12:54'),(1410,1,1,'catalog_category','entry_store','Stores:','2019-07-17 06:12:54','2019-07-17 06:12:54'),(1411,1,1,'catalog_category','entry_keyword','SEO Keyword:','2019-07-17 06:12:54','2019-07-17 06:12:54'),(1412,1,1,'catalog_category','entry_image','Image:','2019-07-17 06:12:54','2019-07-17 06:12:54'),(1413,1,1,'catalog_category','entry_sort_order','Sort Order:','2019-07-17 06:12:54','2019-07-17 06:12:54'),(1414,1,1,'catalog_category','error_permission','Warning: You do not have permission to modify categories!','2019-07-17 06:12:54','2019-07-17 06:12:54'),(1415,1,1,'catalog_category','error_name','Category Name must be between 2 and 32 characters!','2019-07-17 06:12:54','2019-07-17 06:12:54'),(1416,1,1,'catalog_category','error_required_data','Required Data has not been entered. Check for field errors!','2019-07-17 06:12:54','2019-07-17 06:12:54'),(1417,1,1,'catalog_category','text_select_all','- All Categories -','2019-07-17 06:12:54','2019-07-17 06:12:54'),(1418,1,1,'catalog_category','text_top_level','- Top Level -','2019-07-17 06:12:54','2019-07-17 06:12:54'),(1419,1,1,'catalog_category','text_select_parent','- Select Parent -','2019-07-17 06:12:54','2019-07-17 06:12:54'),(1420,1,1,'catalog_category','text_success_layout','Success: You have modified category page layout.','2019-07-17 06:12:54','2019-07-17 06:12:54'),(1421,1,1,'catalog_category','tab_layout',' Layout ','2019-07-17 06:12:54','2019-07-17 06:12:54'),(1422,1,1,'catalog_category','tab_image','Images','2019-07-17 06:12:54','2019-07-17 06:12:54'),(1423,1,1,'catalog_review','heading_title','Reviews','2019-07-17 06:13:09','2019-07-17 06:13:09'),(1424,1,1,'catalog_review','text_review','Review','2019-07-17 06:13:09','2019-07-17 06:13:09'),(1425,1,1,'catalog_review','insert_title','Insert Review','2019-07-17 06:13:09','2019-07-17 06:13:09'),(1426,1,1,'catalog_review','update_title','Update Review','2019-07-17 06:13:09','2019-07-17 06:13:09'),(1427,1,1,'catalog_review','text_success','Success: You have modified reviews!','2019-07-17 06:13:09','2019-07-17 06:13:09'),(1428,1,1,'catalog_review','column_product','Product','2019-07-17 06:13:09','2019-07-17 06:13:09'),(1429,1,1,'catalog_review','column_author','Author','2019-07-17 06:13:09','2019-07-17 06:13:09'),(1430,1,1,'catalog_review','column_rating','Rating','2019-07-17 06:13:09','2019-07-17 06:13:09'),(1431,1,1,'catalog_review','column_status','Status','2019-07-17 06:13:09','2019-07-17 06:13:09'),(1432,1,1,'catalog_review','column_date_added','Date Added','2019-07-17 06:13:09','2019-07-17 06:13:09'),(1433,1,1,'catalog_review','column_action','Action','2019-07-17 06:13:09','2019-07-17 06:13:09'),(1434,1,1,'catalog_review','entry_product','Product:','2019-07-17 06:13:09','2019-07-17 06:13:09'),(1435,1,1,'catalog_review','entry_author','Author:','2019-07-17 06:13:09','2019-07-17 06:13:09'),(1436,1,1,'catalog_review','entry_rating','Rating:','2019-07-17 06:13:09','2019-07-17 06:13:09'),(1437,1,1,'catalog_review','entry_status','Status:','2019-07-17 06:13:09','2019-07-17 06:13:09'),(1438,1,1,'catalog_review','entry_text','Text:','2019-07-17 06:13:09','2019-07-17 06:13:09'),(1439,1,1,'catalog_review','entry_good','Good','2019-07-17 06:13:09','2019-07-17 06:13:09'),(1440,1,1,'catalog_review','entry_bad','Bad','2019-07-17 06:13:09','2019-07-17 06:13:09'),(1441,1,1,'catalog_review','error_permission','Warning: You do not have permission to modify reviews!','2019-07-17 06:13:09','2019-07-17 06:13:09'),(1442,1,1,'catalog_review','error_product','Product required!','2019-07-17 06:13:09','2019-07-17 06:13:09'),(1443,1,1,'catalog_review','error_author','Author must be between 2 and 64 characters!','2019-07-17 06:13:09','2019-07-17 06:13:09'),(1444,1,1,'catalog_review','error_text','Review Text must be between 25 and 1000 characters!','2019-07-17 06:13:09','2019-07-17 06:13:09'),(1445,1,1,'catalog_review','error_rating','Review rating required!','2019-07-17 06:13:09','2019-07-17 06:13:09'),(1446,1,1,'catalog_review','text_select_product','- Select Product -','2019-07-17 06:13:09','2019-07-17 06:13:09'),(1447,1,1,'catalog_review','text_select_category','- Select Category -','2019-07-17 06:13:09','2019-07-17 06:13:09'),(1448,1,1,'tool_rl_manager','heading_title','Media Resource Library Manager','2019-07-17 06:14:11','2019-07-17 06:14:11'),(1449,1,1,'tool_rl_manager','text_rl_latest','Latest added resources','2019-07-17 06:14:11','2019-07-17 06:14:11'),(1450,1,1,'tool_rl_manager','text_rl_type','resource type','2019-07-17 06:14:11','2019-07-17 06:14:11'),(1451,1,1,'tool_rl_manager','entry_type_name','Resource Type Key<br/><span class=\"help\">This resource type key/name value can not be changed</span>','2019-07-17 06:14:11','2019-07-17 06:14:11'),(1452,1,1,'tool_rl_manager','entry_default_directory','Resource directory<br/><span class=\"help\">Directory locating resource for this type. If changed, existing resources will not be accessible and will need to be copied to new directory!</span>','2019-07-17 06:14:11','2019-07-17 06:14:11'),(1453,1,1,'tool_rl_manager','entry_default_icon','Default icon<br/><span class=\"help\">Icon image to be shown in the listing of resources (Location: /image/... ).</span>','2019-07-17 06:14:11','2019-07-17 06:14:11'),(1454,1,1,'tool_rl_manager','entry_file_types','Allowed file extensions<br/><span class=\"help\">Regex with a list of allowed file extensions for this resource type</span>','2019-07-17 06:14:11','2019-07-17 06:14:11'),(1455,1,1,'tool_rl_manager','text_success','Success: You have updated resource type!','2019-07-17 06:14:11','2019-07-17 06:14:11'),(1456,1,1,'tool_rl_manager','error_missing_type_id','Error: Missing resource type ID!','2019-07-17 06:14:11','2019-07-17 06:14:11'),(1457,1,1,'tool_rl_manager','error_type_name','Error: Resource type name needs to be between 2 and 40 characters','2019-07-17 06:14:11','2019-07-17 06:14:11'),(1458,1,1,'tool_rl_manager','error_default_directory','Error: Resource type directory needs to be between 2 and 64 characters','2019-07-17 06:14:11','2019-07-17 06:14:11'),(1459,1,1,'tool_rl_manager','error_default_icon','Error: Resource type icon needs to be between 2 and 64 characters','2019-07-17 06:14:11','2019-07-17 06:14:11'),(1460,1,1,'tool_rl_manager','error_file_types','Error: Resource type file extensions regex needs to be between 2 and 40 characters','2019-07-17 06:14:11','2019-07-17 06:14:11');
/*!40000 ALTER TABLE `abc_language_definitions` ENABLE KEYS */;
UNLOCK TABLES;

--
-- Table structure for table `abc_languages`
--

DROP TABLE IF EXISTS `abc_languages`;
/*!40101 SET @saved_cs_client     = @@character_set_client */;
/*!40101 SET character_set_client = utf8 */;
CREATE TABLE `abc_languages` (
  `language_id` int(11) NOT NULL AUTO_INCREMENT,
  `name` varchar(32) NOT NULL DEFAULT '',
  `code` varchar(5) NOT NULL,
  `locale` varchar(255) NOT NULL,
  `image` varchar(255) NOT NULL,
  `directory` varchar(32) NOT NULL DEFAULT '',
  `filename` varchar(64) NOT NULL DEFAULT '',
  `sort_order` int(3) NOT NULL DEFAULT '0',
  `status` int(1) NOT NULL,
  PRIMARY KEY (`language_id`),
  UNIQUE KEY `ac_languages_idx` (`language_id`,`code`),
  KEY `name` (`name`)
) ENGINE=MyISAM AUTO_INCREMENT=2 DEFAULT CHARSET=utf8;
/*!40101 SET character_set_client = @saved_cs_client */;

--
-- Dumping data for table `abc_languages`
--

LOCK TABLES `abc_languages` WRITE;
/*!40000 ALTER TABLE `abc_languages` DISABLE KEYS */;
INSERT INTO `abc_languages` VALUES (1,'English','en','en_US.UTF-8,en_US,en-gb,english','','english','english',1,1);
/*!40000 ALTER TABLE `abc_languages` ENABLE KEYS */;
UNLOCK TABLES;

--
-- Table structure for table `abc_layouts`
--

DROP TABLE IF EXISTS `abc_layouts`;
/*!40101 SET @saved_cs_client     = @@character_set_client */;
/*!40101 SET character_set_client = utf8 */;
CREATE TABLE `abc_layouts` (
  `layout_id` int(10) NOT NULL AUTO_INCREMENT,
  `template_id` varchar(100) NOT NULL,
  `layout_name` varchar(255) NOT NULL DEFAULT '',
  `layout_type` smallint(1) NOT NULL DEFAULT '0',
  `date_added` timestamp NOT NULL DEFAULT '0000-00-00 00:00:00',
  `date_modified` timestamp NOT NULL DEFAULT CURRENT_TIMESTAMP ON UPDATE CURRENT_TIMESTAMP,
  PRIMARY KEY (`layout_id`)
) ENGINE=MyISAM AUTO_INCREMENT=21 DEFAULT CHARSET=utf8;
/*!40101 SET character_set_client = @saved_cs_client */;

--
-- Dumping data for table `abc_layouts`
--

LOCK TABLES `abc_layouts` WRITE;
/*!40000 ALTER TABLE `abc_layouts` DISABLE KEYS */;
INSERT INTO `abc_layouts` VALUES (11,'default','Default Page Layout',0,'2019-07-12 07:21:52','2019-07-12 07:21:52'),(12,'default','Home Page',1,'2019-07-12 07:21:52','2019-07-12 07:21:52'),(13,'default','Login Page',1,'2019-07-12 07:21:52','2019-07-12 07:21:52'),(14,'default','Default Product Page',1,'2019-07-12 07:21:52','2019-07-12 07:21:52'),(15,'default','Checkout Pages',1,'2019-07-12 07:21:52','2019-07-12 07:21:52'),(16,'default','Product Listing Page',1,'2019-07-12 07:21:52','2019-07-12 07:21:52'),(17,'default','Maintenance Page',1,'2019-07-12 07:21:52','2019-07-12 07:21:52'),(18,'default','Customer Account Pages',1,'2019-07-12 07:21:52','2019-07-12 07:21:52'),(19,'default','Cart Page',1,'2019-07-12 07:21:52','2019-07-12 07:21:52'),(20,'default','Product Listing Page',1,'2019-07-12 07:21:52','2019-07-12 07:21:52');
/*!40000 ALTER TABLE `abc_layouts` ENABLE KEYS */;
UNLOCK TABLES;

--
-- Table structure for table `abc_length_class_descriptions`
--

DROP TABLE IF EXISTS `abc_length_class_descriptions`;
/*!40101 SET @saved_cs_client     = @@character_set_client */;
/*!40101 SET character_set_client = utf8 */;
CREATE TABLE `abc_length_class_descriptions` (
  `length_class_id` int(11) NOT NULL,
  `language_id` int(11) NOT NULL,
  `title` varchar(32) NOT NULL COMMENT 'translatable',
  `unit` varchar(4) NOT NULL COMMENT 'translatable',
  PRIMARY KEY (`length_class_id`,`language_id`)
) ENGINE=MyISAM DEFAULT CHARSET=utf8;
/*!40101 SET character_set_client = @saved_cs_client */;

--
-- Dumping data for table `abc_length_class_descriptions`
--

LOCK TABLES `abc_length_class_descriptions` WRITE;
/*!40000 ALTER TABLE `abc_length_class_descriptions` DISABLE KEYS */;
INSERT INTO `abc_length_class_descriptions` VALUES (1,1,'Centimeter','cm'),(2,1,'Millimeter','mm'),(3,1,'Inch','in');
/*!40000 ALTER TABLE `abc_length_class_descriptions` ENABLE KEYS */;
UNLOCK TABLES;

--
-- Table structure for table `abc_length_classes`
--

DROP TABLE IF EXISTS `abc_length_classes`;
/*!40101 SET @saved_cs_client     = @@character_set_client */;
/*!40101 SET character_set_client = utf8 */;
CREATE TABLE `abc_length_classes` (
  `length_class_id` int(11) NOT NULL AUTO_INCREMENT,
  `value` decimal(15,8) NOT NULL,
  `iso_code` varchar(5) NOT NULL,
  `date_added` timestamp NOT NULL DEFAULT '0000-00-00 00:00:00',
  `date_modified` timestamp NOT NULL DEFAULT CURRENT_TIMESTAMP ON UPDATE CURRENT_TIMESTAMP,
  PRIMARY KEY (`length_class_id`,`iso_code`)
) ENGINE=MyISAM AUTO_INCREMENT=4 DEFAULT CHARSET=utf8;
/*!40101 SET character_set_client = @saved_cs_client */;

--
-- Dumping data for table `abc_length_classes`
--

LOCK TABLES `abc_length_classes` WRITE;
/*!40000 ALTER TABLE `abc_length_classes` DISABLE KEYS */;
INSERT INTO `abc_length_classes` VALUES (1,1.00000000,'CMET','0000-00-00 00:00:00','2019-07-12 07:21:51'),(2,10.00000000,'MMET','0000-00-00 00:00:00','2019-07-12 07:21:51'),(3,0.39370000,'INCH','0000-00-00 00:00:00','2019-07-12 07:21:51');
/*!40000 ALTER TABLE `abc_length_classes` ENABLE KEYS */;
UNLOCK TABLES;

--
-- Table structure for table `abc_locations`
--

DROP TABLE IF EXISTS `abc_locations`;
/*!40101 SET @saved_cs_client     = @@character_set_client */;
/*!40101 SET character_set_client = utf8 */;
CREATE TABLE `abc_locations` (
  `location_id` int(11) NOT NULL AUTO_INCREMENT,
  `name` varchar(32) NOT NULL DEFAULT '',
  `description` varchar(255) NOT NULL DEFAULT '',
  `date_added` timestamp NOT NULL DEFAULT '0000-00-00 00:00:00',
  `date_modified` timestamp NOT NULL DEFAULT CURRENT_TIMESTAMP ON UPDATE CURRENT_TIMESTAMP,
  PRIMARY KEY (`location_id`)
) ENGINE=MyISAM AUTO_INCREMENT=3 DEFAULT CHARSET=utf8;
/*!40101 SET character_set_client = @saved_cs_client */;

--
-- Dumping data for table `abc_locations`
--

LOCK TABLES `abc_locations` WRITE;
/*!40000 ALTER TABLE `abc_locations` DISABLE KEYS */;
INSERT INTO `abc_locations` VALUES (1,'USA','All States','2019-07-12 07:21:51','2019-07-12 07:21:51'),(2,'Canada','All provinces','2019-07-12 07:21:51','2019-07-12 07:21:51');
/*!40000 ALTER TABLE `abc_locations` ENABLE KEYS */;
UNLOCK TABLES;

--
-- Table structure for table `abc_manufacturers`
--

DROP TABLE IF EXISTS `abc_manufacturers`;
/*!40101 SET @saved_cs_client     = @@character_set_client */;
/*!40101 SET character_set_client = utf8 */;
CREATE TABLE `abc_manufacturers` (
  `manufacturer_id` int(11) NOT NULL AUTO_INCREMENT,
  `name` varchar(64) NOT NULL DEFAULT '',
  `sort_order` int(3) NOT NULL,
  PRIMARY KEY (`manufacturer_id`)
) ENGINE=MyISAM AUTO_INCREMENT=21 DEFAULT CHARSET=utf8;
/*!40101 SET character_set_client = @saved_cs_client */;

--
-- Dumping data for table `abc_manufacturers`
--

LOCK TABLES `abc_manufacturers` WRITE;
/*!40000 ALTER TABLE `abc_manufacturers` DISABLE KEYS */;
INSERT INTO `abc_manufacturers` VALUES (14,'Bvlgari',0),(13,'Calvin Klein',0),(12,'Benefit',0),(11,'M·A·C',0),(15,'Lancôme',0),(16,'Sephora',0),(17,'Pantene',0),(18,'Dove',0),(19,'Giorgio Armani',0),(20,'Gucci',0);
/*!40000 ALTER TABLE `abc_manufacturers` ENABLE KEYS */;
UNLOCK TABLES;

--
-- Table structure for table `abc_manufacturers_to_stores`
--

DROP TABLE IF EXISTS `abc_manufacturers_to_stores`;
/*!40101 SET @saved_cs_client     = @@character_set_client */;
/*!40101 SET character_set_client = utf8 */;
CREATE TABLE `abc_manufacturers_to_stores` (
  `manufacturer_id` int(11) NOT NULL,
  `store_id` int(11) NOT NULL,
  PRIMARY KEY (`manufacturer_id`,`store_id`)
) ENGINE=MyISAM DEFAULT CHARSET=utf8;
/*!40101 SET character_set_client = @saved_cs_client */;

--
-- Dumping data for table `abc_manufacturers_to_stores`
--

LOCK TABLES `abc_manufacturers_to_stores` WRITE;
/*!40000 ALTER TABLE `abc_manufacturers_to_stores` DISABLE KEYS */;
INSERT INTO `abc_manufacturers_to_stores` VALUES (11,0),(12,0),(13,0),(14,0),(15,0),(16,0),(17,0),(18,0),(19,0),(20,0);
/*!40000 ALTER TABLE `abc_manufacturers_to_stores` ENABLE KEYS */;
UNLOCK TABLES;

--
-- Table structure for table `abc_messages`
--

DROP TABLE IF EXISTS `abc_messages`;
/*!40101 SET @saved_cs_client     = @@character_set_client */;
/*!40101 SET character_set_client = utf8 */;
CREATE TABLE `abc_messages` (
  `msg_id` int(11) NOT NULL AUTO_INCREMENT,
  `title` varchar(128) NOT NULL DEFAULT '',
  `message` text NOT NULL,
  `status` char(1) NOT NULL DEFAULT '',
  `viewed` int(11) NOT NULL DEFAULT '0',
  `repeated` int(11) NOT NULL DEFAULT '0',
  `date_added` timestamp NOT NULL DEFAULT '0000-00-00 00:00:00',
  `date_modified` timestamp NOT NULL DEFAULT CURRENT_TIMESTAMP ON UPDATE CURRENT_TIMESTAMP,
  PRIMARY KEY (`msg_id`)
) ENGINE=MyISAM AUTO_INCREMENT=6 DEFAULT CHARSET=utf8;
/*!40101 SET character_set_client = @saved_cs_client */;

--
-- Dumping data for table `abc_messages`
--

LOCK TABLES `abc_messages` WRITE;
/*!40000 ALTER TABLE `abc_messages` DISABLE KEYS */;
INSERT INTO `abc_messages` VALUES (5,'Security warning','You still have install directory present in your AbanteCart main directory. It is highly recommended to delete install directory.','W',0,29,'2019-07-17 05:56:00','2019-07-17 06:25:14'),(2,'Thank you for installation of AbanteCart!','You made a right choice in eCommerce application selection. AbanteCart rapidly becoming one of the best eCommerce open source solutions with continuously growing community and large number of extensions. ','N',0,0,'2019-07-12 07:22:33','2019-07-12 07:22:33'),(4,'Security warning','You still have install directory present in your AbanteCart main directory. It is highly recommended to delete install directory.','W',2,0,'2019-07-17 05:56:00','2019-07-17 05:56:00');
/*!40000 ALTER TABLE `abc_messages` ENABLE KEYS */;
UNLOCK TABLES;

--
-- Table structure for table `abc_online_customers`
--

DROP TABLE IF EXISTS `abc_online_customers`;
/*!40101 SET @saved_cs_client     = @@character_set_client */;
/*!40101 SET character_set_client = utf8 */;
CREATE TABLE `abc_online_customers` (
  `customer_id` int(11) NOT NULL,
  `ip` varchar(50) NOT NULL,
  `url` text NOT NULL,
  `referer` text NOT NULL,
  `date_added` timestamp NOT NULL DEFAULT '0000-00-00 00:00:00',
  PRIMARY KEY (`ip`),
  KEY `ac_online_customers_idx` (`date_added`)
) ENGINE=MyISAM DEFAULT CHARSET=utf8;
/*!40101 SET character_set_client = @saved_cs_client */;

--
-- Dumping data for table `abc_online_customers`
--

LOCK TABLES `abc_online_customers` WRITE;
/*!40000 ALTER TABLE `abc_online_customers` DISABLE KEYS */;
INSERT INTO `abc_online_customers` VALUES (0,'49.230.31.235','http://demo2.abantecart.com/index.php?rt=r/product/product/addToCart','https://demo2.abantecart.com/books','2019-07-17 06:17:29'),(0,'93.80.98.63','http://demo2.abantecart.com/index.php?rt=r/extension/banner_manager&amp;type=1&amp;banner_id=16&amp;_=1563344283959','https://demo2.abantecart.com/','2019-07-17 06:18:06'),(0,'179.98.105.11','http://172.104.19.185:80/','','2019-07-17 05:56:00'),(0,'204.187.14.72','http://demo2.abantecart.com/index.php?rt=r/extension/banner_manager&amp;type=1&amp;banner_id=16&amp;_=1563343145732','https://demo2.abantecart.com/','2019-07-17 05:59:07');
/*!40000 ALTER TABLE `abc_online_customers` ENABLE KEYS */;
UNLOCK TABLES;

--
-- Table structure for table `abc_order_data`
--

DROP TABLE IF EXISTS `abc_order_data`;
/*!40101 SET @saved_cs_client     = @@character_set_client */;
/*!40101 SET character_set_client = utf8 */;
CREATE TABLE `abc_order_data` (
  `order_id` int(11) NOT NULL,
  `type_id` int(11) NOT NULL,
  `data` text,
  `date_added` timestamp NOT NULL DEFAULT '0000-00-00 00:00:00',
  `date_modified` timestamp NOT NULL DEFAULT CURRENT_TIMESTAMP ON UPDATE CURRENT_TIMESTAMP,
  PRIMARY KEY (`order_id`,`type_id`)
) ENGINE=MyISAM DEFAULT CHARSET=utf8;
/*!40101 SET character_set_client = @saved_cs_client */;

--
-- Dumping data for table `abc_order_data`
--

LOCK TABLES `abc_order_data` WRITE;
/*!40000 ALTER TABLE `abc_order_data` DISABLE KEYS */;
INSERT INTO `abc_order_data` VALUES (14,1,'a:2:{s:3:\"uri\";s:23:\"michaelj@abantecart.com\";s:6:\"status\";s:1:\"1\";}','2019-03-18 12:13:24','2019-03-18 12:13:24'),(15,1,'a:2:{s:3:\"uri\";s:26:\"allenwaters@abantecart.com\";s:6:\"status\";s:1:\"1\";}','2019-03-18 12:20:54','2019-03-18 12:20:54'),(16,1,'a:2:{s:3:\"uri\";s:24:\"howardinc@abantecart.com\";s:6:\"status\";s:1:\"1\";}','2019-03-18 13:39:08','2019-03-18 13:39:08'),(17,1,'a:2:{s:3:\"uri\";s:22:\"ricuvif@abantecart.com\";s:6:\"status\";s:1:\"1\";}','2019-03-19 08:32:53','2019-03-19 08:32:53'),(19,1,'a:2:{s:3:\"uri\";s:26:\"allenwaters@abantecart.com\";s:6:\"status\";s:1:\"1\";}','2019-05-06 06:05:01','2019-05-06 06:05:01'),(20,1,'a:2:{s:3:\"uri\";s:26:\"allenwaters@abantecart.com\";s:6:\"status\";s:1:\"1\";}','2019-05-06 06:19:57','2019-05-06 06:19:57');
/*!40000 ALTER TABLE `abc_order_data` ENABLE KEYS */;
UNLOCK TABLES;

--
-- Table structure for table `abc_order_data_types`
--

DROP TABLE IF EXISTS `abc_order_data_types`;
/*!40101 SET @saved_cs_client     = @@character_set_client */;
/*!40101 SET character_set_client = utf8 */;
CREATE TABLE `abc_order_data_types` (
  `type_id` int(11) NOT NULL AUTO_INCREMENT,
  `language_id` int(11) NOT NULL,
  `name` varchar(64) NOT NULL DEFAULT '' COMMENT 'translatable',
  `date_added` timestamp NOT NULL DEFAULT '0000-00-00 00:00:00',
  `date_modified` timestamp NOT NULL DEFAULT CURRENT_TIMESTAMP ON UPDATE CURRENT_TIMESTAMP,
  PRIMARY KEY (`type_id`)
) ENGINE=MyISAM AUTO_INCREMENT=3 DEFAULT CHARSET=utf8;
/*!40101 SET character_set_client = @saved_cs_client */;

--
-- Dumping data for table `abc_order_data_types`
--

LOCK TABLES `abc_order_data_types` WRITE;
/*!40000 ALTER TABLE `abc_order_data_types` DISABLE KEYS */;
INSERT INTO `abc_order_data_types` VALUES (1,1,'email','2019-07-12 07:21:51','2019-07-12 07:21:51'),(2,1,'sms','2019-07-12 07:21:51','2019-07-12 07:21:51');
/*!40000 ALTER TABLE `abc_order_data_types` ENABLE KEYS */;
UNLOCK TABLES;

--
-- Table structure for table `abc_order_downloads`
--

DROP TABLE IF EXISTS `abc_order_downloads`;
/*!40101 SET @saved_cs_client     = @@character_set_client */;
/*!40101 SET character_set_client = utf8 */;
CREATE TABLE `abc_order_downloads` (
  `order_download_id` int(11) NOT NULL AUTO_INCREMENT,
  `order_id` int(11) NOT NULL,
  `order_product_id` int(11) NOT NULL,
  `name` varchar(64) NOT NULL DEFAULT '',
  `filename` varchar(128) NOT NULL DEFAULT '',
  `mask` varchar(128) NOT NULL DEFAULT '',
  `download_id` int(11) NOT NULL,
  `status` int(1) NOT NULL DEFAULT '0',
  `remaining_count` int(11) DEFAULT NULL,
  `percentage` int(11) DEFAULT '0',
  `expire_date` datetime DEFAULT NULL,
  `sort_order` int(11) NOT NULL,
  `activate` varchar(64) NOT NULL,
  `activate_order_status_id` int(11) NOT NULL DEFAULT '0',
  `attributes_data` longtext,
  `date_added` timestamp NOT NULL DEFAULT '0000-00-00 00:00:00',
  `date_modified` timestamp NOT NULL DEFAULT CURRENT_TIMESTAMP ON UPDATE CURRENT_TIMESTAMP,
  PRIMARY KEY (`order_download_id`),
  KEY `ac_order_downloads_idx` (`order_id`,`order_product_id`,`download_id`,`status`,`activate_order_status_id`)
) ENGINE=MyISAM AUTO_INCREMENT=3 DEFAULT CHARSET=utf8;
/*!40101 SET character_set_client = @saved_cs_client */;

--
-- Dumping data for table `abc_order_downloads`
--

LOCK TABLES `abc_order_downloads` WRITE;
/*!40000 ALTER TABLE `abc_order_downloads` DISABLE KEYS */;
INSERT INTO `abc_order_downloads` VALUES (1,14,50,'Audio CD1','download/18/76/4.mp3','audio-cd.mp3',1,1,49,0,NULL,0,'',5,'a:0:{}','2019-03-18 12:13:24','2019-03-18 12:14:47'),(2,16,52,'Find your fit','download/18/79/f.pdf','size-fit-guide-print.pdf',5,1,NULL,0,NULL,0,'',0,'a:0:{}','2019-03-18 13:47:47','2019-03-18 13:47:47');
/*!40000 ALTER TABLE `abc_order_downloads` ENABLE KEYS */;
UNLOCK TABLES;

--
-- Table structure for table `abc_order_downloads_history`
--

DROP TABLE IF EXISTS `abc_order_downloads_history`;
/*!40101 SET @saved_cs_client     = @@character_set_client */;
/*!40101 SET character_set_client = utf8 */;
CREATE TABLE `abc_order_downloads_history` (
  `order_download_history_id` int(11) NOT NULL AUTO_INCREMENT,
  `order_download_id` int(11) NOT NULL,
  `order_id` int(11) NOT NULL,
  `order_product_id` int(11) NOT NULL,
  `filename` varchar(128) NOT NULL DEFAULT '',
  `mask` varchar(128) NOT NULL DEFAULT '',
  `download_id` int(11) NOT NULL,
  `download_percent` int(11) DEFAULT '0',
  `time` timestamp NOT NULL DEFAULT CURRENT_TIMESTAMP ON UPDATE CURRENT_TIMESTAMP,
  PRIMARY KEY (`order_download_history_id`,`order_download_id`,`order_id`,`order_product_id`),
  KEY `ac_order_downloads_history_idx` (`download_id`)
) ENGINE=MyISAM AUTO_INCREMENT=8 DEFAULT CHARSET=utf8;
/*!40101 SET character_set_client = @saved_cs_client */;

--
-- Dumping data for table `abc_order_downloads_history`
--

LOCK TABLES `abc_order_downloads_history` WRITE;
/*!40000 ALTER TABLE `abc_order_downloads_history` DISABLE KEYS */;
INSERT INTO `abc_order_downloads_history` VALUES (1,0,0,0,'download/18/76/5.mp3','sample.mp3',2,100,'2015-07-08 10:36:06'),(2,1,14,50,'download/18/76/4.mp3','audio-cd.mp3',1,100,'2019-03-18 12:14:47'),(3,0,0,0,'download/18/76/5.mp3','sample.mp3',2,100,'2019-03-18 12:19:34'),(4,0,0,0,'download/18/79/f.pdf','size-fit-guide-print.pdf',5,100,'2019-03-18 13:21:10'),(5,0,0,0,'download/18/79/f.pdf','size-fit-guide-print.pdf',5,100,'2019-03-18 13:45:25'),(6,0,0,0,'download/18/76/5.mp3','sample.mp3',2,100,'2019-03-18 13:47:11'),(7,0,0,0,'download/18/79/f.pdf','size-fit-guide-print.pdf',5,100,'2019-03-19 10:17:30');
/*!40000 ALTER TABLE `abc_order_downloads_history` ENABLE KEYS */;
UNLOCK TABLES;

--
-- Table structure for table `abc_order_history`
--

DROP TABLE IF EXISTS `abc_order_history`;
/*!40101 SET @saved_cs_client     = @@character_set_client */;
/*!40101 SET character_set_client = utf8 */;
CREATE TABLE `abc_order_history` (
  `order_history_id` int(11) NOT NULL AUTO_INCREMENT,
  `order_id` int(11) NOT NULL,
  `order_status_id` int(5) NOT NULL,
  `notify` int(1) NOT NULL DEFAULT '0',
  `comment` text NOT NULL,
  `date_added` timestamp NOT NULL DEFAULT '0000-00-00 00:00:00',
  `date_modified` timestamp NOT NULL DEFAULT CURRENT_TIMESTAMP ON UPDATE CURRENT_TIMESTAMP,
  PRIMARY KEY (`order_history_id`),
  KEY `ac_order_history_idx` (`order_id`,`order_status_id`,`notify`)
) ENGINE=MyISAM AUTO_INCREMENT=23 DEFAULT CHARSET=utf8;
/*!40101 SET character_set_client = @saved_cs_client */;

--
-- Dumping data for table `abc_order_history`
--

LOCK TABLES `abc_order_history` WRITE;
/*!40000 ALTER TABLE `abc_order_history` DISABLE KEYS */;
INSERT INTO `abc_order_history` VALUES (1,1,1,1,'','0000-00-00 00:00:00','2015-06-12 09:56:25'),(2,2,1,1,'','2013-09-07 08:02:31','2015-06-12 09:56:25'),(3,3,1,1,'','2013-09-07 08:41:25','2015-06-12 09:56:25'),(4,4,1,1,'','2013-09-07 08:51:07','2015-06-12 09:56:25'),(5,5,1,1,'','2013-09-07 09:20:22','2015-06-12 09:56:25'),(6,6,1,1,'','2013-09-07 09:21:56','2015-06-12 09:56:25'),(7,7,1,1,'','2013-09-07 09:24:11','2015-06-12 09:56:25'),(8,8,1,1,'','2013-09-07 09:36:21','2015-06-12 09:56:25'),(9,9,1,1,'','2013-09-07 09:37:20','2015-06-12 09:56:25'),(10,10,1,1,'','2013-09-07 09:39:30','2015-06-12 09:56:25'),(11,11,1,1,'','2013-09-07 09:40:03','2015-06-12 09:56:25'),(12,12,1,1,'','2012-03-15 14:04:06','2015-06-12 09:56:25'),(13,13,1,1,'','2012-03-15 14:05:40','2015-06-12 09:56:25'),(14,14,1,1,'','2019-03-18 12:13:45','2019-03-18 12:13:45'),(15,14,5,1,'Thank you for your order!','2019-03-18 12:14:29','2019-03-18 12:14:29'),(16,15,1,1,'','2019-03-18 12:21:03','2019-03-18 12:21:03'),(17,15,3,1,'Your order has been shipped. Tracking number is 4221736293','2019-03-18 12:26:40','2019-03-18 12:26:40'),(18,16,1,1,'','2019-03-18 13:39:24','2019-03-18 13:39:24'),(19,17,1,1,'','2019-03-19 08:33:15','2019-03-19 08:33:15'),(20,18,1,1,'','2019-03-21 12:10:11','2019-03-21 12:10:11'),(21,19,1,1,'','2019-05-06 06:05:14','2019-05-06 06:05:14'),(22,20,1,1,'','2019-05-06 06:20:00','2019-05-06 06:20:00');
/*!40000 ALTER TABLE `abc_order_history` ENABLE KEYS */;
UNLOCK TABLES;

--
-- Table structure for table `abc_order_options`
--

DROP TABLE IF EXISTS `abc_order_options`;
/*!40101 SET @saved_cs_client     = @@character_set_client */;
/*!40101 SET character_set_client = utf8 */;
CREATE TABLE `abc_order_options` (
  `order_option_id` int(11) NOT NULL AUTO_INCREMENT,
  `order_id` int(11) NOT NULL,
  `order_product_id` int(11) NOT NULL,
  `product_option_value_id` int(11) NOT NULL DEFAULT '0',
  `name` varchar(255) NOT NULL,
  `sku` varchar(64) NOT NULL DEFAULT '',
  `value` text NOT NULL,
  `price` decimal(15,4) NOT NULL DEFAULT '0.0000',
  `prefix` char(1) NOT NULL DEFAULT '',
  `settings` longtext,
  PRIMARY KEY (`order_option_id`),
  KEY `ac_order_options_idx` (`order_id`,`order_product_id`,`product_option_value_id`)
) ENGINE=MyISAM AUTO_INCREMENT=38 DEFAULT CHARSET=utf8;
/*!40101 SET character_set_client = @saved_cs_client */;

--
-- Dumping data for table `abc_order_options`
--

LOCK TABLES `abc_order_options` WRITE;
/*!40000 ALTER TABLE `abc_order_options` DISABLE KEYS */;
INSERT INTO `abc_order_options` VALUES (1,1,2,588,'Memory','','8GB',99.0000,'+',NULL),(2,2,7,684,'Color','','brown',10.0000,'+',NULL),(3,3,9,651,'Size','','33.8 oz',49.0000,'+',NULL),(4,3,10,650,'Size','','8 oz',19.0000,'+',NULL),(5,3,15,646,'Color','','Brown',20.0000,'-',NULL),(6,4,16,613,'Color','','Mandarin Sky',29.5000,'+',NULL),(7,4,18,664,'Fragrance Size','','3.4 oz',84.0000,'+',NULL),(8,4,19,673,'Fragrance Size','','6.7 oz',92.0000,'+',NULL),(9,4,21,661,'Fragrance Size','','150ml',45.0000,'+',NULL),(10,5,23,627,'Color','','Jade Fever',48.0000,'+',NULL),(11,5,24,626,'Color','','Gris Fatale',48.0000,'+',NULL),(12,5,25,622,'Color','','Shirelle',15.0000,'+',NULL),(13,5,26,619,'Color','','Lacewood',27.0000,'+',NULL),(14,5,27,657,'Color','','Light Bisque',30.5000,'+',NULL),(15,5,30,651,'Size','','33.8 oz',49.0000,'+',NULL),(16,6,31,666,'Size','','30 ml',30.0000,'+',NULL),(17,7,33,649,'Fragrance Size','','1.7 oz',88.0000,'+',NULL),(18,7,34,660,'Fragrance Size','','100ml',37.0000,'+',NULL),(19,8,35,646,'Color','','Brown',20.0000,'-',NULL),(20,8,36,681,'Color','','beige',10.0000,'+',NULL),(21,12,45,721,'Size','','Eau de Toilette',78.5000,'$',NULL),(22,12,45,1,'Gift Wrapping','','1',78.5000,'$',NULL),(23,12,47,738,'Size','','30ml',90.0000,'$',NULL),(24,13,49,713,'Size','','1.7 oz',72.0000,'$',NULL),(25,13,49,1,'Gift Wrapping','','1',72.0000,'$',NULL),(26,15,51,747,'UK size','','3 UK ',26.0000,'$',''),(27,15,51,754,'Colour','','black',26.0000,'$',''),(28,16,52,783,'Color&amp;Size','','S / Red',14.0000,'$','a:4:{s:10:\"extensions\";s:0:\"\";s:8:\"min_size\";s:0:\"\";s:8:\"max_size\";s:0:\"\";s:9:\"directory\";s:0:\"\";}'),(29,17,53,778,'Size EU','','EU XS (Asia M)',21.0000,'$',''),(33,18,59,752,'Colour','','white',26.0000,'$',''),(32,18,59,749,'UK size','','5 UK ',26.0000,'$',''),(34,20,61,778,'Size EU','','EU XS (Asia M)',21.0000,'$',''),(37,20,62,778,'Size EU','','EU XS (Asia M)',0.0000,'$',NULL);
/*!40000 ALTER TABLE `abc_order_options` ENABLE KEYS */;
UNLOCK TABLES;

--
-- Table structure for table `abc_order_product_stock_locations`
--

DROP TABLE IF EXISTS `abc_order_product_stock_locations`;
/*!40101 SET @saved_cs_client     = @@character_set_client */;
/*!40101 SET character_set_client = utf8 */;
CREATE TABLE `abc_order_product_stock_locations` (
  `order_product_id` int(11) NOT NULL,
  `product_id` int(11) NOT NULL,
  `product_option_value_id` int(11) DEFAULT NULL,
  `location_id` int(11) NOT NULL,
  `location_name` varchar(255) NOT NULL,
  `quantity` int(11) NOT NULL DEFAULT '0',
  `sort_order` int(11) DEFAULT '0',
  KEY `ac_product_options_value_idx` (`product_option_value_id`),
  KEY `ac_product_options_value_idx2` (`order_product_id`,`product_id`,`product_option_value_id`,`location_id`)
) ENGINE=MyISAM DEFAULT CHARSET=utf8;
/*!40101 SET character_set_client = @saved_cs_client */;

--
-- Dumping data for table `abc_order_product_stock_locations`
--

LOCK TABLES `abc_order_product_stock_locations` WRITE;
/*!40000 ALTER TABLE `abc_order_product_stock_locations` DISABLE KEYS */;
INSERT INTO `abc_order_product_stock_locations` VALUES (62,122,778,2,'Canada',2,1),(62,122,778,1,'USA All States',0,2),(63,58,NULL,2,'Canada',3,1),(63,58,NULL,1,'USA All States',0,2);
/*!40000 ALTER TABLE `abc_order_product_stock_locations` ENABLE KEYS */;
UNLOCK TABLES;

--
-- Table structure for table `abc_order_products`
--

DROP TABLE IF EXISTS `abc_order_products`;
/*!40101 SET @saved_cs_client     = @@character_set_client */;
/*!40101 SET character_set_client = utf8 */;
CREATE TABLE `abc_order_products` (
  `order_product_id` int(11) NOT NULL AUTO_INCREMENT,
  `order_id` int(11) NOT NULL,
  `product_id` int(11) NOT NULL,
  `name` varchar(255) NOT NULL DEFAULT '',
  `model` varchar(24) NOT NULL DEFAULT '',
  `sku` varchar(64) NOT NULL DEFAULT '',
  `price` decimal(15,4) NOT NULL DEFAULT '0.0000',
  `total` decimal(15,4) NOT NULL DEFAULT '0.0000',
  `tax` decimal(15,4) NOT NULL DEFAULT '0.0000',
  `quantity` int(4) NOT NULL DEFAULT '0',
  `subtract` int(1) NOT NULL DEFAULT '0',
  PRIMARY KEY (`order_product_id`),
  KEY `ac_order_products_idx` (`order_id`,`product_id`)
) ENGINE=MyISAM AUTO_INCREMENT=64 DEFAULT CHARSET=utf8;
/*!40101 SET character_set_client = @saved_cs_client */;

--
-- Dumping data for table `abc_order_products`
--

LOCK TABLES `abc_order_products` WRITE;
/*!40000 ALTER TABLE `abc_order_products` DISABLE KEYS */;
INSERT INTO `abc_order_products` VALUES (6,2,97,'Eye Rejuvenating Serum','GRMBC004','',126.0000,126.0000,8.5000,1,0),(7,2,100,'Smooth silk lip pencils','GRMBC007','',10.0000,40.0000,8.5000,4,0),(8,2,93,'Creme Precieuse Nuit 50ml','BVLG003','',220.0000,220.0000,8.5000,1,0),(9,3,69,'Seaweed Conditioner','SCND001','',49.0000,49.0000,0.0000,1,0),(10,3,69,'Seaweed Conditioner','SCND001','',19.0000,19.0000,0.0000,1,0),(11,3,77,'Men+Care Active Clean Shower Tool','DMBW0014','',6.0000,6.0000,0.0000,1,0),(12,3,98,'Shaving cream','GRMBC005','',98.0000,98.0000,0.0000,1,0),(13,3,62,'ck one shock for him Deodorant','601232','',14.0000,14.0000,0.0000,1,0),(14,3,66,'Total Moisture Facial Cream','556240','',38.0000,38.0000,0.0000,1,0),(15,3,54,'L\'EXTRÊME Instant Extensions Lengthening Mascara','74144','',20.0000,20.0000,0.0000,1,0),(16,4,57,'Delicate Oil-Free Powder Blush','117148','',29.5000,29.5000,8.5000,1,0),(17,4,67,'Flash Bronzer Body Gel','463686','',29.0000,29.0000,8.5000,1,0),(18,4,80,'Acqua Di Gio Pour Homme','GRM001','',84.0000,84.0000,8.5000,1,0),(19,4,89,'Secret Obsession Perfume','CK0012','',92.0000,92.0000,8.5000,1,0),(20,4,75,'Dove Men +Care Body Wash','DMBW0012','',6.7000,6.7000,8.5000,1,0),(21,4,78,'ck IN2U Eau De Toilette Spray for Him','Cl0001','',45.0000,45.0000,8.5000,1,0),(22,5,97,'Eye Rejuvenating Serum','GRMBC004','',126.0000,126.0000,8.5000,1,0),(23,5,61,'Color Design Eye Brightening All in One 5 Shadow &amp; Liner Palette','529071','',48.0000,48.0000,8.5000,1,0),(24,5,61,'Color Design Eye Brightening All in One 5 Shadow &amp; Liner Palette','529071','',48.0000,96.0000,8.5000,2,0),(25,5,60,'Nail Lacquer','112423','',15.0000,15.0000,8.5000,1,0),(26,5,55,'LE ROUGE ABSOLU Reshaping &amp; Replenishing LipColour SPF 15','tw152236','',27.0000,27.0000,8.5000,1,0),(27,5,56,'Waterproof Protective Undereye Concealer','35190','',30.5000,30.5000,8.5000,1,0),(28,5,51,'BeneFit Girl Meets Pearl','483857','',19.0000,19.0000,8.5000,1,0),(29,5,93,'Creme Precieuse Nuit 50ml','BVLG003','',220.0000,220.0000,8.5000,1,0),(30,5,69,'Seaweed Conditioner','SCND001','',49.0000,49.0000,8.5000,1,0),(31,6,84,'Armani Code Pour Femme','GRM005','',30.0000,30.0000,8.5000,1,0),(32,6,92,'Body Cream by Bulgari','BVLG002','',57.0000,171.0000,8.5000,3,0),(33,7,63,'Pour Homme Eau de Toilette','374622','',88.0000,88.0000,8.5000,1,0),(34,7,78,'ck IN2U Eau De Toilette Spray for Him','Cl0001','',37.0000,74.0000,8.5000,2,0),(35,8,54,'L\'EXTRÊME Instant Extensions Lengthening Mascara','74144','',20.0000,20.0000,0.0000,1,0),(36,8,100,'Smooth silk lip pencils','GRMBC007','',10.0000,40.0000,0.0000,4,0),(37,9,94,'Night Care Crema Nera Obsidian Mineral Complex','GRMBC001','',263.0000,263.0000,0.0000,1,0),(38,9,67,'Flash Bronzer Body Gel','463686','',29.0000,29.0000,0.0000,1,0),(39,9,91,'Jasmin Noir Body Lotion 6.8 fl oz','BVLG001','',29.0000,58.0000,0.0000,2,0),(40,10,72,'Brunette expressions Conditioner','PCND002','',24.0000,24.0000,8.5000,1,0),(41,10,81,'Armani Eau de Toilette Spray ','GRM002','',61.0000,61.0000,8.5000,1,0),(42,10,88,'ck one Summer 3.4 oz','CK0011','',27.0000,27.0000,8.5000,1,0),(43,10,70,'Eau Parfumee au The Vert Shampoo','522823','',31.0000,31.0000,8.5000,1,0),(44,11,51,'BeneFit Girl Meets Pearl','483857','',19.0000,19.0000,0.0000,1,0),(45,12,105,'Bvlgari Aqua','PRF00273','',78.5000,78.5000,0.0000,1,0),(46,12,65,'Absolue Eye Precious Cells','427847','',105.0000,105.0000,8.5000,1,0),(47,12,110,'Flora By Gucci Eau Fraiche','PRF00278','',90.0000,270.0000,8.5000,3,0),(48,12,95,'Skin Minerals For Men Cleansing Cream','GRMBC002','',104.0000,0.0000,8.5000,0,0),(49,13,104,'Calvin Klein Obsession For Women EDP Spray','PRF00271','',72.0000,576.0000,8.5000,8,0),(50,14,111,'New French With Ease (1 book + 1 mp3 CD)','','',85.0000,85.0000,7.2250,1,1),(51,15,116,'New Ladies High Wedge Heel Toe Thong Diamante Flip Flop Sandals','','',26.0000,26.0000,2.2100,1,1),(52,16,123,'Casual 3/4 Sleeve Baseball T-Shirt','LTQFX','#2738',14.0000,14.0000,1.1900,1,1),(53,17,122,'Mens Fine Cotton Giraffe Polo Shirts','JDSK36','',21.0000,21.0000,0.0000,1,1),(54,17,75,'Dove Men +Care Body Wash','DMBW0012','',6.7000,6.7000,0.0000,1,1),(55,17,76,'Men+Care Clean Comfort Deodorant','DMBW0013','1235B',7.2000,7.2000,0.0000,1,1),(59,18,116,'New Ladies High Wedge Heel Toe Thong Diamante Flip Flop Sandals','','',26.0000,26.0000,2.2100,1,1),(58,18,51,'BeneFit Girl Meets Pearl','483857','',19.0000,19.0000,1.6150,1,1),(63,19,58,'Product with stock locations','374002','',34.0000,102.0000,0.0000,3,0),(62,20,122,'Product with options and stock locations','JDSK36','',21.0000,42.0000,0.0000,2,0);
/*!40000 ALTER TABLE `abc_order_products` ENABLE KEYS */;
UNLOCK TABLES;

--
-- Table structure for table `abc_order_status_ids`
--

DROP TABLE IF EXISTS `abc_order_status_ids`;
/*!40101 SET @saved_cs_client     = @@character_set_client */;
/*!40101 SET character_set_client = utf8 */;
CREATE TABLE `abc_order_status_ids` (
  `order_status_id` int(11) NOT NULL,
  `status_text_id` varchar(64) NOT NULL,
  PRIMARY KEY (`order_status_id`,`status_text_id`),
  UNIQUE KEY `ac_order_status_ids_idx` (`status_text_id`)
) ENGINE=MyISAM DEFAULT CHARSET=utf8;
/*!40101 SET character_set_client = @saved_cs_client */;

--
-- Dumping data for table `abc_order_status_ids`
--

LOCK TABLES `abc_order_status_ids` WRITE;
/*!40000 ALTER TABLE `abc_order_status_ids` DISABLE KEYS */;
INSERT INTO `abc_order_status_ids` VALUES (0,'incomplete'),(1,'pending'),(2,'processing'),(3,'shipped'),(5,'completed'),(7,'canceled'),(8,'denied'),(9,'canceled_reversal'),(10,'failed'),(11,'refunded'),(12,'reversed'),(13,'chargeback'),(14,'canceled_by_customer');
/*!40000 ALTER TABLE `abc_order_status_ids` ENABLE KEYS */;
UNLOCK TABLES;

--
-- Table structure for table `abc_order_statuses`
--

DROP TABLE IF EXISTS `abc_order_statuses`;
/*!40101 SET @saved_cs_client     = @@character_set_client */;
/*!40101 SET character_set_client = utf8 */;
CREATE TABLE `abc_order_statuses` (
  `order_status_id` int(11) NOT NULL,
  `language_id` int(11) NOT NULL,
  `name` varchar(32) NOT NULL COMMENT 'translatable',
  PRIMARY KEY (`order_status_id`,`language_id`)
) ENGINE=MyISAM DEFAULT CHARSET=utf8;
/*!40101 SET character_set_client = @saved_cs_client */;

--
-- Dumping data for table `abc_order_statuses`
--

LOCK TABLES `abc_order_statuses` WRITE;
/*!40000 ALTER TABLE `abc_order_statuses` DISABLE KEYS */;
INSERT INTO `abc_order_statuses` VALUES (0,1,'Incomplete'),(1,1,'Pending'),(2,1,'Processing'),(3,1,'Shipped'),(7,1,'Canceled'),(5,1,'Completed'),(8,1,'Denied'),(9,1,'Canceled Reversal'),(10,1,'Failed'),(11,1,'Refunded'),(12,1,'Reversed'),(13,1,'Chargeback'),(14,1,'Canceled by Customer');
/*!40000 ALTER TABLE `abc_order_statuses` ENABLE KEYS */;
UNLOCK TABLES;

--
-- Table structure for table `abc_order_totals`
--

DROP TABLE IF EXISTS `abc_order_totals`;
/*!40101 SET @saved_cs_client     = @@character_set_client */;
/*!40101 SET character_set_client = utf8 */;
CREATE TABLE `abc_order_totals` (
  `order_total_id` int(10) NOT NULL AUTO_INCREMENT,
  `order_id` int(11) NOT NULL,
  `title` varchar(255) NOT NULL DEFAULT '',
  `text` varchar(255) NOT NULL DEFAULT '',
  `value` decimal(15,4) NOT NULL DEFAULT '0.0000',
  `sort_order` int(3) NOT NULL,
  `type` varchar(255) NOT NULL DEFAULT '',
  `key` varchar(128) NOT NULL DEFAULT '',
  PRIMARY KEY (`order_total_id`),
  KEY `idx_orders_total_orders_id` (`order_id`)
) ENGINE=MyISAM AUTO_INCREMENT=74 DEFAULT CHARSET=utf8;
/*!40101 SET character_set_client = @saved_cs_client */;

--
-- Dumping data for table `abc_order_totals`
--

LOCK TABLES `abc_order_totals` WRITE;
/*!40000 ALTER TABLE `abc_order_totals` DISABLE KEYS */;
INSERT INTO `abc_order_totals` VALUES (1,1,'Sub-Total:','£1,583.44',1583.4400,1,'subtotal','sub_total'),(2,1,'Flat Shipping Rate:','£2.00',2.0000,3,'shipping','shipping'),(3,1,'Total:','£1,585.44',1585.4400,6,'total','total'),(4,2,'Sub-Total:','$386.00',386.0000,1,'subtotal','sub_total'),(5,2,'Retail 8.5%:','$32.81',32.8100,5,'tax','tax'),(6,2,'Total:','$418.81',418.8100,6,'total','total'),(7,3,'Sub-Total:','$244.00',244.0000,1,'subtotal','sub_total'),(8,3,'Flat Shipping Rate:','$2.00',2.0000,3,'shipping','shipping'),(9,3,'Total:','$246.00',246.0000,6,'total','total'),(10,4,'Sub-Total:','$286.20',286.2000,1,'subtotal','sub_total'),(11,4,'Retail 8.5%:','$24.33',24.3270,5,'tax','tax'),(12,4,'Total:','$310.53',310.5270,6,'total','total'),(13,5,'Sub-Total:','$630.50',630.5000,1,'subtotal','sub_total'),(14,5,'Flat Shipping Rate:','$2.00',2.0000,3,'shipping','shipping'),(15,5,'Retail 8.5%:','$53.59',53.5925,5,'tax','tax'),(16,5,'Total:','$686.09',686.0925,6,'total','total'),(17,6,'Sub-Total:','$201.00',201.0000,1,'subtotal','sub_total'),(18,6,'Retail 8.5%:','$17.09',17.0850,5,'tax','tax'),(19,6,'Total:','$218.09',218.0850,6,'total','total'),(20,7,'Sub-Total:','$162.00',162.0000,1,'subtotal','sub_total'),(21,7,'Retail 8.5%:','$13.77',13.7700,5,'tax','tax'),(22,7,'Total:','$175.77',175.7700,6,'total','total'),(23,8,'Sub-Total:','$60.00',60.0000,1,'subtotal','sub_total'),(24,8,'Flat Shipping Rate:','$2.00',2.0000,3,'shipping','shipping'),(25,8,'Total:','$62.00',62.0000,6,'total','total'),(26,9,'Sub-Total:','$350.00',350.0000,1,'subtotal','sub_total'),(27,9,'Flat Shipping Rate:','$2.00',2.0000,3,'shipping','shipping'),(28,9,'Total:','$352.00',352.0000,6,'total','total'),(29,10,'Sub-Total:','$143.00',143.0000,1,'subtotal','sub_total'),(30,10,'Retail 8.5%:','$12.16',12.1550,5,'tax','tax'),(31,10,'Total:','$155.16',155.1550,6,'total','total'),(32,11,'Sub-Total:','$19.00',19.0000,1,'subtotal','sub_total'),(33,11,'Flat Shipping Rate:','$2.00',2.0000,3,'shipping','shipping'),(34,11,'Total:','$21.00',21.0000,6,'total','total'),(35,12,'Sub-Total:','£289.42',453.5000,1,'subtotal','sub_total'),(36,12,'Flat Shipping Rate:','£1.28',2.0000,3,'shipping','shipping'),(37,12,'Retail 8.5%:','£20.34',31.8750,5,'tax','tax'),(38,12,'Total:','£311.04',487.3750,6,'total','total'),(39,13,'Sub-Total:','£367.60',576.0000,1,'subtotal','sub_total'),(40,13,'Flat Shipping Rate:','£1.28',2.0000,3,'shipping','shipping'),(41,13,'Retail 8.5%:','£31.25',48.9600,5,'tax','tax'),(42,13,'Total:','£400.13',626.9600,6,'total','total'),(43,14,'Sub-Total:','$85.00',85.0000,1,'subtotal','subtotal'),(44,14,'Flat Shipping Rate:','$2.00',2.0000,3,'shipping','shipping'),(45,14,'Retail 8.5%:','$7.23',7.2300,5,'tax','tax'),(46,14,'Total:','$94.23',94.2300,1000,'total','total'),(47,15,'Sub-Total:','$26.00',26.0000,1,'subtotal','subtotal'),(48,15,'Flat Shipping Rate:','$2.00',2.0000,3,'shipping','shipping'),(49,15,'Retail 8.5%:','$2.21',2.2100,5,'tax','tax'),(50,15,'Total:','$30.21',30.2100,1000,'total','total'),(51,16,'Sub-Total:','$14.00',14.0000,1,'subtotal','subtotal'),(52,16,'Flat Shipping Rate:','$0.00',0.0000,3,'shipping','shipping'),(53,16,'Retail 8.5%:','$1.19',1.1900,5,'tax','tax'),(54,16,'Total:','$15.19',15.1900,1000,'total','total'),(55,17,'Sub-Total:','$34.90',34.9000,1,'subtotal','subtotal'),(56,17,'Flat Shipping Rate:','$2.00',2.0000,3,'shipping','shipping'),(57,17,'Total:','$36.90',36.9000,1000,'total','total'),(64,18,'Retail 8.5%:','$3.83',3.8300,5,'tax','tax'),(63,18,'Flat Shipping Rate:','$2.00',2.0000,3,'shipping','shipping'),(62,18,'Sub-Total:','$45.00',45.0000,1,'subtotal','subtotal'),(65,18,'Total:','$50.83',50.8300,1000,'total','total'),(66,19,'Sub-Total:','$102.00',102.0000,1,'subtotal','subtotal'),(67,19,'Flat Shipping Rate:','$2.00',2.0000,3,'shipping','shipping'),(68,19,'Retail 8.5%:','$8.67',8.6700,5,'tax','tax'),(69,19,'Total:','$112.67',112.6700,1000,'total','total'),(70,20,'Sub-Total:','$42.00',42.0000,1,'subtotal','subtotal'),(71,20,'Flat Shipping Rate:','$2.00',2.0000,3,'shipping','shipping'),(72,20,'Retail 8.5%:','$3.57',3.5700,5,'tax','tax'),(73,20,'Total:','$47.57',47.5700,1000,'total','total');
/*!40000 ALTER TABLE `abc_order_totals` ENABLE KEYS */;
UNLOCK TABLES;

--
-- Table structure for table `abc_orders`
--

DROP TABLE IF EXISTS `abc_orders`;
/*!40101 SET @saved_cs_client     = @@character_set_client */;
/*!40101 SET character_set_client = utf8 */;
CREATE TABLE `abc_orders` (
  `order_id` int(11) NOT NULL AUTO_INCREMENT,
  `invoice_id` int(11) NOT NULL DEFAULT '0',
  `invoice_prefix` varchar(10) NOT NULL DEFAULT '',
  `store_id` int(11) NOT NULL DEFAULT '0',
  `store_name` varchar(64) NOT NULL,
  `store_url` varchar(255) NOT NULL,
  `customer_id` int(11) NOT NULL DEFAULT '0',
  `customer_group_id` int(11) NOT NULL DEFAULT '0',
  `firstname` varchar(32) NOT NULL DEFAULT '',
  `lastname` varchar(32) NOT NULL,
  `telephone` varchar(32) NOT NULL DEFAULT '',
  `fax` varchar(32) NOT NULL DEFAULT '',
  `email` varchar(96) NOT NULL DEFAULT '',
  `shipping_firstname` varchar(32) NOT NULL,
  `shipping_lastname` varchar(32) NOT NULL DEFAULT '',
  `shipping_company` varchar(32) NOT NULL,
  `shipping_address_1` varchar(128) NOT NULL,
  `shipping_address_2` varchar(128) NOT NULL,
  `shipping_city` varchar(128) NOT NULL,
  `shipping_postcode` varchar(10) NOT NULL DEFAULT '',
  `shipping_zone` varchar(128) NOT NULL,
  `shipping_zone_id` int(11) NOT NULL,
  `shipping_country` varchar(128) NOT NULL,
  `shipping_country_id` int(11) NOT NULL,
  `shipping_address_format` text NOT NULL,
  `shipping_method` varchar(128) NOT NULL DEFAULT '',
  `shipping_method_key` varchar(128) NOT NULL DEFAULT '',
  `payment_firstname` varchar(32) NOT NULL DEFAULT '',
  `payment_lastname` varchar(32) NOT NULL DEFAULT '',
  `payment_company` varchar(32) NOT NULL,
  `payment_address_1` varchar(128) NOT NULL,
  `payment_address_2` varchar(128) NOT NULL,
  `payment_city` varchar(128) NOT NULL,
  `payment_postcode` varchar(10) NOT NULL DEFAULT '',
  `payment_zone` varchar(128) NOT NULL,
  `payment_zone_id` int(11) NOT NULL,
  `payment_country` varchar(128) NOT NULL,
  `payment_country_id` int(11) NOT NULL,
  `payment_address_format` text NOT NULL,
  `payment_method` varchar(128) NOT NULL DEFAULT '',
  `payment_method_key` varchar(128) NOT NULL DEFAULT '',
  `comment` text NOT NULL,
  `total` decimal(15,4) NOT NULL DEFAULT '0.0000',
  `order_status_id` int(11) NOT NULL DEFAULT '0',
  `language_id` int(11) NOT NULL,
  `currency_id` int(11) NOT NULL,
  `currency` varchar(3) NOT NULL,
  `value` decimal(15,8) NOT NULL,
  `coupon_id` int(11) NOT NULL,
  `date_added` timestamp NOT NULL DEFAULT '0000-00-00 00:00:00',
  `date_modified` timestamp NOT NULL DEFAULT CURRENT_TIMESTAMP ON UPDATE CURRENT_TIMESTAMP,
  `ip` varchar(50) NOT NULL DEFAULT '',
  `payment_method_data` text NOT NULL,
  PRIMARY KEY (`order_id`,`customer_id`,`order_status_id`),
  KEY `ac_orders_idx` (`invoice_id`,`store_id`,`customer_group_id`,`shipping_zone_id`,`shipping_country_id`,`payment_zone_id`,`payment_country_id`,`language_id`,`currency_id`,`coupon_id`)
) ENGINE=MyISAM AUTO_INCREMENT=21 DEFAULT CHARSET=utf8;
/*!40101 SET character_set_client = @saved_cs_client */;

--
-- Dumping data for table `abc_orders`
--

LOCK TABLES `abc_orders` WRITE;
/*!40000 ALTER TABLE `abc_orders` DISABLE KEYS */;
INSERT INTO `abc_orders` VALUES (1,0,'',0,'Your Store','demo',1,1,'fdsfdsf','czx','(092) 222-2222','','demo@abantecart.com','fdsfdsf','czx','','addresss','','testing','55555','Maryland',3643,'United States',223,'{firstname} {lastname} {company} {address_1} {address_2} {city}, {zone} {postcode} {country}','Flat Shipping Rate','','fdsfdsf','czx','','addresss','','testing','55555','Maryland',3643,'United States',223,'{firstname} {lastname} {company} {address_1} {address_2} {city}, {zone} {postcode} {country}','Cash On Delivery','','',1585.4400,1,1,1,'GBP',1.00000000,0,'0000-00-00 00:00:00','0000-00-00 00:00:00','127.0.0.1',''),(2,0,'',0,'Web Store Name','demo',11,1,'Anthony','Blair','+1 907-842-2240','','anthonyblair@abantecart.com','','','','','','','','',0,'',0,'','','','Anthony','Blair','','104 Main Street','','Dillingham','','North Dakota',3657,'United States',223,'{firstname} {lastname}\r\n{company}\r\n{address_1}\r\n{address_2}\r\n{city}, {zone} {postcode}\r\n{country}','Cash On Delivery','','',418.8100,1,1,1,'USD',1.00000000,0,'2019-03-18 11:37:51','2019-03-18 11:37:51','109.104.166.98',''),(3,0,'',0,'Web Store Name','demo',5,1,'Gloria','Macias','+1 418-461-2440','','gloriamacias@abantecart.com','Gloria','Macias','','Camille Marcoux 15','','Blanc-Sablon','1569','Nunavut',609,'Canada',38,'','Flat Shipping Rate','','Gloria','Macias','','Camille Marcoux 15','','Blanc-Sablon','1569','Nunavut',609,'Canada',38,'','Cash On Delivery','','Please ASAP',246.0000,1,1,1,'USD',1.00000000,0,'2019-03-18 11:37:51','2019-03-18 11:37:51','109.104.166.98',''),(4,0,'',0,'Web Store Name','demo',5,1,'Gloria','Macias','+1 418-461-2440','','gloriamacias@abantecart.com','','','','','','','','',0,'',0,'','','','Gloria','Macias','','Camille Marcoux 15','','Blanc-Sablon','1569','Nunavut',609,'Canada',38,'','Cash On Delivery','','',310.5270,1,1,1,'USD',1.00000000,0,'2019-03-18 11:37:51','2019-03-18 11:37:51','109.104.166.98',''),(5,0,'',0,'Web Store Name','demo',3,1,'Keely','Mccoy','+44 1324 483784 ','','keelymccoy@abantecart.com','Keely','Mccoy','','4842 Amet','','Grangemouth','','Gloucestershire',3552,'United Kingdom',222,'','Flat Shipping Rate','','Keely','Mccoy','','4842 Amet','','Grangemouth','','Gloucestershire',3552,'United Kingdom',222,'','Cash On Delivery','','',686.0925,1,1,1,'USD',1.00000000,0,'2019-03-18 11:37:51','2019-03-18 11:37:51','109.104.166.98',''),(6,0,'',0,'Web Store Name','demo',2,1,'Juliana','Davis','+44 1688 308321','','julidavis@abantecart.com','','','','','','','','',0,'',0,'','','','Juliana','Davis','','Highlands and Islands PA75 6QE','','Isle of Mull','','Highlands',3559,'United Kingdom',222,'','Cash On Delivery','','Bulgari',218.0850,1,1,1,'USD',1.00000000,0,'2019-03-18 11:37:51','2019-03-18 11:37:51','109.104.166.98',''),(7,0,'',0,'Web Store Name','demo',9,1,'Carlos','Compton','+1 867-874-22391','','carloscmpton@abantecart.com','','','','','','','','',0,'',0,'','','','Carlos','Compton','','31 Capital Drive','','Hay River','','Nova Scotia',608,'Canada',38,'','Cash On Delivery','','',175.7700,1,1,1,'USD',1.00000000,0,'2019-03-18 11:37:51','2019-03-18 11:37:51','109.104.166.98',''),(8,0,'',0,'Web Store Name','demo',8,1,'Bruce','Rosarini','+1 807-346-10763','','brucerosarini@abantecart.com','Bruce','Rosarini','','61 Cumberland ST','','Thunder Bay','','Minnesota',3646,'United States',223,'{firstname} {lastname}\r\n{company}\r\n{address_1}\r\n{address_2}\r\n{city}, {zone} {postcode}\r\n{country}','Flat Shipping Rate','','Bruce','Rosarini','','61 Cumberland ST','','Thunder Bay','','Minnesota',3646,'United States',223,'{firstname} {lastname}\r\n{company}\r\n{address_1}\r\n{address_2}\r\n{city}, {zone} {postcode}\r\n{country}','Cash On Delivery','','',62.0000,1,1,1,'USD',1.00000000,0,'2019-03-18 11:37:51','2019-03-18 11:37:51','109.104.166.98',''),(9,0,'',0,'Web Store Name','demo',8,1,'Bruce','Rosarini','+1 807-346-10763','','brucerosarini@abantecart.com','Bruce','Rosarini','','61 Cumberland ST','','Thunder Bay','','Minnesota',3646,'United States',223,'{firstname} {lastname}\r\n{company}\r\n{address_1}\r\n{address_2}\r\n{city}, {zone} {postcode}\r\n{country}','Flat Shipping Rate','','Bruce','Rosarini','','61 Cumberland ST','','Thunder Bay','','Minnesota',3646,'United States',223,'{firstname} {lastname}\r\n{company}\r\n{address_1}\r\n{address_2}\r\n{city}, {zone} {postcode}\r\n{country}','Cash On Delivery','','',352.0000,1,1,1,'USD',1.00000000,0,'2019-03-18 11:37:51','2019-03-18 11:37:51','109.104.166.98',''),(10,0,'',0,'Web Store Name','demo',12,1,'Allen','Waters','+1 540-985-59700','','allenwaters@abantecart.com','','','','','','','','',0,'',0,'','','','Allen','Waters','','110 Shenandoah Avenue','','Roanoke','','Virginia',3673,'United States',223,'{firstname} {lastname}\r\n{company}\r\n{address_1}\r\n{address_2}\r\n{city}, {zone} {postcode}\r\n{country}','Cash On Delivery','','',155.1550,1,1,1,'USD',1.00000000,0,'2019-03-18 11:37:51','2019-03-18 11:37:51','109.104.166.98',''),(11,0,'',0,'Web Store Name','demo',12,1,'Allen','Waters','+1 540-985-59700','','allenwaters@abantecart.com','Allen','Waters','','110 Shenandoah Avenue','','Roanoke','','Virginia',3673,'United States',223,'{firstname} {lastname}\r\n{company}\r\n{address_1}\r\n{address_2}\r\n{city}, {zone} {postcode}\r\n{country}','Flat Shipping Rate','','Allen','Waters','','110 Shenandoah Avenue','','Roanoke','','Virginia',3673,'United States',223,'{firstname} {lastname}\r\n{company}\r\n{address_1}\r\n{address_2}\r\n{city}, {zone} {postcode}\r\n{country}','Cash On Delivery','','',21.0000,1,1,1,'USD',1.00000000,0,'2019-03-18 11:37:51','2019-03-18 11:37:51','109.104.166.98',''),(12,0,'',0,'Web Store Name','demo',11,1,'Anthony','Blair','+1 907-842-2240','','anthonyblair@abantecart.com','Anthony','Blair','','104 Main Street','','Dillingham','','North Dakota',3657,'United States',223,'{firstname} {lastname}\r\n{company}\r\n{address_1}\r\n{address_2}\r\n{city}, {zone} {postcode}\r\n{country}','Flat Shipping Rate','','Anthony','Blair','','104 Main Street','','Dillingham','','North Dakota',3657,'United States',223,'{firstname} {lastname}\r\n{company}\r\n{address_1}\r\n{address_2}\r\n{city}, {zone} {postcode}\r\n{country}','Cash On Delivery','','',487.3750,2,1,3,'GBP',0.63820000,0,'2019-03-18 11:37:51','2019-03-18 11:37:51','171.98.12.12',''),(13,0,'',0,'Web Store Name','demo',11,1,'Anthony','Blair','+1 907-842-2240','','anthonyblair@abantecart.com','Anthony','Blair','','104 Main Street','','Dillingham','','North Dakota',3657,'United States',223,'{firstname} {lastname}\r\n{company}\r\n{address_1}\r\n{address_2}\r\n{city}, {zone} {postcode}\r\n{country}','Flat Shipping Rate','','Anthony','Blair','','104 Main Street','','Dillingham','','North Dakota',3657,'United States',223,'{firstname} {lastname}\r\n{company}\r\n{address_1}\r\n{address_2}\r\n{city}, {zone} {postcode}\r\n{country}','Cash On Delivery','','',626.9600,1,1,3,'GBP',0.63820000,0,'2019-03-18 11:37:51','2019-03-18 11:37:51','171.98.12.12',''),(14,0,'',0,'Web Store Name','demo',13,1,'Michael','Neal','55 555 5555 5555','','michaelj@abantecart.com','Tom','Kipling','','100 Main Str','','Shell Pile','64034-2948','Missouri',3648,'United States',223,'{firstname} {lastname}\r\n{company}\r\n{address_1}\r\n{address_2}\r\n{city}, {zone} {postcode}\r\n{country}','Flat Shipping Rate','default_flat_rate_shipping.default_flat_rate_shipping','Tom','Kipling','','100 Main Str','','Shell Pile','64034-2948','Missouri',3648,'United States',223,'{firstname} {lastname}\r\n{company}\r\n{address_1}\r\n{address_2}\r\n{city}, {zone} {postcode}\r\n{country}','Cash On Delivery','default_cod','',94.2300,5,1,1,'USD',1.00000000,0,'2019-03-18 12:13:24','2019-03-18 12:14:29','77.111.246.167',''),(15,0,'',0,'Web Store Name','demo',12,1,'Allen','Waters','(417) 280-7406','','allenwaters@abantecart.com','Allen','Waters','','110 Shenandoah Avenue','','Honohina','86565-1710','Arizona',3616,'United States',223,'{firstname} {lastname}\r\n{company}\r\n{address_1}\r\n{address_2}\r\n{city}, {zone} {postcode}\r\n{country}','Flat Shipping Rate','default_flat_rate_shipping.default_flat_rate_shipping','Allen','Waters','','110 Shenandoah Avenue','','Honohina','86565-1710','Arizona',3616,'United States',223,'{firstname} {lastname}\r\n{company}\r\n{address_1}\r\n{address_2}\r\n{city}, {zone} {postcode}\r\n{country}','Cash On Delivery','default_cod','',30.2100,3,1,1,'USD',1.00000000,0,'2019-03-18 12:20:54','2019-03-18 12:26:40','77.111.246.167',''),(16,0,'',0,'Web Store Name','demo',14,1,'Yuri','Howard','+1 (694) 373-3146','','howardinc@abantecart.com','Yuri','Howard','Eaton Stevenson Inc','22555 Jensen Ave','','Reedley','93654','California',3624,'United States',223,'{firstname} {lastname}\r\n{company}\r\n{address_1}\r\n{address_2}\r\n{city}, {zone} {postcode}\r\n{country}','Flat Shipping Rate','default_flat_rate_shipping.default_flat_rate_shipping','Yuri','Howard','Eaton Stevenson Inc','22555 Jensen Ave','','Reedley','93654','California',3624,'United States',223,'{firstname} {lastname}\r\n{company}\r\n{address_1}\r\n{address_2}\r\n{city}, {zone} {postcode}\r\n{country}','Cash On Delivery','default_cod','',15.1900,1,1,1,'USD',1.00000000,0,'2019-03-18 13:39:08','2019-03-18 13:39:24','85.235.65.198',''),(17,0,'',0,'Web Store Name','demo',15,1,'Regan','Shields','+1 (267) 125-5153','','ricuvif@abantecart.com','Regan','Shields','Day and Rivera Traders','2355 Boulevard Bastien','','Québec','QC G2B 1B3','Qu&eacute;bec',612,'Canada',38,'','Flat Shipping Rate','default_flat_rate_shipping.default_flat_rate_shipping','Regan','Shields','Day and Rivera Traders','2355 Boulevard Bastien','','Québec','QC G2B 1B3','Qu&eacute;bec',612,'Canada',38,'','Cash On Delivery','default_cod','',36.9000,5,1,1,'USD',1.00000000,0,'2019-03-19 08:32:53','2019-03-19 08:36:46','23.129.64.106',''),(18,0,'',0,'Web Store Name','demo',16,1,'Randall','Richards','+1 (788) 773-7896','+1 (706) 122-6856','randallri@abantecart.com','Randall','Richards','','500 N Nebraska Ave','','Tampa','33603','Florida',3630,'United States',223,'{firstname} {lastname}\r\n{company}\r\n{address_1}\r\n{address_2}\r\n{city}, {zone} {postcode}\r\n{country}','Flat Shipping Rate','default_flat_rate_shipping.default_flat_rate_shipping','Mallory','Ballard','Guzman and Morin Inc','2430 S French Ave','','Sanford','32771','Florida',3630,'United States',223,'{firstname} {lastname}\r\n{company}\r\n{address_1}\r\n{address_2}\r\n{city}, {zone} {postcode}\r\n{country}','Cash On Delivery','default_cod','',50.8300,1,1,1,'USD',1.00000000,0,'2019-03-21 12:10:03','2019-03-21 12:12:09','205.185.126.56',''),(19,0,'',0,'Web Store Name','demo',12,1,'Allen','Waters','(417) 280-7406','','allenwaters@abantecart.com','Allen','Waters','','110 Shenandoah Avenue','','Honohina','86565-1710','Arizona',3616,'United States',223,'{firstname} {lastname}\r\n{company}\r\n{address_1}\r\n{address_2}\r\n{city}, {zone} {postcode}\r\n{country}','Flat Shipping Rate','default_flat_rate_shipping.default_flat_rate_shipping','Allen','Waters','','110 Shenandoah Avenue','','Honohina','86565-1710','Arizona',3616,'United States',223,'{firstname} {lastname}\r\n{company}\r\n{address_1}\r\n{address_2}\r\n{city}, {zone} {postcode}\r\n{country}','Cash On Delivery','default_cod','',112.6700,3,1,1,'USD',1.00000000,0,'2019-05-06 06:05:01','2019-05-06 12:23:28','77.111.246.147',''),(20,0,'',0,'Web Store Name','demo',12,1,'Allen','Waters','(417) 280-7406','','allenwaters@abantecart.com','Allen','Waters','','110 Shenandoah Avenue','','Honohina','86565-1710','Arizona',3616,'United States',223,'{firstname} {lastname}\r\n{company}\r\n{address_1}\r\n{address_2}\r\n{city}, {zone} {postcode}\r\n{country}','Flat Shipping Rate','default_flat_rate_shipping.default_flat_rate_shipping','Allen','Waters','','110 Shenandoah Avenue','','Honohina','86565-1710','Arizona',3616,'United States',223,'{firstname} {lastname}\r\n{company}\r\n{address_1}\r\n{address_2}\r\n{city}, {zone} {postcode}\r\n{country}','Cash On Delivery','default_cod','',47.5700,1,1,1,'USD',1.00000000,0,'2019-05-06 06:19:57','2019-05-06 12:22:33','77.111.246.147','');
/*!40000 ALTER TABLE `abc_orders` ENABLE KEYS */;
UNLOCK TABLES;

--
-- Table structure for table `abc_page_descriptions`
--

DROP TABLE IF EXISTS `abc_page_descriptions`;
/*!40101 SET @saved_cs_client     = @@character_set_client */;
/*!40101 SET character_set_client = utf8 */;
CREATE TABLE `abc_page_descriptions` (
  `page_id` int(10) NOT NULL DEFAULT '0',
  `language_id` int(11) NOT NULL,
  `name` varchar(255) NOT NULL COMMENT 'translatable',
  `title` varchar(255) NOT NULL COMMENT 'translatable',
  `seo_url` varchar(100) NOT NULL DEFAULT '',
  `keywords` varchar(255) NOT NULL DEFAULT '' COMMENT 'translatable',
  `description` varchar(255) NOT NULL DEFAULT '' COMMENT 'translatable',
  `content` text COMMENT 'translatable',
  `date_added` timestamp NOT NULL DEFAULT '0000-00-00 00:00:00',
  `date_modified` timestamp NOT NULL DEFAULT CURRENT_TIMESTAMP ON UPDATE CURRENT_TIMESTAMP,
  PRIMARY KEY (`page_id`,`language_id`)
) ENGINE=MyISAM DEFAULT CHARSET=utf8;
/*!40101 SET character_set_client = @saved_cs_client */;

--
-- Dumping data for table `abc_page_descriptions`
--

LOCK TABLES `abc_page_descriptions` WRITE;
/*!40000 ALTER TABLE `abc_page_descriptions` DISABLE KEYS */;
INSERT INTO `abc_page_descriptions` VALUES (1,1,'All Other Pages','','','','','','2019-07-12 07:21:52','2019-07-12 07:21:52'),(2,1,'Home Page','','','','','','2019-07-12 07:21:52','2019-07-12 07:21:52'),(3,1,'Checkout Pages','','','','','','2019-07-12 07:21:52','2019-07-12 07:21:52'),(4,1,'Login Page','','','','','','2019-07-12 07:21:52','2019-07-12 07:21:52'),(5,1,'Default Product Page','','','','','','2019-07-12 07:21:52','2019-07-12 07:21:52'),(10,1,'Maintenance Page','','','','','','2019-07-12 07:21:52','2019-07-12 07:21:52'),(11,1,'Customer Account Pages','','','','','','2019-07-12 07:21:52','2019-07-12 07:21:52'),(12,1,'Cart Page','','','','','','2019-07-12 07:21:52','2019-07-12 07:21:52');
/*!40000 ALTER TABLE `abc_page_descriptions` ENABLE KEYS */;
UNLOCK TABLES;

--
-- Table structure for table `abc_pages`
--

DROP TABLE IF EXISTS `abc_pages`;
/*!40101 SET @saved_cs_client     = @@character_set_client */;
/*!40101 SET character_set_client = utf8 */;
CREATE TABLE `abc_pages` (
  `page_id` int(10) NOT NULL AUTO_INCREMENT,
  `parent_page_id` int(10) NOT NULL DEFAULT '0',
  `controller` varchar(100) NOT NULL,
  `key_param` varchar(40) NOT NULL DEFAULT '',
  `key_value` varchar(40) NOT NULL DEFAULT '',
  `date_added` timestamp NOT NULL DEFAULT '0000-00-00 00:00:00',
  `date_modified` timestamp NOT NULL DEFAULT CURRENT_TIMESTAMP ON UPDATE CURRENT_TIMESTAMP,
  PRIMARY KEY (`page_id`),
  UNIQUE KEY `ac_pages_idx` (`page_id`,`controller`,`key_param`,`key_value`)
) ENGINE=MyISAM AUTO_INCREMENT=14 DEFAULT CHARSET=utf8;
/*!40101 SET character_set_client = @saved_cs_client */;

--
-- Dumping data for table `abc_pages`
--

LOCK TABLES `abc_pages` WRITE;
/*!40000 ALTER TABLE `abc_pages` DISABLE KEYS */;
INSERT INTO `abc_pages` VALUES (1,0,'generic','','','2019-07-12 07:21:52','2019-07-12 07:21:52'),(2,0,'pages/index/home','','','2019-07-12 07:21:52','2019-07-12 07:21:52'),(3,0,'pages/checkout','','','2019-07-12 07:21:52','2019-07-12 07:21:52'),(4,0,'pages/account/login','','','2019-07-12 07:21:52','2019-07-12 07:21:52'),(5,0,'pages/product/product','','','2019-07-12 07:21:52','2019-07-12 07:21:52'),(10,0,'pages/index/maintenance','','','2019-07-12 07:21:52','2019-07-12 07:21:52'),(11,0,'pages/account','','','2019-07-12 07:21:52','2019-07-12 07:21:52'),(12,0,'pages/checkout/cart','','','2019-07-12 07:21:52','2019-07-12 07:21:52'),(13,0,'pages/product/category','','','2019-07-12 07:21:52','2019-07-12 07:21:52');
/*!40000 ALTER TABLE `abc_pages` ENABLE KEYS */;
UNLOCK TABLES;

--
-- Table structure for table `abc_pages_forms`
--

DROP TABLE IF EXISTS `abc_pages_forms`;
/*!40101 SET @saved_cs_client     = @@character_set_client */;
/*!40101 SET character_set_client = utf8 */;
CREATE TABLE `abc_pages_forms` (
  `page_id` int(10) NOT NULL,
  `form_id` int(10) NOT NULL,
  PRIMARY KEY (`form_id`,`page_id`)
) ENGINE=MyISAM DEFAULT CHARSET=utf8;
/*!40101 SET character_set_client = @saved_cs_client */;

--
-- Dumping data for table `abc_pages_forms`
--

LOCK TABLES `abc_pages_forms` WRITE;
/*!40000 ALTER TABLE `abc_pages_forms` DISABLE KEYS */;
/*!40000 ALTER TABLE `abc_pages_forms` ENABLE KEYS */;
UNLOCK TABLES;

--
-- Table structure for table `abc_pages_layouts`
--

DROP TABLE IF EXISTS `abc_pages_layouts`;
/*!40101 SET @saved_cs_client     = @@character_set_client */;
/*!40101 SET character_set_client = utf8 */;
CREATE TABLE `abc_pages_layouts` (
  `layout_id` int(10) NOT NULL,
  `page_id` int(10) NOT NULL,
  PRIMARY KEY (`layout_id`,`page_id`)
) ENGINE=MyISAM DEFAULT CHARSET=utf8;
/*!40101 SET character_set_client = @saved_cs_client */;

--
-- Dumping data for table `abc_pages_layouts`
--

LOCK TABLES `abc_pages_layouts` WRITE;
/*!40000 ALTER TABLE `abc_pages_layouts` DISABLE KEYS */;
INSERT INTO `abc_pages_layouts` VALUES (11,1),(12,2),(13,4),(14,5),(15,3),(17,10),(18,11),(19,12),(20,13);
/*!40000 ALTER TABLE `abc_pages_layouts` ENABLE KEYS */;
UNLOCK TABLES;

--
-- Table structure for table `abc_product_descriptions`
--

DROP TABLE IF EXISTS `abc_product_descriptions`;
/*!40101 SET @saved_cs_client     = @@character_set_client */;
/*!40101 SET character_set_client = utf8 */;
CREATE TABLE `abc_product_descriptions` (
  `product_id` int(11) NOT NULL,
  `language_id` int(11) NOT NULL,
  `name` varchar(255) NOT NULL COMMENT 'translatable',
  `meta_keywords` varchar(255) NOT NULL COMMENT 'translatable',
  `meta_description` varchar(255) NOT NULL COMMENT 'translatable',
  `description` longtext NOT NULL COMMENT 'translatable',
  `blurb` text NOT NULL COMMENT 'translatable',
  PRIMARY KEY (`product_id`,`language_id`),
  KEY `name` (`name`),
  KEY `ac_product_descriptions_name_idx` (`product_id`,`name`)
) ENGINE=MyISAM DEFAULT CHARSET=utf8;
/*!40101 SET character_set_client = @saved_cs_client */;

--
-- Dumping data for table `abc_product_descriptions`
--

LOCK TABLES `abc_product_descriptions` WRITE;
/*!40000 ALTER TABLE `abc_product_descriptions` DISABLE KEYS */;
INSERT INTO `abc_product_descriptions` VALUES (73,1,'Highlighting Expressions','','','&lt;p&gt;\r\n	WHAT&lt;br /&gt;\r\n	Pantene Pro-V COLOUR HAIR SOLUTIONS Highlighting Expressions™ Conditioner protects and enhances colour treated hair and infuses blonde highlights with shine. The advanced Pro-Vitamin formula restores shine to dull highlights and protects hair from daily damage. This non-colour depositing formula works for all blonde highlights.&lt;/p&gt;\r\n&lt;p&gt;\r\n	WHY&lt;br /&gt;\r\n	Pantene uncovered that oxidative colouring changes hair’s structure. Internally, the chemistry in hair colour attacks strength-giving proteins in hair and makes the fibre more porous, leading to weaker hair that fades more quickly. The surface of the hair fibres becomes uneven and the protective layer of the hair fibre disintegrates. Without the protective layer, the hair fibre is prone to micro-scarring and damage, which changes the way it interacts with light and leads to a dull appearance.&lt;/p&gt;\r\n&lt;p&gt;\r\n	HOW&lt;br /&gt;\r\n	Pantene’s non-colour depositing conditioner is designed to reinforce the structure of blonde highlighted hair and give it what it needs to reveal vibrant, glossy colour. Conditioning ingredients help revitalize and replenish highlighted hair while delivering brilliant shine and protecting from future damage. The result is healthy-looking hair rejuvenated with shimmering blonde highlights.&lt;/p&gt;\r\n&lt;p&gt;\r\n	USE&lt;br /&gt;\r\n	For rich, vibrant colour that’s shiny and healthy-looking, use with Pantene Pro-V Pantene COLOUR HAIR SOLUTIONS Highlighting Expressions™ Shampoo and Colour Nourishing Treatment.&lt;/p&gt;\r\n',''),(74,1,'Curls to straight Shampoo','','','&lt;p&gt;\r\n	YOUR HAIR’S STARTING POINT&lt;br /&gt;\r\n	Curly&lt;/p&gt;\r\n&lt;p&gt;\r\n	WHAT&lt;br /&gt;\r\n	Pantene Curly Hair Series Curls to Straight Shampoo gently removes build-up, adding softness and control to your curls. The cleansing formula helps align and smooth the hair fibers. The result is healthy-looking hair that’s protected from frizz and ready for straight styling.&lt;/p&gt;\r\n&lt;p&gt;\r\n	WHY&lt;br /&gt;\r\n	Research shows that each curly hair fibre grows in a unique pattern, twisting and turning in all directions. This unpredictable pattern makes it difficult to create and control straight styles. The curved fibres of curly hair intersect with each other more often than any other hair type, causing friction which can result in breakage. The curvature of the hair fibre also provides a large amount of volume in curly hair, which can be hard to tame.&lt;/p&gt;\r\n&lt;p&gt;\r\n	HOW&lt;br /&gt;\r\n	Pantene’s straight shampoo contains micro-smoothers that aid you in loosening and unwinding curls from their natural pattern. Curly hair is left ready for frizz controlled straight styling, and protected from styling damage.&lt;/p&gt;\r\n&lt;p&gt;\r\n	USE&lt;br /&gt;\r\n	For healthy-looking, curly hair that’s styled straight, use with Curls to Straight Conditioner and Anti-Frizz Straightening Crème.&lt;/p&gt;\r\n',''),(75,1,'Dove Men +Care Body Wash','','','&lt;p&gt;\r\n	A body and face wash developed for men\'s skin with Micromoisture technology.&lt;br /&gt;\r\n	Micromoisture activates on skin when lathering up, clinically proven to fight skin dryness.&lt;br /&gt;\r\n	Deep cleansing gel that rinses off easily. With purifying grains.&lt;br /&gt;\r\n	Dermatologist recommended.&lt;/p&gt;\r\n',''),(76,1,'Men+Care Clean Comfort Deodorant','','','&lt;p&gt;\r\n        The first scented deodorant from Dove® specifically designed with a non-irritating formula to give men the power of 48-hour protection against underarm odor with advanced ¼ moisturizer technology. The bottom line? It’s tough on odor, not on skin&lt;/p&gt;\r\n',''),(77,1,'Men+Care Active Clean Shower Tool','tool, man','','&lt;p&gt;\r\n	Dove® Men+CareTM Active Clean Dual-Sided Shower Tool works with body wash for extra scrubbing power you can’t get from just using your hands. The mesh side delivers the perfect amount of thick cleansing lather, and the scrub side helps exfoliate for a deeper clean. Easy to grip and easy to hang. For best results, replace every 4-6 weeks.&lt;/p&gt;\r\n',''),(78,1,'ck IN2U Eau De Toilette Spray for Him','','','&lt;p&gt;\r\n	Fresh but warm; a tension that creates sexiness.Spontaneous - sexy - connectedCK IN2U him is a fresh woody oriental that penetrates with lime gin fizz and rushes into a combination of cool musks that radiate from top to bottom and leaves you wanting more.&lt;/p&gt;\r\n',''),(79,1,'ck One Gift Set','','','&lt;p&gt;\r\n	2 PC Gift Set includes 3.4 oz EDT Spray + Magnets. Ck One Cologne by Calvin Klein, Two bodies, two minds, and two souls are merged into the heat and passion of one. This erotic cologne combines man and woman with one provocative scent. This clean, refreshing fragrance has notes of bergamot, cardamom, pineapple, papaya, amber, and green tea.&lt;/p&gt;\r\n',''),(50,1,'Skinsheen Bronzer Stick','','','&lt;p&gt;\r\n	Bronzes, shapes and sculpts the face. Sheer-to-medium buildable coverage that looks naturally radiant and sunny. Stashable - and with its M·A·C Surf, Baby look – way cool. Limited edition.&lt;/p&gt;\r\n',''),(51,1,'BeneFit Girl Meets Pearl','','','&lt;p&gt;\r\n	Luxurious liquid pearl…the perfect accessory! This soft golden pink liquid pearl glides on for a breathtakingly luminous complexion. Customise your pearlessence with the easy to use twist up package … a few clicks for a subtle sheen, more clicks for a whoa! glow. Pat the luminous liquid over make up or wear alone for dewy lit from within radiance. It\'s pure pearly pleasure. Raspberry and chamomile for soothing. Light reflecting pigments for exquisite radiance. Sweet almond seed for firming and smoothing. Sesame seed oil for moisturising.Fresh red raspberry scent.&lt;/p&gt;\r\n',''),(52,1,'Benefit Bella Bamba','','','&lt;p&gt;\r\n	Amplify cheekbones and create the illusion of sculpted features with this 3D watermelon blush. Laced with shimmering gold undertones, bellabamba is taking eye popping pretty to the third dimension…you’ll never use traditional blush again! Tip: For a poreless complexion that pops, sweep bellabamba on cheeks after applying professional&lt;/p&gt;\r\n',''),(53,1,'Tropiques Minerale Loose Bronzer','','','&lt;p&gt;\r\n	Precious earths, exclusively selected for their luxurious silky texture and gentle quality, are layered with mineral pigments in this lightweight powder to mimic the true color of tanned skin. Unique technology with inalterable earths ensures exquisite wear all day. Mineral blend smoothes complexion, while Aloe Vera helps protect skin from dryness.&lt;/p&gt;\r\n',''),(54,1,'L\'EXTRÊME Instant Extensions Lengthening Mascara','','','&lt;p&gt;\r\n	Extend your lashes up to 60% instantly! This exclusive Fibrestretch formula takes even the smallest natural lashes to dramatic lengths. The patented Extreme Lash brush attaches supple fibers to every eyelash for an instant lash extension effect.&lt;/p&gt;\r\n',''),(55,1,'LE ROUGE ABSOLU Reshaping &amp; Replenishing LipColour SPF 15','','','&lt;p&gt;\r\n	Smoother. Fuller. Absolutely replenished lips. This advanced lip color provides 6-hour care with continuous moisture and protective Vitamin E. Features plumping polymer and non-feathering color to define and reshape lips. Choose from an array of absolutely luxurious shades with a lustrous pearl or satin cream finish.&lt;/p&gt;\r\n',''),(56,1,'Waterproof Protective Undereye Concealer','','','&lt;p&gt;\r\n	This natural coverage concealer lets you instantly eliminate tell-tale signs of stress and fatigue. Provides complete, natural-looking coverage, evens skin tone, covers dark circles and minimizes fine lines around the eyes. The Result: A soft, matte finish&lt;/p&gt;\r\n',''),(57,1,'Delicate Oil-Free Powder Blush','','','&lt;p&gt;\r\n	A sparkling shimmer of colour for a radiant glow. Silky soft, micro-bubble formula glides on easily and evenly. Lasts for hours. Oil-free and oil-absorbing, yet moisture-balancing. Perfect for all skin types.&lt;/p&gt;\r\n',''),(58,1,'Product with stock locations','','','&lt;p&gt;\r\n	There are degrees of cover-up…some like less, some like more! Our blendable powder formula with SPF 15 goes on beautifully sheer &amp;amp; builds easily for customized coverage. Sweep on with the accompanying brush for a sheer, natural finish or apply with the sponge for full coverage or spot cover-up. Our 6 flattering shades (2 light, 2 medium, 2 deep) make it incredibly easy to find your perfect shade. Once gals apply &quot;hello flawless!&quot; they\'ll finally have met their match q!&lt;/p&gt;\r\n',''),(59,1,'Viva Glam Lipstick','','','&lt;p&gt;\r\n	Time to wham up the GLAM in VIVA GLAM! It\'s a gaga-glamorous look at our abiding passion: The M·A·C AIDS Fund and the VIVA GLAM program are the heart and soul of M·A·C Cosmetics. Ladies and gentlemen, we give you the sensational Cyndi Lauper and the electric Lady Gaga&lt;/p&gt;\r\n',''),(60,1,'Nail Lacquer','','','&lt;p&gt;\r\n	Revolutionary new high gloss formula. Three long-wearing finishes - Cream, Sheer, and Frosted. Visibly different. Provides no-streak/no-chip finish. Contains conditioners and UV protection. Go hi-lacquer!&lt;/p&gt;\r\n',''),(61,1,'Color Design Eye Brightening All in One 5 Shadow &amp; Liner Palette','','','&lt;p&gt;\r\n	Infinitely luminous. Sensationally smooth. All-in-one 5 shadow palette to brighten eyes. Lancome’s new versatile, all-in-one palette conveniently creates a full eye look for day or night. Experience the newest generation of luminosity as silky lustrous powders transparently wrap the skin, allowing a seamless layering of pure color for a silky sheen and radiant finish. Build with absolute precision and apply the shades in 5 simple steps (all over, lid, crease, highlighter and liner) to design your customized eye look. Contour, sculpt and lift in soft day colors or intensify with dramatic evening hues for smoldering smoky effects. Long wear, 8-hour formula. Color does not fade, continues to stay true&lt;/p&gt;\r\n',''),(62,1,'ck one shock for him Deodorant','','','&lt;p&gt;\r\n	Shock Off! cK one shock for him opens with pure freshness, the heart pulses with spice and finishes with a masculine tobacco musk. Experience ck one shock, the newest fragrance from Calvin Klein with this 2.6 oz Deodorant.&lt;/p&gt;\r\n',''),(63,1,'Pour Homme Eau de Toilette','','','&lt;p&gt;\r\n	An intriguing masculine fragrance that fuses the bracing freshness of Darjeeling tea with the intensity of spice and musk. For those seeking a discreet accent to their personality.&lt;/p&gt;\r\n',''),(64,1,'Beauty Eau de Parfum','','','&lt;p&gt;\r\n	Beauty by Calvin Klein is a sophisticated and feminine fragrance presenting a new scructure to modern florals. Radiating rich and intense luminosity; Beauty leaves a complex and memorable impression. Experience the glamour and strength with the Beauty Eau de Parfum&lt;/p&gt;\r\n',''),(65,1,'Absolue Eye Precious Cells','','','&lt;p&gt;\r\n	Smoothes – Tightens – Regenerates Radiance Exclusive innovation from Lancôme A powerful combination of unique ingredients – Reconstruction Complex and Pro-Xylane™ – has been shown to improve the condition around the stem cells, and stimulate cell regeneration to reconstruct skin to a denser quality*. Results Immediately, the eye contour appears smoother and more radiant. Day 7, signs of fatigue are minimized and the appearance of puffiness is reduced. Day 28, density is improved. Skin is soft and looks healthier. The youthful look of the eye contour is restored. Ophthalmologist – tested. Dermatologist – tested for safety.&lt;/p&gt;\r\n',''),(66,1,'Total Moisture Facial Cream','','','&lt;p&gt;\r\n	Say good-bye to dry skin and hello to “total moisture”. This facial cream provides concentrated immediate &amp;amp; long-term hydration for an ultra radiant complexion. Contains exclusive tri-radiance complex to help develop the skin’s reserves of water &amp;amp; reinforce skin’s moisture barrier for a radiantly refreshed complexion. For normal to dry skin.&lt;/p&gt;\r\n',''),(67,1,'Flash Bronzer Body Gel','','','&lt;p&gt;\r\n	Look irresistible! Discover the self-tanning results you dream of: Instant bronzed glowing body Enriched with natural caramel extract for an immediate, gorgeous, bronzed glow. Exquisitely beautiful tan The perfect balance of self-tanning ingredients helps to achieve an ideal color, providing an even, natural-looking, golden tan. Color development within 30 minutes, lasting up to 5 days. Transfer-resistant formula With an exclusive Color-Set™ complex that smoothes on without streaks, dries in 4 minutes and protects clothes against rub-off. Hydrating &amp;amp; smoothing action Leaves skin soft, smooth, and hydrated. Pure Vitamin E delivers antioxidant protection, helping to reduce signs of premature aging. Indulgent experience Delightfully scented with hints of jasmine and honey in a silky, non-greasy formula&lt;/p&gt;\r\n',''),(68,1,'Absolute Anti-Age Spot Replenishing Unifying TreatmentSPF 15','','','&lt;p&gt;\r\n	A luxurious and comprehensive hand treatment that addresses the special needs of mature hands. Diminishes and discourages the appearance of age spots, while replenishing and protecting the skin. RESULT: Immediately, skin on hands is hydrated, soft and luminous. With continued use, skin becomes more uniform, looks firmer and youthful.Massage into hands and cuticles as needed.&lt;/p&gt;\r\n',''),(69,1,'Seaweed Conditioner','','','&lt;p&gt;\r\n	What it is:&lt;br /&gt;\r\n	A lightweight detangler made with marine seaweed and spirulina.&lt;/p&gt;\r\n&lt;p&gt;\r\n	What it does:&lt;br /&gt;\r\n	This conditioner gently detangles, nourishes, softens, and helps to manage freshly washed hair.&lt;/p&gt;\r\n&lt;p&gt;\r\n	What it is formulated WITHOUT:&lt;br /&gt;\r\n	- Parabens&lt;/p&gt;\r\n&lt;p&gt;\r\n	What else you need to know:&lt;br /&gt;\r\n	Made with marine greens for practically anyone (and ideal for frequent bathers), this conditioner is best paired with Seaweed Shampoo. It\'s also safe for use on color-treated hair.&lt;/p&gt;\r\n&lt;p&gt;\r\n	-Sea Silk Extract: Nourishes scalp; promotes healthy looking hair.&lt;br /&gt;\r\n	-Ascophyllum Nudosum (Seaweed) Extract: Moisturizes; adds elasticity, luster, softness, body; reduces flyaways.&lt;br /&gt;\r\n	-Macrocystis Pyrifera (Sea Kelp) Extract: Adds shine and manageability.&lt;br /&gt;\r\n	-Spirulina Maxima Extract: Hydrates.&lt;/p&gt;\r\n',''),(70,1,'Eau Parfumee au The Vert Shampoo','','','&lt;p&gt;\r\n	Structured around the refreshing vitality and purtiy of green tea, Bvlgari Eau the Vert Shampoo is an expression of elegance and personal indulgence. Delicately perfumed Eau Parfumée au thé vert shampoo gentle cleansing action makes it perfect for daily use.&lt;/p&gt;\r\n',''),(71,1,'Pantene Pro-V Conditioner, Classic Care','','','&lt;p&gt;\r\n	Conditions hair for healthy shine. How Can You See Healthy Hair? Pantene Complete Therapy Conditioner has a unique pro-vitamin complex that deeply infuses every strand - So you see 6 signs of health hair: Shine; Softness; Strength; Body; Less Frizz; Silkiness. Pantene Complete Therapy Conditioner: The ultimate pro-vitamin therapy provides gentle daily nourishing moisture for enhanced shine; Helps hair detangle easily; Helps prevent frizz and flyaways. Simply use and in just 10 days - and very day after - see shiny hair that\'s soft with less frizz. Best of all, healthy Pantene hair that is strong and more resistant to damage. Made in USA.&lt;/p&gt;\r\n',''),(72,1,'Brunette expressions Conditioner','','','&lt;p&gt;\r\n	YOUR HAIR’S STARTING POINT&lt;br /&gt;\r\n	Colour-Treated or Highlighted&lt;/p&gt;\r\n&lt;p&gt;\r\n	WHAT&lt;br /&gt;\r\n	Pantene Pro-V COLOUR HAIR SOLUTIONS Brunette Expressions™ Conditioner hydrates hair for rich colour that is protected from daily stress and damage. This non-colour depositing formula works for all shades of brunette hair.&lt;/p&gt;\r\n&lt;p&gt;\r\n	WHY&lt;br /&gt;\r\n	Pantene uncovered that oxidative colouring changes hair’s surface. Internally, the chemistry in hair colour attacks strength-giving proteins in hair and makes the fibre more porous, leading to weaker hair and that fades more quickly. The surface of the hair fibres then becomes uneven and the protective layer of the hair fibre disintegrates. Without the protective layer, the hair fibre is prone to micro-scarring and damage, which changes the way it interacts with light and leads to a dull appearance.&lt;/p&gt;\r\n&lt;p&gt;\r\n	HOW&lt;br /&gt;\r\n	Pantene’s advanced Pro-Vitamin formula enhances brunette colour for great intensity and radiant shine. Non-colour depositing conditioning ingredients enhance and protect colour treated hair, while helping to restore shine to coloured strands. Hair is moisturized and infused with radiant shine.&lt;/p&gt;\r\n&lt;p&gt;\r\n	USE&lt;br /&gt;\r\n	For rich, vibrant colour that’s shiny and healthy-looking, use with Pantene Pro-V Pantene COLOUR HAIR SOLUTIONS Brunette Expressions™ Shampoo and Colour Nourishing Treatment.&lt;/p&gt;\r\n',''),(80,1,'Acqua Di Gio Pour Homme','','','&lt;p&gt;\r\n	A resolutely masculine fragrance born from the sea, the sun, the earth, and the breeze of a Mediterranean island. Transparent, aromatic, and woody in nature Aqua Di Gio Pour Homme is a contemporary expression of masculinity, in an aura of marine notes, fruits, herbs, and woods.&lt;/p&gt;\r\n&lt;p&gt;\r\n	Notes:&lt;br /&gt;\r\n	Marine Notes, Mandarin, Bergamot, Neroli, Persimmon, Rosemary, Nasturtium, Jasmine, Amber, Patchouli, Cistus.&lt;br /&gt;\r\n	Style:&lt;br /&gt;\r\n	Transparent, modern, and masculine.&lt;/p&gt;\r\n',''),(81,1,'Armani Eau de Toilette Spray ','','','&lt;p&gt;\r\n	This confidently masculine embodiment of the sophisticated ease and understated elegance of Giorgio Armani fashions - is a simply tailored, yet intensely sensual combination of sparkling fresh fruits, robust spices, and rich wood notes.&lt;br /&gt;\r\n	Notes:&lt;br /&gt;\r\n	Lime, Bergamot, Mandarin, Sweet Orange, Petitgrain, Cinnamon, Clove, Nutmeg, Jasmine, Neroli, Coriander, Lavender, Oakmoss, Sandalwood, Patchouli, Vetiver, Cedar.&lt;br /&gt;\r\n	Style:&lt;br /&gt;\r\n	Fresh, masculine, and discreet.&lt;/p&gt;\r\n',''),(82,1,'Armani Code after shave balm','','','&lt;p&gt;\r\n	Splash on this refreshing balm post-shave to soothe and calm the skin. Scents skin with a hint of seductive Code.&lt;br /&gt;\r\n	&lt;br /&gt;\r\n	Ingredients&lt;br /&gt;\r\n	Alcohol, Aqua/Water/Eau, Parfum/Fragrance, PEG 8, PEG 60 Hydrogenated Castor Oil, BHT, Allantoin (Comfrey Root), Linalool, Geraniol, Alpha Isomethyl Ionone, Coumarin, Limonene, Hydroxyisohexl 3 Cyclohexene Carboxaldehyde, Hydroxycitronellal, Citronellol, Citral, Butylphenyl Methlyproprional, Hexylcinnamal&lt;/p&gt;\r\n',''),(83,1,'Armani Code Sport','','','&lt;p&gt;\r\n	Sport. It\'s a rite of seduction. A vision of Giorgio Armani, translated into a fragrance.&lt;br /&gt;\r\n	&lt;br /&gt;\r\n	This scent opens with an explosive freshness that features spearmint, peppermint, and wild mint—surprising and unusual top notes with a stunning effect. The citrusy heart of the fragrance reveals Code Sport\'s seductive power. Notes of vetiver from Haiti reveal a woody and distinguished character, at once wet and dry. Like a crisp coating of ice, a note of hivernal prolongs the dialogue between the scent\'s cool crispness and sensual breath, giving the fragrance an almost unlimited life.&lt;br /&gt;\r\n	&lt;br /&gt;\r\n	Notes:&lt;br /&gt;\r\n	Spearmint, Peppermint, Wild Mint, Citrus, Hivernal, Hatian Vetiver, Nigerian Ginger.&lt;br /&gt;\r\n	Style:&lt;br /&gt;\r\n	Stunning. Cool. Seductive.&lt;/p&gt;\r\n',''),(84,1,'Armani Code Pour Femme','','','&lt;p&gt;\r\n	A seductive new fragrance for women, Armani Code Pour Femme is a fresh, sexy, feminine blend of zesty blood orange, ginger, and pear sorbet softened with hints of sambac jasmine, orange blossom, and lavender honey, warmed with precious woods and vanilla.&lt;br /&gt;\r\n	&lt;br /&gt;\r\n	Notes:&lt;br /&gt;\r\n	Blood Orange, Ginger, Pear Sorbet, Sambac Jasmine, Orange Blossom, Seringa Flower, Lavender Honey, Precious Woods Complex, Vanilla.&lt;br /&gt;\r\n	Style:&lt;br /&gt;\r\n	Fresh. Sexy. Feminine.&lt;/p&gt;\r\n',''),(85,1,'Forbidden euphoria Eau de Parfum Spray ','','','&lt;p&gt;\r\n	Possessing an innate confidence and sophistication, she is just starting to explore her sexuality. What she doesn\'t yet know is that she already is every man\'s fantasy.&lt;br /&gt;\r\n	&lt;br /&gt;\r\n	A younger interpretation of Euphoria, this fruity floriental scent capitalizes on a modern, fresh sexiness with a mysterious twist. Its sparkling top notes seduce the senses with a blend of forbidden fruit such as mandarin, passion fruit, and iced raspberry. The heart blooms with a hypnotic bouquet of tiger orchid and jasmine. Underneath its exotic floralcy lies a layer of addictive patchouli and a sophisticated blend of musks and cashmere woods for an everlasting impression.&lt;br /&gt;\r\n	&lt;br /&gt;\r\n	Notes:&lt;br /&gt;\r\n	Sparkling Mandarin, Peach Blossom, Iced Raspberry, Pink Peony, Tiger Orchid, Jasmine, Cashmere Woods, Patchouli Absolute, Skin Musk.&lt;br /&gt;\r\n	Style:&lt;br /&gt;\r\n	Sophisticated. Confident. Forbidden.&lt;/p&gt;\r\n',''),(86,1,'Euphoria Men Intense Eau De Toilette Spray','','','&lt;p&gt;\r\n	Launched by the design house of Calvin Klein in 2008, EUPHORIA MEN INTENSE is a men\'s fragrance that possesses a blend of Rain Water, Pepper, Ginger, Sage, Frosted Sudachi, Cedar leaf, Patchouli, Myrrh, Labdanum, Amber Solid, Vetiver&lt;/p&gt;\r\n',''),(87,1,'MAN Eau de Toilette Spray','','','&lt;p&gt;\r\n	Man by Calvin Klein was launched in October of 2007 and proposed as a new classic for the modern Calvin Klein man, aged from 25 to 40. The name itself is programmatic and unambiguous, like an English translation of L\'Homme by Yves Saint Laurent. Simple, brief, to the point. You are going to smell the essence of masculinity if you are to take your cue from the name of the fragrance. The packaging is sleek, modernist, with an architectural sense of proportions and looks good. The fragrance was created by perfumers Jacques Cavallier and Harry Fremont from Firmenich in collaboration with consultant Ann Gottlieb. All these people are old hands at marketing successful mainstream fragrances. Man offers therefore a mainstream palatability but without coming across as depersonalized. It plays the distinctiveness card, but in a well reined in manner. The fragrance bears a typical masculine fresh aromatic, woody and spicy signature around the linear heart of the scent which itself is dark, fruity, and sweet enough to feel feminine. This rich amber-fruity accord is made even more seductive thanks to just the right amount of citrus-y counterpoint, which never clarifies the scent but on the contrary helps to deepen the dark fruity sensation.&lt;br /&gt;\r\n	&nbsp;&lt;/p&gt;\r\n',''),(88,1,'ck one Summer 3.4 oz','','','&lt;p&gt;\r\n	It\'s a concert on a hot summer night. The stage is set and the show\'s about to start. Feel the breeze, catch the vibe, and move to the beat with the pulsating energy of this limited-edition fragrance. A unisex scent, it is fresh, clean, and easy to wear. The fragrance opens with a burst of crisp melon. In the heart notes, an invigorating blend of green citrus and the zesty herbaceous effect of verbena creates a cool, edgy freshness. A base of exotic incense and earthy oakmoss is wrapped in the light, sensuous warmth of cedarwood, musk, and peach skin. Notes:Tangerine, Water Fern, Melon, Lemon, Sea Breeze Accord, Blue Freesia, Verbena, Rhubarb, Cedarwood, Skin Musk, Incense, Peach Skin. Style:Invigorating. Crisp. Cool.&lt;/p&gt;\r\n',''),(89,1,'Secret Obsession Perfume','','','&lt;p&gt;\r\n	Calvin Klein Secret Obsession eau de parfum spray for women blends notes of forbidden fruits, exotic flowers and a sultry wood signature to create an intoxicating aroma that is provocative and addictive.Calvin Klein is one of World of Shops most popular brands, and this Calvin Klein Secret Obsession eau de parfum spray for women is a firm favourite amongst our customers for its deep, feminine aroma that is perfect for those special evenings out.&lt;/p&gt;\r\n',''),(90,1,'Obsession Night Perfume','','','&lt;p&gt;\r\n	Launched by the design house of Calvin Klein in 2005, OBSESSION NIGHT is a women\'s fragrance that possesses a blend of gardenia, tonka bean, bergamot, vanilla, sandalwood, jasmine, rose, amber, muguet and mandarin. It is recommended for evening wear.&lt;/p&gt;\r\n&lt;p&gt;\r\n	Ingredients&lt;br /&gt;\r\n	Notes: Bergamot, Bitter Orange, Mandarin, White Floral, Angelica Root, Gardenia, Rose, Muguet, Night-Blooming Jasmine, Vanilla, Tonka Bean, Amber, Labdanum, Sandalwood, Cashmere Wood&lt;/p&gt;\r\n',''),(91,1,'Jasmin Noir Body Lotion 6.8 fl oz','','','&lt;p&gt;\r\n	A bath collection for the body, scented with the Jasmin Noir fragrance. A tribute to ultimate femininity. Seduction and personal indulgence.&lt;br /&gt;\r\n	Body Lotion Fragrance: The new emblematic creation within the Bvlgari Pour Femme Collection Jasmin Noir, perfectly embodies the luxury and prestige of Bvlgari fine jewelry.&lt;br /&gt;\r\n	Jasmin Noir is a flower of the imagination. Precious jasmine, white and immaculate, in its noire interpretation. A flower of pure mystery. A rich and delicate flower that at nightfall, reveals its intriguing sensuality. A precious floral woody fragrance with ambery accents centered around one of the true jewels of perfumery: the jasmin flower. A scent that conjures forth the bewildering seductiveness of feminity as elegant as it is profoundly sensual.&lt;br /&gt;\r\n	Jasmin Noir tells a voluptuous floral story that begins with the pure radiance of luminous light given by green and scintillating notes: Vegetal Sap and fresh Gardenia Petals. Then, tender and seductive, the Sambac Jasmine Absolute, delivers its generous and bewitching notes. Unexpectedly allied with a transparent silky almond accord, it reveals a heart that is light yet thoroughly exhilarating and marvelously addictive. The scent\'s sumptuously rich notes repose on a bed of Precious Wood and ambery undertones, bringing together the depth and mystery of Patchouli, the warmth of Tonka Bean and the comfort of silky Musks for an elegant and intimate sensuality.&lt;br /&gt;\r\n	An exquisite fragrance of incomparable prestige, Jasmin Noir captures the very essence of the jeweler.&lt;br /&gt;\r\n	Made in Italy&lt;br /&gt;\r\n	&nbsp;&lt;/p&gt;\r\n',''),(92,1,'Body Cream by Bulgari','','','&lt;p&gt;\r\n	BVLGARI (Bulgari) by Bvlgari Body Cream 6.7 oz for Women Launched by the design house of Bvlgari in 1994, BVLGARI is classified as a refined, floral fragrance. This feminine scent possesses a blend of violet, orange blossom, and jasmine. Common spellings: Bulgari, Bvlgary, Bulgary.&lt;/p&gt;\r\n',''),(93,1,'Creme Precieuse Nuit 50ml','','','&lt;p&gt;\r\n	A luxurious, melting night cream to repair skin during sleep Features Polypeptides that boost production of collagen &amp;amp; elastin Improves skin elasticity &amp;amp; firmness Visibly reduces appearance of wrinkles, fine lines &amp;amp; brown spots Enriched with Bvlgari Gem Essence to restore radiance Skin appears smooth, energized &amp;amp; luminous in morning Perfect for all skin types&lt;/p&gt;\r\n',''),(94,1,'Night Care Crema Nera Obsidian Mineral Complex','','','&lt;p&gt;\r\n	When it comes to body, skin or eye care, you want to look to our products and you will find the best there is. These are the most exceptional personal care products available. They meet the strictest standards for quality sourcing, environmental impact, results and safety. Our body care products truly allows you to be good to your whole body.&lt;/p&gt;\r\n&lt;p&gt;\r\n	Giorgio Armani - Cream Nera - Night Care Crema Nera Obsidian Mineral Complex3 Restoring Cream SPF 15 50ml/1.69oz A lavish, fresh &amp;amp; weightless anti-aging creamProvides shielding &amp;amp; moisturizing benefitsDeveloped with Obsidian Mineral Complex technology Formulated with iron, silicon &amp;amp; perlite to create a potent dermal restructuring system Contains Pro-XylaneTM &amp;amp; Hyaluronique Acid Targets loss of substance, sagging of features &amp;amp; deepening of wrinkles Reveals firmer, sleeker &amp;amp; plumper skin in a youthful look. With a fabulous Skincare product like this one, you\'ll be sure to enjoy the ultimate in a Skincare experience with promising results.&lt;/p&gt;\r\n',''),(95,1,'Skin Minerals For Men Cleansing Cream','','','&lt;p&gt;\r\n	Ultra-purifying skincare enriched with essential moisturizing minerals, designed to instantly moisturize / purify the skin.&lt;br /&gt;\r\n	Active Ingredients&lt;br /&gt;\r\n	- Sodium and Potassium System: to preserve cutaneous hydration.&lt;br /&gt;\r\n	- Salicylic Acid and Hamamelis Extract: to tighten the pores and tone skin.&lt;br /&gt;\r\n	High Performances: the figures.&lt;br /&gt;\r\n	Self-assessment*:&lt;br /&gt;\r\n	- leaves the skin clean 100%&lt;br /&gt;\r\n	- leaves the skin comfortable 93%&lt;br /&gt;\r\n	- leaves the skin smooth 95%&lt;br /&gt;\r\n	- skin complexion is uniform 89%&lt;br /&gt;\r\n	- skin texture is refined 80%&lt;br /&gt;\r\n	* use test: 60 men 20 -65 years old 4 weeks of self-assessment&lt;/p&gt;\r\n',''),(96,1,'Eye master','','','&lt;p&gt;\r\n	The volcanic force of minerals concentrated in multi action skincare specifically designed to target wrinkles, bags and dark circles of the delicate eye area. To combat signs of aging and fatigue and visibly improve skin quality.&lt;br /&gt;\r\n	Active Ingredients&lt;br /&gt;\r\n	- Volcanic Complex: an innovative combination of energy charged minerals, inspired by volcanic rocks&lt;br /&gt;\r\n	- Caffeine extract: to fight puffiness&lt;br /&gt;\r\n	- Conker and butcher’s broom extracts to stimulate cutaneous blood micro-circulation&lt;br /&gt;\r\n	High Performances: the figures.&lt;br /&gt;\r\n	Proven immediate anti-puffiness action*:&lt;br /&gt;\r\n	- 15 minutes after application –19%&lt;br /&gt;\r\n	*instrumental test, 40 men, 42-65 years old&lt;br /&gt;\r\n	Self-assessment&lt;br /&gt;\r\n	- instantly revitalizes skin 77%**&lt;br /&gt;\r\n	- wrinkles appear reduced 78%***&lt;br /&gt;\r\n	- diminishes the appearance of dark circles 68%***&lt;br /&gt;\r\n	** use test, 40 men 42-65 years old, single application, self-assessment&lt;br /&gt;\r\n	*** use test, 40 men 42-65 years old, 4 weeks, self-assessment&lt;/p&gt;\r\n',''),(97,1,'Eye Rejuvenating Serum','','','&lt;p&gt;\r\n	The first advanced rejuvenating ‘weapon’ thanks to a corrective and smoothing texture and a power amplifying applicator.&lt;br /&gt;\r\n	The alliance of the [3.R] technology combined with an intensive re-smoothing system.&lt;br /&gt;\r\n	The eye rejuvenation serum also comes in an easily portable tube that boasts a silver bevelled applicator to ensure a good delivery of the product to the eye area as well as offering a means to improve circulation and reduce puffiness and eye bags.&lt;/p&gt;\r\n&lt;p&gt;\r\n	Rarely women have been so convinced of its efficiency on skin rejuvenation:&lt;/p&gt;\r\n&lt;p&gt;\r\n	EYE CONTOUR LOOKS SMOOTHER 85%*&lt;br /&gt;\r\n	EYES LOOK YOUNGER 91%*&lt;br /&gt;\r\n	EYE PUFFINESS LOOKS SOFTENED 83%*&lt;/p&gt;\r\n&lt;p&gt;\r\n	*% of women – self assessment on 60 women after 4 weeks&lt;/p&gt;\r\n',''),(98,1,'Shaving cream','','','&lt;p&gt;\r\n	Moisturizing, charged with minerals and enriched with ultra softening agents. Its specific formula ensures an optimal, extremely gentle shave. Even four hours after shaving, the skin remains hydrated, soft and supple.&lt;br /&gt;\r\n	Active Ingredients&lt;br /&gt;\r\n	- Sodium and Potassium System: to preserve cutaneous hydration&lt;br /&gt;\r\n	- Bisabolol: to soothe skin&lt;br /&gt;\r\n	High Performances: the figures.&lt;br /&gt;\r\n	Measurements 4 hours after shaving:&lt;br /&gt;\r\n	- skin hydration +29%*&lt;br /&gt;\r\n	- skin softness +61%**&lt;br /&gt;\r\n	- skin suppleness +18%**&lt;br /&gt;\r\n	- skin dryness -39%**&lt;/p&gt;\r\n&lt;p&gt;\r\n	&lt;br /&gt;\r\n	* instrumental test, 20 men, 20-70 years old&lt;br /&gt;\r\n	** clinical scorage, 20 men, 20-70 years old&lt;/p&gt;\r\n',''),(99,1,'Fluid shine nail polish','','','&lt;p&gt;\r\n	Luxurious color at your fingertips. Fluid shine coats nails with intense shine and long-lasting, sophisticated color. The essential accessory to any makeup wardrobe.&lt;/p&gt;\r\n&lt;p&gt;\r\n	Discover the Bronze collection 2010&lt;br /&gt;\r\n	Finish this season’s high summer look with a cranberry n°43 or blackberry n°44 nail, to echo the wet lips with intense color.&lt;/p&gt;\r\n',''),(100,1,'Smooth silk lip pencils','','','&lt;p&gt;\r\n	An incredibly soft lip pencil for subtle, precise definition. The silky texture allows for easy application and flawless results. To extend the hold of your lip color, fill lips in completely with Smooth silk lip pencil before applying your lipstick. Choose from a wide range of shades to complement every color in your lipstick wardrobe.&lt;/p&gt;\r\n',''),(101,1,'Pro-V Color Hair Solutions Color Preserve Shine Conditioner','pantene, shampoo','','&lt;p&gt;\r\n	PANTENE\'s color preserve shine shampoo and conditioner system with micro-polishers smoothes and refinishes the hair’s outer layer. So your hair reflects light and shines brilliantly. Help preserve your multi-dimensional color.&lt;/p&gt;\r\n&lt;p&gt;\r\n	&lt;strong&gt;Product Features&lt;/strong&gt;&lt;br /&gt;\r\n	Micro-polishers smooth the outer layer of hair to help Protect color and leave hair shiny&lt;br /&gt;\r\n	Lightweight moisturizers provide protection against damage&lt;br /&gt;\r\n	Designed for color-treated hair; Gentle enough for permed hair&lt;/p&gt;\r\n&lt;p&gt;\r\n	&lt;strong&gt;Ingredients&lt;/strong&gt;&lt;br /&gt;\r\n	Water, Stearyl Alcohol, Behentrimonium Methosulfate, Cetyl Alcohol, Fragrance, Bis-Aminopropyl Dimethicone, Isopropyl Alcohol, Benzyl Alcohol, Disodium EDTA, Panthenol, Panthenyl Ethyl Ether, Methylchloroisothiazolinone, Methylisothiazolinone&lt;/p&gt;\r\n&lt;p&gt;\r\n	&nbsp;&lt;/p&gt;\r\n',''),(102,1,'Gucci Guilty','gicci, spray','','&lt;ul&gt;\r\n	&lt;li&gt;\r\n		Notes Consist Of Mandarin, Pink Pepper, Peach, Lilac, Geranium, Amber And Patchouli&lt;/li&gt;\r\n	&lt;li&gt;\r\n		For Casual Use&lt;/li&gt;\r\n&lt;/ul&gt;\r\n&lt;p&gt;\r\n	&lt;em&gt;Gucci Guilty&lt;/em&gt; is a warm yet striking oriental floral with hedonism at its heart.&lt;br /&gt;\r\n	&lt;br /&gt;\r\n	The scent seizes the attention with a flamboyant opening born of the natural rush that is mandarin shimmering alongside an audacious fist of pink pepper.&lt;br /&gt;\r\n	&lt;br /&gt;\r\n	The middle notes are an alluring concoction of heady lilac and geranium, laced with the succulent tactility of peach - all velvet femininity with a beguiling hint of provocation.&lt;br /&gt;\r\n	&lt;br /&gt;\r\n	The patchouli that is the hallmark of Gucci fragrances here conveys a message of strength, while the voluptuousness of amber suggests deep femininity.&lt;/p&gt;\r\n',''),(103,1,'Jasmin Noir L\'Essence Eau de Parfum Spray 75ml','','','&lt;p&gt;\r\n	A carnal impression of the immaculate jasmine flower, Bvlgari Jasmin Noir L\'Essence dresses the purity of the bloom in jet black mystery.&lt;br /&gt;\r\n	&lt;br /&gt;\r\n	The fragrance is a more concentrated Eau de Parfum than the original Jasmin Noir, a blend of rare and precious ingredients that are more seductive, and more addictive than ever before. The profoundly sensual elixir captivates the senses, and enchants its wearer with its generous and bewitching touches.&lt;br /&gt;\r\n	&lt;br /&gt;\r\n	A luminous bottle that honours the heritage of Bvlgari.&lt;/p&gt;\r\n',''),(104,1,'Calvin Klein Obsession For Women EDP Spray','','','&lt;p&gt;\r\n	Citrus, vanilla and greens lowering to notes of sandalwood, spices and musk. Recommended Use daytime&lt;/p&gt;\r\n&lt;p&gt;\r\n	&lt;em&gt;\'Obsession\'&lt;/em&gt; perfume was launched by the design house of Calvin Klein in 1985&lt;/p&gt;\r\n&lt;p&gt;\r\n	When you think about Calvin Klein, initially you think of his clothing line – specifically his jeans and underwear lines (not to mention the famous ad with a young Brooke Shields). But Calvin Klein’s penchant for perfume was equally as cutting edge as his foray into fashion.&lt;/p&gt;\r\n',''),(105,1,'Bvlgari Aqua','','','&lt;p&gt;\r\n	Bvlgari Aqua (Pour Homme) Eau De Toilette Spray is an enticing and fresh cologne that exudes masculinity from its unique blend of amber santolina, posidonia and mandarin.&lt;/p&gt;\r\n&lt;p&gt;\r\n	Bvlgari Aqua (Pour Homme) Eau De Toilette Spray scent lasts throughout the day without having an overpowering smell. It is subtle enough for daytime use and masculine enough for night wear.&lt;/p&gt;\r\n',''),(106,1,'Omnia Eau de Toilette 65ml','bvlgary, omnia, EDT','','&lt;p&gt;\r\n	Choose Your scent&lt;/p&gt;\r\n&lt;p&gt;\r\n	&nbsp;&lt;/p&gt;\r\n&lt;p&gt;\r\n	&lt;strong&gt;Omnia Coral:&lt;/strong&gt; Inspired by the shimmering hues of precious red coral, Omnia Coral is a radiant floral-fruity Eau de Toilette of tropical Hibiscus and juicy Pomegranate, reminiscent of Summer, the sun, resplendent nature and far-off oceans.&lt;/p&gt;\r\n&lt;p&gt;\r\n	&lt;strong&gt;Omnia Amethyst:&lt;/strong&gt; Inspired by the shimmering hues of the amethyst gemstone, this floral Eau de Toilette captures the myriad scents of Iris and Rose gardens caressed with morning dew.&lt;/p&gt;\r\n&lt;p&gt;\r\n	&lt;strong&gt;Omnia Crystalline:&lt;/strong&gt; Created from the glowing clarity and purity of crystal, Omnia Crystalline is a sparkling jewel of light, illuminating and reflecting the gentle sensuality and luminous femininity. Sparkling like a precious jewel, like the rarest of crystals, in an exquisite jewel flacon.&lt;/p&gt;\r\n',''),(107,1,'Lancome Slimissime 360 Slimming Activating Concentrate Unisex Treatment','','','&lt;ul&gt;\r\n	&lt;li&gt;\r\n		An anti-cellulite body treatment&lt;/li&gt;\r\n	&lt;li&gt;\r\n		Features a special gel-cream texture &amp;amp; a quick-dissolving formula&lt;/li&gt;\r\n	&lt;li&gt;\r\n		Formulated with an exclusive 360 Complex&lt;/li&gt;\r\n&lt;/ul&gt;\r\n&lt;p&gt;\r\n	An anti-cellulite body treatment. Features a special gel-cream texture &amp;amp; a quick-dissolving formula. Formulated with an exclusive 360 Complex. Helps combat presence of cellulite &amp;amp; reduce existing cellulite. Provides immediate invigorating &amp;amp; firming results. Concentrated with micro-pearl particles to illuminate skin. Creates svelte &amp;amp; re-sculpted body contours....&lt;/p&gt;\r\n',''),(108,1,'Lancome Hypnose Doll Lashes Mascara 4-Piece Gift Set','','','&lt;p&gt;\r\n	&nbsp;Lancome Hypnose Doll Lashes Mascara 4-Piece Gift Set! Limited Edition!&lt;/p&gt;\r\n&lt;ol&gt;\r\n	&lt;li&gt;\r\n		0.22 oz full-size Hypnôse Doll Lashes Mascara in Black&lt;/li&gt;\r\n	&lt;li&gt;\r\n		0.07 oz full-size Le Crayon Khol Eyeliner in Black Ebony&lt;/li&gt;\r\n	&lt;li&gt;\r\n		0.07 oz travel-size Cils Booster XL Super Enhancing Mascara Base&lt;/li&gt;\r\n	&lt;li&gt;\r\n		1.7 fl oz travel-size Bi-Facil Double-Action Eye Makeup Remover&lt;/li&gt;\r\n&lt;/ol&gt;\r\n',''),(109,1,'Lancome Visionnaire Advanced Skin Corrector','','','&lt;p&gt;\r\n	Lancôme innovates with VISIONNAIRE [LR 2412 &nbsp;4%], its ?rst&nbsp;skincare product formulated to fundamentally recreate truly&nbsp;beautiful skin.&lt;br /&gt;\r\n	&lt;br /&gt;\r\n	A Lancôme technological breakthrough has identi?ed&nbsp;a miraculous new molecule.&lt;br /&gt;\r\n	&lt;br /&gt;\r\n	The name of this molecule: LR 2412.&lt;br /&gt;\r\n	&lt;br /&gt;\r\n	A molecule that is able to “self-propel” through the layers&nbsp;of the epidermis, to set off a series of tissular micro-transformations.&nbsp;The result is that skin is visibly transformed: the texture is ?ner,&nbsp;wrinkles are erased, pigmentary and vascular irregularities are&nbsp;reduced and pores are tightened.&lt;/p&gt;\r\n&lt;p&gt;\r\n	&nbsp;&lt;/p&gt;\r\n&lt;p&gt;\r\n	&lt;em&gt;Download Presentation file after order.&lt;/em&gt;&lt;/p&gt;\r\n',''),(110,1,'Flora By Gucci Eau Fraiche','','','&lt;ul&gt;\r\n	&lt;li&gt;\r\n		Perfect for all occasions&lt;/li&gt;\r\n	&lt;li&gt;\r\n		This item is not a tester; New and sealed&lt;/li&gt;\r\n	&lt;li&gt;\r\n		Contains natural ingredients&lt;/li&gt;\r\n&lt;/ul&gt;\r\n&lt;p&gt;\r\n	Gucci presents the new spring version of this perfume called flora by Gucci eau fraiche in 2011. Even younger, more airy, vivid, sparkling and fresher than the original, the new fragrance is enriched with additional aromas of citruses in the top notes and aquatic and green nuances in the heart, while the base remains unchanged. The composition begins with mandarin, bergamot, kumquat, lemon and peony. The heart is made of rose petals and Osman thus with green and aquatic additions, laid on the base of sandalwood, patchouli and pink pepper.&lt;/p&gt;\r\n',''),(111,1,'New French With Ease (1 book + 1 mp3 CD)','','','This title is available in book and CD. All Assimil courses are based on intuitive assimilations[registered], an original principle that is simple yet highly effective. Assimil has taken this natural process, through which you learned to speak your own language, and adapted it to their book and audio courses. Working progressively, with natural, lively dialogues, simple text notes and exercises, you will progress steadily to a level where you are able to converse in everyday situations. The first part of the course is the passive phase: you immerse yourself in the language by reading and repeating each lesson. During the second, the active phase, you use the structures and reflexes you have already absorbed while continuing to advance and learn. In just a few months, you will be able to speak French easily, fluently and naturally.&lt;br /&gt;\r\n&amp;nbsp;\r\n&lt;ul style=&quot;color: rgb(51, 51, 51); padding: 0px; list-style-type: none; font-size: 13px; font-family: verdana, arial, helvetica, sans-serif; line-height: 19px; orphans: auto; text-align: start; text-indent: 0px;&quot;&gt;\r\n	&lt;li&gt;Audio CD: 610 pages&lt;/li&gt;\r\n	&lt;li&gt;Publisher: ASSiMiL (3 April 2008)&lt;/li&gt;\r\n	&lt;li&gt;Language: English&lt;/li&gt;\r\n	&lt;li&gt;ISBN-10: 2700570057&lt;/li&gt;\r\n	&lt;li&gt;ISBN-13: 978-2700570052&lt;/li&gt;\r\n	&lt;li&gt;Product Dimensions: 23.6 x 17.8 x 5.1 cm&lt;/li&gt;\r\n&lt;/ul&gt;\r\n',''),(112,1,'The Miracle Morning: The Not-So-Obvious Secret Guaranteed to Transform Your Life','','','What if you could miraculously wake up tomorrow and any&amp;mdash;or every area of your life was transformed? What would be different? Would you be happier? Healthier? More successful? In better shape? Would you have more energy? Less Stress? More Money? Better relationships? Which of your problems would be solved?&lt;br /&gt;\r\n&amp;nbsp;\r\n&lt;ul style=&quot;color: rgb(51, 51, 51); font-family: Arial, sans-serif; font-size: 13px; font-style: normal; font-variant: normal; font-weight: normal;&quot;&gt;\r\n	&lt;li&gt;&lt;b style=&quot;font-weight: 700; font-family: verdana, arial, helvetica, sans-serif;&quot;&gt;Print Length:&lt;/b&gt; 172 pages&lt;/li&gt;\r\n	&lt;li&gt;&lt;b style=&quot;font-weight: 700; font-family: verdana, arial, helvetica, sans-serif;&quot;&gt;Page Numbers Source ISBN:&lt;/b&gt; 0979019710&lt;/li&gt;\r\n	&lt;li&gt;&lt;b style=&quot;font-weight: 700; font-family: verdana, arial, helvetica, sans-serif;&quot;&gt;Publication Date:&lt;/b&gt; December 7, 2012&lt;/li&gt;\r\n	&lt;li&gt;&lt;b style=&quot;font-weight: 700; font-family: verdana, arial, helvetica, sans-serif;&quot;&gt;Language:&lt;/b&gt; English&lt;/li&gt;\r\n	&lt;li&gt;&lt;b style=&quot;font-weight: 700; font-family: verdana, arial, helvetica, sans-serif;&quot;&gt;ASIN:&lt;/b&gt; B00AKKS278&lt;/li&gt;\r\n&lt;/ul&gt;\r\n\r\n&lt;hr /&gt;\r\nAbout the Author\r\n&lt;p&gt;At age 20, Hal Elrod was hit head on by a drunk driver at 70 mph, was dead for 6 minutes, and doctors told his parents that if Hal ever came out of his coma, he had permanent brain damage and may never walk again. After 6 days of fighting for his life, Hal proved that we all have the ability to overcome any obstacle and create the life of our dreams. Not only did he walk, he became an ultra-marathon runner, hall of fame business achiever, international Keynote Speaker, Success Coach, husband, father, hip-hop recording artist, and multiple time #1 bestselling author of &amp;quot;The Miracle Morning: The Not-So-Obvious Secret Guaranteed To Transform Your Life... (Before 8AM)&amp;quot; and &amp;quot;Taking Life Head On: How To Love the Life You Have While You Create the Life of Your Dreams&amp;quot;&amp;mdash;two of the highest rated and most acclaimed books on Amazon.com. (Just read a few of the 200+ five-star reviews, and you&amp;rsquo;ll see why.) Hal has appeared on dozens of radio and TV shows, and he&amp;rsquo;s been featured in numerous books, including The Education of Millionaires, Cutting Edge Sales, Living College Life in the Front Row, The Author&amp;rsquo;s Guide To Building An Online Platform, The 800-Pound Gorilla of Sales and the bestselling Chicken Soup for the Soul series. To contact Hal about media appearances, speaking at your event, or if you just want to receive free training videos and resources, visit www.YoPalHal.com. To connect with Hal on Twitter, follow @HalElrod, and on Facebook at www.Facebook.com/YoPalHal.&lt;/p&gt;\r\n',''),(113,1,'Paper Towns by John Green','','','&lt;strong&gt;Winner of the Edgar Award&lt;br /&gt;\r\nThe #1 New York Times Bestseller&lt;br /&gt;\r\nPublishers Weekly and USA Today Bestseller&lt;/strong&gt;&lt;br /&gt;\r\n&lt;br /&gt;\r\n&lt;em&gt;Millions of Copies Sold&lt;/em&gt;&lt;br /&gt;\r\n&lt;br /&gt;\r\nQuentin Jacobsen has spent a lifetime loving the magnificent Margo Roth Spiegelman from afar. So when she cracks open a window and climbs back into his life&amp;mdash;summoning him for an ingenious campaign of revenge&amp;mdash;he follows. When their all-nighter ends and a new day breaks, Margo has disappeared. But Q soon learns that there are clues&amp;mdash;and they&amp;rsquo;re for him. Embarking on an exhilarating adventure to find her, the closer Q gets, the less he sees the girl he thought he knew.&lt;br /&gt;\r\n&lt;br /&gt;\r\nOctober 2008&lt;br /&gt;\r\n352 pages&lt;br /&gt;\r\nISBN 9781101010938&lt;br /&gt;\r\nTitle: Paper Towns&lt;br /&gt;\r\nAuthor: John Green',''),(114,1,'Allegiant by Veronica Roth','','','Now includes an excerpt from the upcoming Four: A Divergent Collection.&lt;br /&gt;\r\n&lt;br /&gt;\r\nWhat if your whole world was a lie? What if a single revelation&amp;mdash;like a single choice&amp;mdash;changed everything? What if love and loyalty made you do things you never expected?&lt;br /&gt;\r\nThe explosive conclusion to Veronica Roth&amp;#39;s #1 New York Times bestselling Divergent trilogy reveals the secrets of the dystopian world that has captivated millions of readers in &lt;em&gt;Divergent&lt;/em&gt; and &lt;em&gt;Insurgent&lt;/em&gt;.&lt;br /&gt;\r\n&lt;br /&gt;\r\nOctober 2013&lt;br /&gt;\r\n544 pages&lt;br /&gt;\r\nISBN 9780062209276&lt;br /&gt;\r\nTitle: Allegiant&lt;br /&gt;\r\nAuthor: Veronica Roth',''),(115,1,'Fiorella Purple Peep Toes','','','Add more charm to your casual footwear collection with these purple peep toes from the house of Fiorella. Featuring a non-leather upper and lining, these slip-ons ate high on durability and style. While the wedge heels add extra inches to your silhouette, the resin sole ensures optimal traction for your feet. Team these peep toes with your casual outfits to complete your look for the day.&lt;br /&gt;\r\n&lt;br /&gt;\r\nSole Material&amp;nbsp; &lt;strong&gt;Resin Sheet&lt;/strong&gt;&lt;br /&gt;\r\nInner Lining&amp;nbsp;&amp;nbsp; &amp;nbsp;&lt;strong&gt;SYNTHETIC&lt;/strong&gt;&lt;br /&gt;\r\nClosing&amp;nbsp;&amp;nbsp; &amp;nbsp;&lt;strong&gt;&amp;nbsp;&amp;nbsp;&amp;nbsp; &amp;nbsp; &amp;nbsp; Slip On&lt;/strong&gt;&lt;br /&gt;\r\nHeel shape&amp;nbsp;&amp;nbsp;&amp;nbsp;&amp;nbsp; &lt;strong&gt;Wedge&lt;/strong&gt;&lt;br /&gt;\r\nHeel height&amp;nbsp;&amp;nbsp; &amp;nbsp;&lt;strong&gt; Medium: 2.5-3.5 Inch&lt;/strong&gt;\r\n&lt;hr /&gt;&amp;nbsp;\r\n&lt;table style=&quot;margin: 0px; padding: 0px; width: 385px; color: rgb(34, 34, 34); font-family: Arial; font-size: 13px; font-style: normal; font-variant: normal; font-weight: normal; letter-spacing: normal; line-height: 18px; orphans: auto; text-align: start; text-indent: 0px; text-transform: none; white-space: normal; widows: 1; word-spacing: 0px; -webkit-text-stroke-width: 0px; background-color: rgb(255, 255, 255);&quot;&gt;\r\n	&lt;tbody style=&quot;margin: 0px; padding: 0px;&quot;&gt;\r\n		&lt;tr style=&quot;margin: 0px; padding: 0px;&quot;&gt;\r\n			&lt;th style=&quot;margin: 0px; padding: 7px; text-align: center; white-space: nowrap;&quot;&gt;Euro Size&lt;/th&gt;\r\n			&lt;th style=&quot;margin: 0px; padding: 7px; text-align: center; white-space: nowrap;&quot;&gt;UK Size&lt;/th&gt;\r\n			&lt;th style=&quot;margin: 0px; padding: 7px; text-align: center; white-space: nowrap;&quot;&gt;Foot Size (In Cm)&lt;/th&gt;\r\n		&lt;/tr&gt;\r\n		&lt;tr class=&quot;even&quot; style=&quot;margin: 0px; padding: 0px;&quot;&gt;\r\n			&lt;td class=&quot;f-bold&quot; style=&quot;margin: 0px; padding: 7px; font-weight: bold; text-align: center; white-space: nowrap; background: rgb(238, 238, 238);&quot;&gt;36&lt;/td&gt;\r\n			&lt;td style=&quot;margin: 0px; padding: 7px; text-align: center; white-space: nowrap; background: rgb(238, 238, 238);&quot;&gt;3&lt;/td&gt;\r\n			&lt;td style=&quot;margin: 0px; padding: 7px; text-align: center; white-space: nowrap; background: rgb(238, 238, 238);&quot;&gt;22.8-23.2&lt;/td&gt;\r\n		&lt;/tr&gt;\r\n		&lt;tr style=&quot;margin: 0px; padding: 0px;&quot;&gt;\r\n			&lt;td class=&quot;f-bold&quot; style=&quot;margin: 0px; padding: 7px; font-weight: bold; text-align: center; white-space: nowrap;&quot;&gt;37&lt;/td&gt;\r\n			&lt;td style=&quot;margin: 0px; padding: 7px; text-align: center; white-space: nowrap;&quot;&gt;4&lt;/td&gt;\r\n			&lt;td style=&quot;margin: 0px; padding: 7px; text-align: center; white-space: nowrap;&quot;&gt;23.4-23.7&lt;/td&gt;\r\n		&lt;/tr&gt;\r\n		&lt;tr class=&quot;even&quot; style=&quot;margin: 0px; padding: 0px;&quot;&gt;\r\n			&lt;td class=&quot;f-bold&quot; style=&quot;margin: 0px; padding: 7px; font-weight: bold; text-align: center; white-space: nowrap; background: rgb(238, 238, 238);&quot;&gt;38&lt;/td&gt;\r\n			&lt;td style=&quot;margin: 0px; padding: 7px; text-align: center; white-space: nowrap; background: rgb(238, 238, 238);&quot;&gt;5&lt;/td&gt;\r\n			&lt;td style=&quot;margin: 0px; padding: 7px; text-align: center; white-space: nowrap; background: rgb(238, 238, 238);&quot;&gt;24.0-24.6&lt;/td&gt;\r\n		&lt;/tr&gt;\r\n		&lt;tr style=&quot;margin: 0px; padding: 0px;&quot;&gt;\r\n			&lt;td class=&quot;f-bold&quot; style=&quot;margin: 0px; padding: 7px; font-weight: bold; text-align: center; white-space: nowrap;&quot;&gt;39&lt;/td&gt;\r\n			&lt;td style=&quot;margin: 0px; padding: 7px; text-align: center; white-space: nowrap;&quot;&gt;6&lt;/td&gt;\r\n			&lt;td style=&quot;margin: 0px; padding: 7px; text-align: center; white-space: nowrap;&quot;&gt;24.8-25.2&lt;/td&gt;\r\n		&lt;/tr&gt;\r\n		&lt;tr class=&quot;even&quot; style=&quot;margin: 0px; padding: 0px;&quot;&gt;\r\n			&lt;td class=&quot;f-bold&quot; style=&quot;margin: 0px; padding: 7px; font-weight: bold; text-align: center; white-space: nowrap; background: rgb(238, 238, 238);&quot;&gt;40&lt;/td&gt;\r\n			&lt;td style=&quot;margin: 0px; padding: 7px; text-align: center; white-space: nowrap; background: rgb(238, 238, 238);&quot;&gt;6.5&lt;/td&gt;\r\n			&lt;td style=&quot;margin: 0px; padding: 7px; text-align: center; white-space: nowrap; background: rgb(238, 238, 238);&quot;&gt;25.4-25.7&lt;/td&gt;\r\n		&lt;/tr&gt;\r\n		&lt;tr style=&quot;margin: 0px; padding: 0px;&quot;&gt;\r\n			&lt;td class=&quot;f-bold&quot; style=&quot;margin: 0px; padding: 7px; font-weight: bold; text-align: center; white-space: nowrap;&quot;&gt;41&lt;/td&gt;\r\n			&lt;td style=&quot;margin: 0px; padding: 7px; text-align: center; white-space: nowrap;&quot;&gt;7&lt;/td&gt;\r\n			&lt;td style=&quot;margin: 0px; padding: 7px; text-align: center; white-space: nowrap;&quot;&gt;26.0-26.4&lt;/td&gt;\r\n		&lt;/tr&gt;\r\n	&lt;/tbody&gt;\r\n&lt;/table&gt;\r\n',''),(116,1,'New Ladies High Wedge Heel Toe Thong Diamante Flip Flop Sandals','','','&lt;p&gt;The annual Summer trend for wedges is back with these classic flip flop wedge heels. The sandals have a toe thong design, diamante detailing to the front and look fab worn with a maxi dress for a classic Summer look. Available in a choice of five different colours.&lt;/p&gt;\r\n\r\n&lt;ul&gt;\r\n	&lt;li&gt;Available in 5 different colours&lt;/li&gt;\r\n	&lt;li&gt;Diamante detailing to the front&lt;/li&gt;\r\n	&lt;li&gt;Outer Material: &lt;em&gt;Synthetic&lt;/em&gt;&lt;/li&gt;\r\n	&lt;li&gt;Inner Material: &lt;em&gt;Manmade&lt;/em&gt;&lt;/li&gt;\r\n	&lt;li&gt;Heel Height: &lt;em&gt;9.5 centimetres&lt;/em&gt;&lt;/li&gt;\r\n	&lt;li&gt;Heel Type: Wedge&lt;/li&gt;\r\n	&lt;li&gt;Sandals have a toe thong design&lt;/li&gt;\r\n	&lt;li&gt;Classic flip flop wedge heels&lt;/li&gt;\r\n	&lt;li&gt;&lt;strong&gt;Perfect for the Summer!&lt;/strong&gt;&lt;/li&gt;\r\n&lt;/ul&gt;\r\n\r\n&lt;p&gt;&amp;nbsp;&lt;/p&gt;\r\n',''),(117,1,'Ruby Shoo Womens Jada T-Bar','','','&lt;p&gt;Ruby Shoo is made up of a small team based in north London, England, with a passion for creating unique shoes and accessories that generate smiles whenever they are worn. We simply love it when we are asked the question: &amp;quot;Where did you get your shoes?&amp;quot;&lt;/p&gt;\r\n\r\n&lt;ul&gt;\r\n	&lt;li style=&quot;list-style-type: square; margin-left: 20px;&quot;&gt;Occasion footwear&lt;/li&gt;\r\n	&lt;li style=&quot;list-style-type: square; margin-left: 20px;&quot;&gt;Flower detail&lt;/li&gt;\r\n	&lt;li style=&quot;list-style-type: square; margin-left: 20px;&quot;&gt;Outer Material: Synthetic&lt;/li&gt;\r\n	&lt;li style=&quot;list-style-type: square; margin-left: 20px;&quot;&gt;Inner Material: Manmade&lt;/li&gt;\r\n	&lt;li style=&quot;list-style-type: square; margin-left: 20px;&quot;&gt;Sole: Manmade&lt;/li&gt;\r\n	&lt;li style=&quot;list-style-type: square; margin-left: 20px;&quot;&gt;Closure: Buckle&lt;/li&gt;\r\n	&lt;li style=&quot;list-style-type: square; margin-left: 20px;&quot;&gt;Heel Height: 9 centimetres&lt;/li&gt;\r\n	&lt;li style=&quot;list-style-type: square; margin-left: 20px;&quot;&gt;Heel Type: Stiletto&lt;/li&gt;\r\n&lt;/ul&gt;\r\n',''),(118,1,'Womens high heel point toe stiletto sandals ankle strap court shoes','','','&lt;p&gt;Fashion Thirsty&amp;reg; branded products are only available exclusively through Fashion Thirsty&lt;/p&gt;\r\n&lt;ul&gt;\r\n	&lt;li&gt;Brand New In Box&lt;/li&gt;\r\n	&lt;li&gt;Available In A Range Of Colours And Fabrics&lt;/li&gt;\r\n	&lt;li&gt;Outer Material: Synthetic&lt;/li&gt;\r\n	&lt;li&gt;Inner Material: Manmade&lt;/li&gt;\r\n	&lt;li&gt;Sole: manmade&lt;/li&gt;\r\n	&lt;li&gt;Closure: Buckle&lt;/li&gt;\r\n	&lt;li&gt;Heel Height: 4.3&lt;/li&gt;\r\n	&lt;li&gt;Heel Type: Stiletto&lt;/li&gt;\r\n	&lt;li&gt;Approx Heel Height: 4.3 Inches / 10.8 cm&lt;/li&gt;\r\n	&lt;li&gt;Approx Platform Height: 0.1 inches / 0.3 cm&lt;/li&gt;\r\n	&lt;li&gt;Ankle Strap With Buckle Fastening&lt;/li&gt;\r\n&lt;/ul&gt;\r\n\r\n',''),(119,1,'Fruit of the Loom T-Shirts 5 Pack - Super Premium','','','5x Fruit of the Loom T-Shirt Super Premium T&lt;br /&gt;\r\n10 Colors - Sizes: S, M, L, XL, XXL oder XXXL\r\n&lt;hr /&gt;The purchase of this 5-packs, you have the following choice:&lt;br /&gt;\r\n&amp;bull; 5 of the same color t-shirts (available in 18 colors)&lt;br /&gt;\r\n&amp;bull; 5 different colored T-shirts (given in 8 color sets available)&lt;br /&gt;\r\nYou have the freedom to choose from the adult sizes S, M, L, XL, XXL or XXXL.',''),(120,1,'Jersey Cotton Striped Polo Shirt','','t-shirs, men','&lt;p&gt;Classically designed Charles Wilson polo shirts now available.&lt;br /&gt;\r\nThis premium polo collection is a result of many years experience in designing and manufacturing polo shirts.&lt;br /&gt;\r\nPart of our Jersey Stripe polo range this colourful jersey cotton polo shirt is a must have piece for any casual wardrobe.&lt;br /&gt;\r\nDesigned in the UK&lt;br /&gt;\r\n100% Cotton&lt;br /&gt;\r\nJersey Stripe Polo&lt;br /&gt;\r\nMulti-Stripe Design&lt;br /&gt;\r\nThree Button Design&lt;br /&gt;\r\nMachine Washable at 40 Degrees&lt;/p&gt;\r\n',''),(121,1,'Designer Men Casual Formal Double Cuffs Grandad Band Collar Shirt Elegant Tie','','','Superb style double cuffs shirt. Made using highest quality cotton. Grandad collar. Slim Fit. Highest quality - made in Turkey. Great as casual or formal shirt.',''),(122,1,'Product with options and stock locations','','','Designed by slim fit style FOR men and women in highest qualities and workmanship to bring buyers A different outlook on life of fashion Casual Basic Slim Fit Polo Shirts\r\n&lt;ul&gt;\r\n	&lt;li&gt;100% COTTON&lt;/li&gt;\r\n	&lt;li&gt;If you buy these Polo shits, You&amp;#39;ll never regret about purchase. Because it is so nice designed shirts for your daily look.&lt;/li&gt;\r\n	&lt;li&gt;Soft Elastic Decent slim fit &amp;amp; Button placket &amp;amp; sleeve ribbing with contrast trim.&lt;/li&gt;\r\n	&lt;li&gt;Machine Wash / Hand Wash Recommended&lt;/li&gt;\r\n&lt;/ul&gt;\r\n',''),(123,1,'Casual 3/4 Sleeve Baseball T-Shirt','t-shirt','Rich Cotton Raglan T-Shirts','This classic raglan t-shirt is perfect for all occasions. Whether you are working out or hanging out, this shirt is a win for the versatility. Perfect to join your friends to watch and cheer for your favorite team in all sports: basketball, football, football, hockey or baseball.&lt;br /&gt;&lt;br /&gt;&lt;!--n--&gt;&lt;!--n--&gt;The raglan t-shirts are great options for men and women looking for a stylish look in their casual looks. For mild days bet on the 3/4 sleeve model in contrasting color. &lt;br /&gt;Made in 100% cotton fabric, features slim fit and round neckline.','');
/*!40000 ALTER TABLE `abc_product_descriptions` ENABLE KEYS */;
UNLOCK TABLES;

--
-- Table structure for table `abc_product_discounts`
--

DROP TABLE IF EXISTS `abc_product_discounts`;
/*!40101 SET @saved_cs_client     = @@character_set_client */;
/*!40101 SET character_set_client = utf8 */;
CREATE TABLE `abc_product_discounts` (
  `product_discount_id` int(11) NOT NULL AUTO_INCREMENT,
  `product_id` int(11) NOT NULL,
  `customer_group_id` int(11) NOT NULL,
  `quantity` int(4) NOT NULL DEFAULT '0',
  `priority` int(5) NOT NULL DEFAULT '1',
  `price` decimal(15,4) NOT NULL DEFAULT '0.0000',
  `date_start` date NOT NULL DEFAULT '0000-00-00',
  `date_end` date NOT NULL DEFAULT '0000-00-00',
  `date_added` timestamp NOT NULL DEFAULT '0000-00-00 00:00:00',
  `date_modified` timestamp NOT NULL DEFAULT CURRENT_TIMESTAMP ON UPDATE CURRENT_TIMESTAMP,
  PRIMARY KEY (`product_discount_id`),
  KEY `ac_product_discounts_idx` (`product_id`,`customer_group_id`)
) ENGINE=MyISAM AUTO_INCREMENT=4 DEFAULT CHARSET=utf8;
/*!40101 SET character_set_client = @saved_cs_client */;

--
-- Dumping data for table `abc_product_discounts`
--

LOCK TABLES `abc_product_discounts` WRITE;
/*!40000 ALTER TABLE `abc_product_discounts` DISABLE KEYS */;
INSERT INTO `abc_product_discounts` VALUES (1,81,1,2,0,59.0000,'0000-00-00','0000-00-00','0000-00-00 00:00:00','2015-06-22 12:40:54'),(2,81,1,3,0,56.0000,'0000-00-00','0000-00-00','0000-00-00 00:00:00','2015-06-22 12:41:09'),(3,81,1,4,0,50.0000,'0000-00-00','0000-00-00','0000-00-00 00:00:00','2015-06-22 12:41:25');
/*!40000 ALTER TABLE `abc_product_discounts` ENABLE KEYS */;
UNLOCK TABLES;

--
-- Table structure for table `abc_product_filter_descriptions`
--

DROP TABLE IF EXISTS `abc_product_filter_descriptions`;
/*!40101 SET @saved_cs_client     = @@character_set_client */;
/*!40101 SET character_set_client = utf8 */;
CREATE TABLE `abc_product_filter_descriptions` (
  `filter_id` int(11) NOT NULL,
  `value` varchar(255) NOT NULL DEFAULT '' COMMENT 'translatable',
  `language_id` int(11) NOT NULL,
  PRIMARY KEY (`filter_id`,`language_id`)
) ENGINE=MyISAM DEFAULT CHARSET=utf8;
/*!40101 SET character_set_client = @saved_cs_client */;

--
-- Dumping data for table `abc_product_filter_descriptions`
--

LOCK TABLES `abc_product_filter_descriptions` WRITE;
/*!40000 ALTER TABLE `abc_product_filter_descriptions` DISABLE KEYS */;
/*!40000 ALTER TABLE `abc_product_filter_descriptions` ENABLE KEYS */;
UNLOCK TABLES;

--
-- Table structure for table `abc_product_filter_ranges`
--

DROP TABLE IF EXISTS `abc_product_filter_ranges`;
/*!40101 SET @saved_cs_client     = @@character_set_client */;
/*!40101 SET character_set_client = utf8 */;
CREATE TABLE `abc_product_filter_ranges` (
  `range_id` int(11) NOT NULL AUTO_INCREMENT,
  `feature_id` int(11) DEFAULT NULL,
  `filter_id` int(11) NOT NULL,
  `from` decimal(12,2) NOT NULL DEFAULT '0.00',
  `to` decimal(12,2) NOT NULL DEFAULT '0.00',
  `sort_order` int(3) NOT NULL DEFAULT '0',
  PRIMARY KEY (`range_id`),
  KEY `from` (`from`,`to`),
  KEY `filter_id` (`filter_id`),
  KEY `feature_id` (`feature_id`)
) ENGINE=MyISAM DEFAULT CHARSET=utf8;
/*!40101 SET character_set_client = @saved_cs_client */;

--
-- Dumping data for table `abc_product_filter_ranges`
--

LOCK TABLES `abc_product_filter_ranges` WRITE;
/*!40000 ALTER TABLE `abc_product_filter_ranges` DISABLE KEYS */;
/*!40000 ALTER TABLE `abc_product_filter_ranges` ENABLE KEYS */;
UNLOCK TABLES;

--
-- Table structure for table `abc_product_filter_ranges_descriptions`
--

DROP TABLE IF EXISTS `abc_product_filter_ranges_descriptions`;
/*!40101 SET @saved_cs_client     = @@character_set_client */;
/*!40101 SET character_set_client = utf8 */;
CREATE TABLE `abc_product_filter_ranges_descriptions` (
  `range_id` int(11) NOT NULL,
  `name` varchar(255) NOT NULL DEFAULT '' COMMENT 'translatable',
  `language_id` int(11) NOT NULL,
  PRIMARY KEY (`range_id`,`language_id`)
) ENGINE=MyISAM DEFAULT CHARSET=utf8;
/*!40101 SET character_set_client = @saved_cs_client */;

--
-- Dumping data for table `abc_product_filter_ranges_descriptions`
--

LOCK TABLES `abc_product_filter_ranges_descriptions` WRITE;
/*!40000 ALTER TABLE `abc_product_filter_ranges_descriptions` DISABLE KEYS */;
/*!40000 ALTER TABLE `abc_product_filter_ranges_descriptions` ENABLE KEYS */;
UNLOCK TABLES;

--
-- Table structure for table `abc_product_filters`
--

DROP TABLE IF EXISTS `abc_product_filters`;
/*!40101 SET @saved_cs_client     = @@character_set_client */;
/*!40101 SET character_set_client = utf8 */;
CREATE TABLE `abc_product_filters` (
  `filter_id` int(11) NOT NULL AUTO_INCREMENT,
  `filter_type` char(1) NOT NULL DEFAULT '',
  `categories_hash` text NOT NULL,
  `feature_id` int(11) DEFAULT NULL,
  `sort_order` int(3) NOT NULL DEFAULT '0',
  `status` smallint(1) NOT NULL DEFAULT '0',
  PRIMARY KEY (`filter_id`),
  KEY `feature_id` (`feature_id`)
) ENGINE=MyISAM DEFAULT CHARSET=utf8;
/*!40101 SET character_set_client = @saved_cs_client */;

--
-- Dumping data for table `abc_product_filters`
--

LOCK TABLES `abc_product_filters` WRITE;
/*!40000 ALTER TABLE `abc_product_filters` DISABLE KEYS */;
/*!40000 ALTER TABLE `abc_product_filters` ENABLE KEYS */;
UNLOCK TABLES;

--
-- Table structure for table `abc_product_option_descriptions`
--

DROP TABLE IF EXISTS `abc_product_option_descriptions`;
/*!40101 SET @saved_cs_client     = @@character_set_client */;
/*!40101 SET character_set_client = utf8 */;
CREATE TABLE `abc_product_option_descriptions` (
  `product_option_id` int(11) NOT NULL,
  `language_id` int(11) NOT NULL,
  `product_id` int(11) NOT NULL,
  `name` varchar(255) NOT NULL COMMENT 'translatable',
  `option_placeholder` varchar(255) DEFAULT '' COMMENT 'translatable',
  `error_text` varchar(255) NOT NULL COMMENT 'translatable',
  PRIMARY KEY (`product_option_id`,`language_id`),
  KEY `ac_product_option_descriptions_idx` (`product_id`)
) ENGINE=MyISAM DEFAULT CHARSET=utf8;
/*!40101 SET character_set_client = @saved_cs_client */;

--
-- Dumping data for table `abc_product_option_descriptions`
--

LOCK TABLES `abc_product_option_descriptions` WRITE;
/*!40000 ALTER TABLE `abc_product_option_descriptions` DISABLE KEYS */;
INSERT INTO `abc_product_option_descriptions` VALUES (318,1,53,'Color','',''),(315,1,54,'Shade','',''),(319,1,56,'Color','',''),(304,1,57,'Color','',''),(305,1,59,'Color','',''),(306,1,55,'Color','',''),(307,1,60,'Color','',''),(308,1,61,'Color','',''),(316,1,63,'Fragrance Size','',''),(314,1,64,'Fragrance Size','',''),(317,1,69,'Size','',''),(320,1,78,'Fragrance Size','',''),(321,1,80,'Fragrance Size','',''),(322,1,84,'Size','',''),(323,1,85,'Fragrance Size','',''),(324,1,89,'Fragrance Size','',''),(326,1,90,'Fragrance Size','',''),(327,1,99,'Color','',''),(328,1,100,'Color','',''),(329,1,101,'Size','',''),(330,1,102,'Size','',''),(331,1,104,'Size','',''),(332,1,104,'Gift Wrapping','',''),(335,1,105,'Fragrance Type','',''),(336,1,105,'Gift Wrapping','',''),(337,1,105,'Size','',''),(338,1,106,'Choose Scent','',''),(339,1,106,'Gift Wrapping','',''),(340,1,109,'Gift Wrapping','',''),(341,1,110,'Size','',''),(342,1,115,'Select Size (EURO)','',''),(344,1,116,'UK size','',''),(345,1,116,'Colour','',''),(346,1,117,'Color&amp;Size','',''),(347,1,118,'Colour','',''),(348,1,119,'Size','',''),(349,1,120,'Size','',''),(350,1,121,'Colour','',''),(351,1,121,'Size','',''),(352,1,122,'Size EU','',''),(353,1,123,'Color&amp;Size','','');
/*!40000 ALTER TABLE `abc_product_option_descriptions` ENABLE KEYS */;
UNLOCK TABLES;

--
-- Table structure for table `abc_product_option_value_descriptions`
--

DROP TABLE IF EXISTS `abc_product_option_value_descriptions`;
/*!40101 SET @saved_cs_client     = @@character_set_client */;
/*!40101 SET character_set_client = utf8 */;
CREATE TABLE `abc_product_option_value_descriptions` (
  `product_option_value_id` int(11) NOT NULL,
  `language_id` int(11) NOT NULL,
  `product_id` int(11) NOT NULL,
  `name` text COMMENT 'translatable',
  `grouped_attribute_names` text,
  PRIMARY KEY (`product_option_value_id`,`language_id`),
  KEY `ac_product_option_value_descriptions_idx` (`product_id`)
) ENGINE=MyISAM DEFAULT CHARSET=utf8;
/*!40101 SET character_set_client = @saved_cs_client */;

--
-- Dumping data for table `abc_product_option_value_descriptions`
--

LOCK TABLES `abc_product_option_value_descriptions` WRITE;
/*!40000 ALTER TABLE `abc_product_option_value_descriptions` DISABLE KEYS */;
INSERT INTO `abc_product_option_value_descriptions` VALUES (653,1,53,'Natural Ambre',NULL),(652,1,53,'Natural Golden',NULL),(646,1,54,'Brown',''),(645,1,54,'Black',''),(658,1,56,'Suede',NULL),(657,1,56,'Light Bisque',NULL),(656,1,56,'Ivore',NULL),(655,1,56,'Dore',NULL),(654,1,56,'Bronze',NULL),(612,1,57,'Pink Pool',NULL),(613,1,57,'Mandarin Sky',NULL),(614,1,57,'Brilliant Berry',NULL),(615,1,59,'Viva Glam IV',NULL),(616,1,59,'Viva Glam II',NULL),(617,1,59,'Viva Glam VI',NULL),(618,1,55,'La Base',NULL),(619,1,55,'Lacewood',NULL),(620,1,55,'Smoky Rouge',NULL),(621,1,55,'Tulipwood',NULL),(622,1,60,'Shirelle',NULL),(623,1,60,'Vintage Vamp',NULL),(624,1,60,'Nocturnelle',NULL),(625,1,61,'Golden Frenzy',NULL),(626,1,61,'Gris Fatale',NULL),(627,1,61,'Jade Fever',NULL),(649,1,63,'1.7 oz',NULL),(648,1,63,'2.5 oz',NULL),(647,1,63,'3.4 oz',NULL),(644,1,64,'3.4 oz',NULL),(643,1,64,'1.7 oz',NULL),(642,1,64,'1.0 oz',NULL),(651,1,69,'33.8 oz',NULL),(650,1,69,'8 oz',NULL),(662,1,78,'50ml',NULL),(661,1,78,'150ml',NULL),(660,1,78,'100ml',NULL),(659,1,56,'Light Buff',NULL),(663,1,80,'1.7 oz',NULL),(664,1,80,'3.4 oz',NULL),(665,1,80,'6.7 oz',NULL),(666,1,84,'30 ml',NULL),(667,1,84,'50 ml',NULL),(668,1,84,'75 ml',NULL),(669,1,85,'1 oz',NULL),(670,1,85,'1.7 oz',NULL),(671,1,85,'3.4 oz',NULL),(672,1,89,'0.04 oz',NULL),(673,1,89,'6.7 oz',NULL),(674,1,89,'1.7 oz',NULL),(676,1,90,'1.7 oz EDP Spray',NULL),(677,1,90,'3.4 oz EDP Spray',NULL),(678,1,99,'rose beige',NULL),(679,1,99,'cranberry',NULL),(680,1,99,'cassis',NULL),(681,1,100,'beige',NULL),(682,1,100,'red beige',NULL),(683,1,100,'brique',NULL),(684,1,100,'brown',NULL),(685,1,100,'mauve',NULL),(686,1,100,'red',NULL),(687,1,101,'8.45 oz',NULL),(688,1,101,'15.2 oz',NULL),(689,1,101,'33.8 oz',NULL),(690,1,102,'30ml',NULL),(691,1,102,'50ml',NULL),(692,1,102,'75ml',NULL),(714,1,104,'1 oz',NULL),(713,1,104,'1.7 oz',NULL),(722,1,105,'Eau de Cologne',NULL),(721,1,105,'Eau de Toilette',NULL),(720,1,105,'Eau de Parfum',NULL),(719,1,105,'yes',NULL),(723,1,105,'1 oz',NULL),(724,1,105,'1.7 oz',NULL),(733,1,106,'Crystalline',NULL),(732,1,106,'Amethyst',NULL),(731,1,106,'Coral',NULL),(735,1,106,'yes',NULL),(737,1,109,'yes',NULL),(738,1,110,'30ml',NULL),(739,1,110,'50ml',NULL),(740,1,110,'75ml',NULL),(741,1,115,'36',''),(742,1,115,'37',''),(743,1,115,'38',''),(744,1,115,'39',''),(745,1,115,'40',''),(746,1,115,'41 -',''),(747,1,116,'3 UK ',''),(748,1,116,'4 UK ',''),(749,1,116,'5 UK ',''),(750,1,116,'6 UK ',''),(751,1,116,'7 UK ',''),(752,1,116,'white',''),(753,1,116,'red',''),(754,1,116,'black',''),(755,1,117,'UK 3 / White','a:3:{i:0;a:2:{s:9:\"attr_v_id\";s:2:\"79\";s:4:\"name\";s:4:\"UK 3\";}i:1;a:2:{s:9:\"attr_v_id\";s:2:\"89\";s:4:\"name\";s:5:\"White\";}i:2;a:2:{i:0;s:4:\"UK 3\";i:1;s:5:\"White\";}}'),(756,1,117,'UK 3.5 / White','a:3:{i:0;a:2:{s:9:\"attr_v_id\";s:2:\"80\";s:4:\"name\";s:6:\"UK 3.5\";}i:1;a:2:{s:9:\"attr_v_id\";s:2:\"89\";s:4:\"name\";s:5:\"White\";}i:2;a:2:{i:0;s:6:\"UK 3.5\";i:1;s:5:\"White\";}}'),(757,1,117,'UK 4 / White','a:3:{i:0;a:2:{s:9:\"attr_v_id\";s:2:\"81\";s:4:\"name\";s:4:\"UK 4\";}i:1;a:2:{s:9:\"attr_v_id\";s:2:\"89\";s:4:\"name\";s:5:\"White\";}i:2;a:2:{i:0;s:4:\"UK 4\";i:1;s:5:\"White\";}}'),(758,1,117,'UK 6 / White','a:3:{i:0;a:2:{s:9:\"attr_v_id\";s:2:\"85\";s:4:\"name\";s:4:\"UK 6\";}i:1;a:2:{s:9:\"attr_v_id\";s:2:\"89\";s:4:\"name\";s:5:\"White\";}i:2;a:2:{i:0;s:4:\"UK 6\";i:1;s:5:\"White\";}}'),(759,1,117,'UK 3 / Red','a:3:{i:0;a:2:{s:9:\"attr_v_id\";s:2:\"79\";s:4:\"name\";s:4:\"UK 3\";}i:1;a:2:{s:9:\"attr_v_id\";s:2:\"88\";s:4:\"name\";s:3:\"Red\";}i:2;a:2:{i:0;s:4:\"UK 3\";i:1;s:3:\"Red\";}}'),(760,1,117,'UK 5 / Red','a:3:{i:0;a:2:{s:9:\"attr_v_id\";s:2:\"83\";s:4:\"name\";s:4:\"UK 5\";}i:1;a:2:{s:9:\"attr_v_id\";s:2:\"88\";s:4:\"name\";s:3:\"Red\";}i:2;a:2:{i:0;s:4:\"UK 5\";i:1;s:3:\"Red\";}}'),(761,1,117,'UK 7 / Red','a:3:{i:0;a:2:{s:9:\"attr_v_id\";s:2:\"86\";s:4:\"name\";s:4:\"UK 7\";}i:1;a:2:{s:9:\"attr_v_id\";s:2:\"88\";s:4:\"name\";s:3:\"Red\";}i:2;a:2:{i:0;s:4:\"UK 7\";i:1;s:3:\"Red\";}}'),(762,1,117,'UK 5.5 / Blue','a:3:{i:0;a:2:{s:9:\"attr_v_id\";s:2:\"84\";s:4:\"name\";s:6:\"UK 5.5\";}i:1;a:2:{s:9:\"attr_v_id\";s:2:\"91\";s:4:\"name\";s:4:\"Blue\";}i:2;a:2:{i:0;s:6:\"UK 5.5\";i:1;s:4:\"Blue\";}}'),(763,1,118,'black',''),(764,1,118,'red',''),(765,1,118,'green',''),(766,1,118,'blue',''),(767,1,118,'white',''),(768,1,119,'Small',''),(769,1,119,'Medium',''),(770,1,119,'Large',''),(771,1,119,'X-Large',''),(772,1,120,'Small',''),(773,1,120,'Large',''),(774,1,121,'Light Blue',''),(775,1,121,'White',''),(776,1,121,'Small',''),(777,1,121,'Medium',''),(778,1,122,'EU XS (Asia M)',''),(779,1,122,'EU S (Asia L)',''),(780,1,122,'EU 2XL (Asia 5XL)',''),(781,1,123,'XXL / Red','a:3:{i:0;a:2:{s:9:\"attr_v_id\";s:2:\"93\";s:4:\"name\";s:3:\"XXL\";}i:1;a:2:{s:9:\"attr_v_id\";s:2:\"88\";s:4:\"name\";s:3:\"Red\";}i:2;a:2:{i:0;s:3:\"XXL\";i:1;s:3:\"Red\";}}'),(782,1,123,'XL / Red','a:3:{i:0;a:2:{s:9:\"attr_v_id\";s:2:\"94\";s:4:\"name\";s:2:\"XL\";}i:1;a:2:{s:9:\"attr_v_id\";s:2:\"88\";s:4:\"name\";s:3:\"Red\";}i:2;a:2:{i:0;s:2:\"XL\";i:1;s:3:\"Red\";}}'),(783,1,123,'S / Red','a:3:{i:0;a:2:{s:9:\"attr_v_id\";s:2:\"95\";s:4:\"name\";s:1:\"S\";}i:1;a:2:{s:9:\"attr_v_id\";s:2:\"88\";s:4:\"name\";s:3:\"Red\";}i:2;a:2:{i:0;s:1:\"S\";i:1;s:3:\"Red\";}}'),(784,1,123,'XXL / Blue','a:3:{i:0;a:2:{s:9:\"attr_v_id\";s:2:\"93\";s:4:\"name\";s:3:\"XXL\";}i:1;a:2:{s:9:\"attr_v_id\";s:2:\"91\";s:4:\"name\";s:4:\"Blue\";}i:2;a:2:{i:0;s:3:\"XXL\";i:1;s:4:\"Blue\";}}'),(785,1,123,'L / Blue','a:3:{i:0;a:2:{s:9:\"attr_v_id\";s:2:\"96\";s:4:\"name\";s:1:\"L\";}i:1;a:2:{s:9:\"attr_v_id\";s:2:\"91\";s:4:\"name\";s:4:\"Blue\";}i:2;a:2:{i:0;s:1:\"L\";i:1;s:4:\"Blue\";}}'),(786,1,123,'XXL / Yellow','a:2:{i:0;a:2:{s:9:\"attr_v_id\";s:2:\"93\";s:4:\"name\";s:3:\"XXL\";}i:1;a:2:{s:9:\"attr_v_id\";s:2:\"98\";s:4:\"name\";s:6:\"Yellow\";}}'),(787,1,123,'L / Yellow','a:2:{i:0;a:2:{s:9:\"attr_v_id\";s:2:\"96\";s:4:\"name\";s:1:\"L\";}i:1;a:2:{s:9:\"attr_v_id\";s:2:\"98\";s:4:\"name\";s:6:\"Yellow\";}}');
/*!40000 ALTER TABLE `abc_product_option_value_descriptions` ENABLE KEYS */;
UNLOCK TABLES;

--
-- Table structure for table `abc_product_option_values`
--

DROP TABLE IF EXISTS `abc_product_option_values`;
/*!40101 SET @saved_cs_client     = @@character_set_client */;
/*!40101 SET character_set_client = utf8 */;
CREATE TABLE `abc_product_option_values` (
  `product_option_value_id` int(11) NOT NULL AUTO_INCREMENT,
  `product_option_id` int(11) NOT NULL,
  `product_id` int(11) NOT NULL,
  `group_id` int(11) NOT NULL DEFAULT '0',
  `sku` varchar(255) DEFAULT NULL,
  `quantity` int(4) NOT NULL DEFAULT '0',
  `subtract` int(1) NOT NULL DEFAULT '0',
  `price` decimal(15,4) NOT NULL,
  `prefix` char(1) NOT NULL,
  `weight` decimal(15,8) NOT NULL,
  `weight_type` varchar(3) NOT NULL,
  `attribute_value_id` int(11) DEFAULT NULL,
  `grouped_attribute_data` text,
  `sort_order` int(3) NOT NULL,
  `default` smallint(6) DEFAULT '0',
  PRIMARY KEY (`product_option_value_id`),
  KEY `ac_product_option_values_idx` (`product_option_id`,`product_id`,`group_id`,`attribute_value_id`)
) ENGINE=MyISAM AUTO_INCREMENT=788 DEFAULT CHARSET=utf8;
/*!40101 SET character_set_client = @saved_cs_client */;

--
-- Dumping data for table `abc_product_option_values`
--

LOCK TABLES `abc_product_option_values` WRITE;
/*!40000 ALTER TABLE `abc_product_option_values` DISABLE KEYS */;
INSERT INTO `abc_product_option_values` VALUES (646,315,54,0,'',983,1,5.0000,'$',0.00000000,'lb',0,'',0,0),(653,318,53,0,'',2000,1,0.0000,'$',0.00000000,'lb',0,NULL,0,0),(652,318,53,0,'',0,0,0.0000,'$',0.00000000,'lb',0,NULL,0,0),(645,315,54,0,'',1000,1,0.0000,'$',0.00000000,'lb',0,'',0,1),(659,319,56,0,'',999,1,0.0000,'$',0.00000000,'lb',0,NULL,2,0),(658,319,56,0,'',0,0,0.0000,'$',0.00000000,'lb',0,NULL,1,0),(657,319,56,0,'',998,1,1.0000,'$',0.00000000,'lb',0,NULL,0,0),(656,319,56,0,'',0,0,0.0000,'$',0.00000000,'lb',0,NULL,0,0),(655,319,56,0,'',0,0,0.0000,'$',0.00000000,'lb',0,NULL,0,0),(654,319,56,0,'',555,0,0.0000,'$',0.00000000,'lb',0,NULL,0,0),(612,304,57,0,'',0,0,0.0000,'$',0.00000000,'lb',0,NULL,0,0),(613,304,57,0,'',999,1,0.0000,'$',0.00000000,'lb',0,NULL,0,0),(614,304,57,0,'',0,0,0.0000,'$',0.00000000,'lb',0,NULL,0,0),(615,305,59,0,'',0,0,0.0000,'$',0.00000000,'lb',0,NULL,0,0),(616,305,59,0,'',0,0,0.0000,'$',0.00000000,'lb',0,NULL,0,0),(617,305,59,0,'',1000,1,2.0000,'$',0.00000000,'lb',0,NULL,0,0),(618,306,55,0,'',0,0,0.0000,'$',0.00000000,'lb',0,NULL,0,0),(619,306,55,0,'',0,0,0.0000,'$',0.00000000,'lb',0,NULL,0,0),(620,306,55,0,'',0,0,0.0000,'$',0.00000000,'lb',0,NULL,0,0),(621,306,55,0,'',0,0,0.0000,'$',0.00000000,'lb',0,NULL,0,0),(622,307,60,0,'',0,0,0.0000,'$',0.00000000,'lb',0,NULL,0,0),(623,307,60,0,'',0,0,0.0000,'$',0.00000000,'lb',0,NULL,0,0),(624,307,60,0,'',0,0,1.4200,'$',0.00000000,'lb',0,NULL,0,0),(625,308,61,0,'',0,0,0.0000,'$',0.00000000,'lb',0,NULL,0,0),(626,308,61,0,'',0,0,0.0000,'$',0.00000000,'lb',0,NULL,0,0),(627,308,61,0,'',0,0,0.0000,'$',0.00000000,'lb',0,NULL,0,0),(649,316,63,0,'',0,0,0.0000,'$',0.00000000,'lb',0,NULL,0,0),(648,316,63,0,'',0,0,20.0000,'$',0.00000000,'lb',0,NULL,0,0),(647,316,63,0,'',0,0,25.0000,'$',0.00000000,'lb',0,NULL,0,0),(644,314,64,0,'',66,1,22.0000,'$',0.00000000,'lb',0,NULL,0,0),(643,314,64,0,'',1000,1,10.0000,'$',0.00000000,'lb',0,NULL,0,0),(642,314,64,0,'',0,0,0.0000,'$',0.00000000,'lb',0,NULL,0,0),(651,317,69,0,'',553,1,30.0000,'$',0.00000000,'lb',0,NULL,0,0),(650,317,69,0,'',0,0,0.0000,'$',0.00000000,'lb',0,NULL,0,0),(662,320,78,0,'',59,1,0.0000,'$',0.00000000,'lb',0,NULL,0,0),(661,320,78,0,'',887,1,16.0000,'$',0.00000000,'lb',0,NULL,0,0),(660,320,78,0,'',998,1,8.0000,'$',0.00000000,'lb',0,NULL,0,0),(663,321,80,0,'',0,0,0.0000,'$',0.00000000,'lb',0,NULL,0,0),(664,321,80,0,'',0,0,25.0000,'$',0.00000000,'lb',0,NULL,0,0),(665,321,80,0,'',0,0,45.0000,'$',0.00000000,'lb',0,NULL,0,0),(666,322,84,0,'',0,0,0.0000,'$',0.00000000,'lb',0,NULL,0,0),(667,322,84,0,'',1000,1,20.0000,'$',0.00000000,'lb',0,NULL,0,0),(668,322,84,0,'',0,0,32.0000,'$',0.00000000,'lb',0,NULL,0,0),(669,323,85,0,'',0,0,0.0000,'$',0.00000000,'lb',0,NULL,0,0),(670,323,85,0,'',100,0,18.0000,'$',0.00000000,'lb',0,NULL,0,0),(671,323,85,0,'',0,0,23.5000,'$',0.00000000,'lb',0,NULL,0,0),(672,324,89,0,'',0,0,0.0000,'$',0.00000000,'lb',0,NULL,0,0),(673,324,89,0,'',0,0,30.0000,'$',0.00000000,'lb',0,NULL,0,0),(674,324,89,0,'',1000,1,10.0000,'$',0.00000000,'lb',0,NULL,0,0),(676,326,90,0,'',0,0,0.0000,'$',0.00000000,'lb',0,NULL,0,0),(677,326,90,0,'',556,1,15.0000,'$',0.00000000,'lb',0,NULL,0,0),(678,327,99,0,'',0,0,0.0000,'$',0.00000000,'lb',0,NULL,0,0),(679,327,99,0,'',50,1,0.0000,'$',0.00000000,'lb',0,NULL,0,0),(680,327,99,0,'',48,1,0.0000,'$',0.00000000,'lb',0,NULL,0,0),(681,328,100,0,'',0,0,0.0000,'$',0.00000000,'lb',0,NULL,0,0),(682,328,100,0,'',0,0,0.0000,'$',0.00000000,'lb',0,NULL,0,0),(683,328,100,0,'',0,0,0.0000,'$',0.00000000,'lb',0,NULL,0,0),(684,328,100,0,'',46,1,0.0000,'$',0.00000000,'lb',0,NULL,0,0),(685,328,100,0,'',0,0,0.0000,'$',0.00000000,'lb',0,NULL,0,0),(686,328,100,0,'',0,0,0.0000,'$',0.00000000,'lb',0,NULL,0,0),(687,329,101,0,'',256,0,-2.0000,'$',0.80000000,'lb',4,NULL,0,0),(688,329,101,0,'',155,0,4.0000,'$',0.15000000,'lb',5,NULL,0,0),(689,329,101,0,'',100,1,10.0000,'$',0.33000000,'lb',6,NULL,0,0),(690,330,102,0,'',55,0,0.0000,'$',0.00000000,'lb',17,NULL,0,0),(691,330,102,0,'',55,0,20.0000,'$',0.00000000,'lb',18,NULL,0,0),(692,330,102,0,'',55,0,30.0000,'$',0.00000000,'lb',19,NULL,0,0),(714,331,104,0,'',50,0,0.0000,'$',0.00000000,'lb',53,NULL,0,0),(713,331,104,0,'',50,0,20.0000,'$',0.00000000,'lb',54,NULL,0,0),(700,332,104,0,'',0,0,3.0000,'$',0.00000000,'lb',0,NULL,0,0),(722,335,105,0,'',100,1,24.0000,'$',0.00000000,'lb',77,NULL,0,0),(721,335,105,0,'',44,1,21.0000,'$',0.00000000,'lb',76,NULL,0,0),(720,335,105,0,'',25,1,60.0000,'$',0.00000000,'lb',75,NULL,0,0),(719,336,105,0,'',0,0,2.5000,'$',0.00000000,'lb',0,NULL,0,0),(723,337,105,0,'',0,0,0.0000,'$',0.00000000,'lb',53,NULL,0,0),(724,337,105,0,'',0,0,25.0000,'%',0.00000000,'lb',54,NULL,0,0),(733,338,106,0,'',80,1,0.0000,'$',0.00000000,'lb',0,NULL,0,0),(732,338,106,0,'',59,1,0.0000,'$',0.00000000,'lb',0,NULL,0,0),(731,338,106,0,'',120,1,0.0000,'$',0.00000000,'lb',0,NULL,0,0),(735,339,106,0,'',0,0,1.5000,'$',0.00000000,'lb',0,NULL,0,0),(737,340,109,0,'',0,0,0.0000,'$',0.00000000,'lb',0,NULL,0,0),(738,341,110,0,'',97,1,0.0000,'$',0.00000000,'lb',50,NULL,0,0),(739,341,110,0,'',120,1,15.0000,'$',0.00000000,'lb',51,NULL,0,0),(740,341,110,0,'',56,1,30.0000,'$',0.00000000,'lb',52,NULL,0,0),(741,342,115,0,'',0,0,0.0000,'$',0.00000000,'lb',0,'',0,0),(742,342,115,0,'',0,0,0.0000,'$',0.00000000,'lb',0,'',1,0),(743,342,115,0,'',0,0,0.0000,'$',0.00000000,'lb',0,'',2,1),(744,342,115,0,'',0,0,0.0000,'$',0.00000000,'lb',0,'',3,0),(745,342,115,0,'',0,0,0.0000,'$',0.00000000,'lb',0,'',4,0),(746,342,115,0,'',9,1,0.0000,'$',0.00000000,'lb',0,'',5,0),(747,344,116,0,'',0,0,0.0000,'$',0.00000000,'lb',0,'',0,0),(748,344,116,0,'',0,0,0.0000,'$',0.00000000,'lb',0,'',1,0),(749,344,116,0,'',0,0,0.0000,'$',0.00000000,'lb',0,'',2,0),(750,344,116,0,'',0,0,0.0000,'$',0.00000000,'lb',0,'',3,0),(751,344,116,0,'',0,1,0.0000,'$',0.00000000,'lb',0,'',4,0),(752,345,116,0,'',2,1,0.0000,'$',0.00000000,'lb',0,'',0,0),(753,345,116,0,'',0,0,0.0000,'$',0.00000000,'lb',0,'',1,1),(754,345,116,0,'',3,1,0.0000,'$',0.10000000,'lb',0,'',2,0),(755,346,117,0,'',0,0,0.0000,'$',0.00000000,'lb',0,'a:2:{i:0;a:2:{s:7:\"attr_id\";i:7;s:9:\"attr_v_id\";s:2:\"79\";}i:1;a:2:{s:7:\"attr_id\";i:8;s:9:\"attr_v_id\";s:2:\"89\";}}',0,0),(756,346,117,0,'',0,0,0.0000,'$',0.00000000,'lb',0,'a:2:{i:0;a:2:{s:7:\"attr_id\";i:7;s:9:\"attr_v_id\";s:2:\"80\";}i:1;a:2:{s:7:\"attr_id\";i:8;s:9:\"attr_v_id\";s:2:\"89\";}}',1,1),(757,346,117,0,'',0,0,0.0000,'$',0.00000000,'lb',0,'a:2:{i:0;a:2:{s:7:\"attr_id\";i:7;s:9:\"attr_v_id\";s:2:\"81\";}i:1;a:2:{s:7:\"attr_id\";i:8;s:9:\"attr_v_id\";s:2:\"89\";}}',2,0),(758,346,117,0,'',0,0,0.0000,'$',0.00000000,'lb',0,'a:2:{i:0;a:2:{s:7:\"attr_id\";i:7;s:9:\"attr_v_id\";s:2:\"85\";}i:1;a:2:{s:7:\"attr_id\";i:8;s:9:\"attr_v_id\";s:2:\"89\";}}',3,0),(759,346,117,0,'',0,0,0.0000,'$',0.00000000,'lb',0,'a:2:{i:0;a:2:{s:7:\"attr_id\";i:7;s:9:\"attr_v_id\";s:2:\"79\";}i:1;a:2:{s:7:\"attr_id\";i:8;s:9:\"attr_v_id\";s:2:\"88\";}}',4,0),(760,346,117,0,'',0,0,0.0000,'$',0.00000000,'lb',0,'a:2:{i:0;a:2:{s:7:\"attr_id\";i:7;s:9:\"attr_v_id\";s:2:\"83\";}i:1;a:2:{s:7:\"attr_id\";i:8;s:9:\"attr_v_id\";s:2:\"88\";}}',5,0),(761,346,117,0,'',0,0,2.5000,'$',0.00000000,'lb',0,'a:2:{i:0;a:2:{s:7:\"attr_id\";i:7;s:9:\"attr_v_id\";s:2:\"86\";}i:1;a:2:{s:7:\"attr_id\";i:8;s:9:\"attr_v_id\";s:2:\"88\";}}',6,0),(762,346,117,0,'',14,1,0.0000,'$',0.00000000,'lb',0,'a:2:{i:0;a:2:{s:7:\"attr_id\";i:7;s:9:\"attr_v_id\";s:2:\"84\";}i:1;a:2:{s:7:\"attr_id\";i:8;s:9:\"attr_v_id\";s:2:\"91\";}}',7,0),(763,347,118,0,'',0,0,0.0000,'$',0.00000000,'g',0,'',0,1),(764,347,118,0,'',0,0,0.0000,'$',0.00000000,'g',0,'',1,0),(765,347,118,0,'',0,0,0.0000,'$',0.00000000,'g',0,'',2,0),(766,347,118,0,'',0,0,0.0000,'$',0.00000000,'g',0,'',3,0),(767,347,118,0,'',0,0,0.0000,'$',0.00000000,'g',0,'',4,0),(768,348,119,0,'',0,0,0.0000,'$',0.00000000,'g',0,'',0,0),(769,348,119,0,'',0,0,0.0000,'$',0.00000000,'g',0,'',1,1),(770,348,119,0,'',0,0,0.0000,'$',0.00000000,'g',0,'',2,0),(771,348,119,0,'',0,0,0.0000,'$',0.00000000,'g',0,'',3,0),(772,349,120,0,'',6,1,0.0000,'$',0.00000000,'g',0,'',0,0),(773,349,120,0,'',8,1,1.0000,'$',0.00000000,'g',0,'',1,1),(774,350,121,0,'',0,0,0.0000,'$',0.00000000,'g',0,'',0,0),(775,350,121,0,'',0,0,0.0000,'$',0.00000000,'g',0,'',1,0),(776,351,121,0,'',3,1,0.0000,'$',0.00000000,'g',0,'',0,0),(777,351,121,0,'',0,0,0.0000,'$',0.00000000,'g',0,'',1,1),(778,352,122,0,'',30,1,0.0000,'$',0.00000000,'g',0,'',0,1),(779,352,122,0,'',16,1,0.0000,'$',0.00000000,'g',0,'',1,0),(780,352,122,0,'',40,1,0.0000,'$',0.00000000,'g',0,'',2,0),(781,353,123,0,'',20,1,2.0000,'$',0.00000000,'g',0,'a:2:{i:0;a:2:{s:7:\"attr_id\";i:7;s:9:\"attr_v_id\";s:2:\"93\";}i:1;a:2:{s:7:\"attr_id\";i:8;s:9:\"attr_v_id\";s:2:\"88\";}}',0,0),(782,353,123,0,'',20,1,0.0000,'$',0.00000000,'g',0,'a:2:{i:0;a:2:{s:7:\"attr_id\";i:7;s:9:\"attr_v_id\";s:2:\"94\";}i:1;a:2:{s:7:\"attr_id\";i:8;s:9:\"attr_v_id\";s:2:\"88\";}}',1,0),(783,353,123,0,'',9,1,0.0000,'$',0.00000000,'g',0,'a:2:{i:0;a:2:{s:7:\"attr_id\";i:7;s:9:\"attr_v_id\";s:2:\"95\";}i:1;a:2:{s:7:\"attr_id\";i:8;s:9:\"attr_v_id\";s:2:\"88\";}}',2,0),(784,353,123,0,'',5,1,2.0000,'$',0.00000000,'g',0,'a:2:{i:0;a:2:{s:7:\"attr_id\";i:7;s:9:\"attr_v_id\";s:2:\"93\";}i:1;a:2:{s:7:\"attr_id\";i:8;s:9:\"attr_v_id\";s:2:\"91\";}}',3,0),(785,353,123,0,'',0,1,0.0000,'$',0.00000000,'g',0,'a:2:{i:0;a:2:{s:7:\"attr_id\";i:7;s:9:\"attr_v_id\";s:2:\"96\";}i:1;a:2:{s:7:\"attr_id\";i:8;s:9:\"attr_v_id\";s:2:\"91\";}}',4,0),(786,353,123,0,'',20,1,2.0000,'$',0.00000000,'g',98,'a:2:{i:0;a:2:{s:7:\"attr_id\";i:7;s:9:\"attr_v_id\";s:2:\"93\";}i:1;a:2:{s:7:\"attr_id\";i:8;s:9:\"attr_v_id\";s:2:\"98\";}}',5,0),(787,353,123,0,'',10,1,0.0000,'$',0.00000000,'g',98,'a:2:{i:0;a:2:{s:7:\"attr_id\";i:7;s:9:\"attr_v_id\";s:2:\"96\";}i:1;a:2:{s:7:\"attr_id\";i:8;s:9:\"attr_v_id\";s:2:\"98\";}}',6,0);
/*!40000 ALTER TABLE `abc_product_option_values` ENABLE KEYS */;
UNLOCK TABLES;

--
-- Table structure for table `abc_product_options`
--

DROP TABLE IF EXISTS `abc_product_options`;
/*!40101 SET @saved_cs_client     = @@character_set_client */;
/*!40101 SET character_set_client = utf8 */;
CREATE TABLE `abc_product_options` (
  `product_option_id` int(11) NOT NULL AUTO_INCREMENT,
  `attribute_id` int(11) NOT NULL,
  `product_id` int(11) NOT NULL,
  `group_id` int(11) NOT NULL DEFAULT '0',
  `sort_order` int(3) NOT NULL DEFAULT '0',
  `status` int(1) NOT NULL DEFAULT '1',
  `element_type` char(1) NOT NULL DEFAULT 'I',
  `required` smallint(1) NOT NULL DEFAULT '0',
  `regexp_pattern` varchar(255) NOT NULL DEFAULT '',
  `settings` text,
  PRIMARY KEY (`product_option_id`),
  KEY `ac_product_options_idx` (`attribute_id`,`product_id`,`group_id`)
) ENGINE=MyISAM AUTO_INCREMENT=354 DEFAULT CHARSET=utf8;
/*!40101 SET character_set_client = @saved_cs_client */;

--
-- Dumping data for table `abc_product_options`
--

LOCK TABLES `abc_product_options` WRITE;
/*!40000 ALTER TABLE `abc_product_options` DISABLE KEYS */;
INSERT INTO `abc_product_options` VALUES (315,0,54,0,0,1,'S',0,'',NULL),(318,0,53,0,2,1,'S',0,'',NULL),(319,0,56,0,0,1,'S',0,'',NULL),(304,0,57,0,0,1,'S',0,'',NULL),(305,0,59,0,0,1,'S',0,'',NULL),(306,0,55,0,0,1,'S',0,'',NULL),(307,0,60,0,0,1,'S',0,'',NULL),(308,0,61,0,0,1,'S',0,'',NULL),(316,0,63,0,0,1,'S',0,'',NULL),(314,0,64,0,0,1,'S',0,'',NULL),(317,0,69,0,0,1,'S',0,'',NULL),(320,0,78,0,0,1,'S',0,'',NULL),(321,0,80,0,0,1,'S',0,'',NULL),(322,0,84,0,0,1,'S',0,'',NULL),(323,0,85,0,0,1,'S',0,'',NULL),(324,0,89,0,0,1,'S',0,'',NULL),(326,0,90,0,0,1,'S',0,'',NULL),(327,0,99,0,0,1,'S',0,'',NULL),(328,0,100,0,0,1,'S',0,'',NULL),(329,1,101,0,0,1,'S',1,'',NULL),(330,1,102,0,0,1,'S',0,'',NULL),(331,1,104,0,0,1,'S',1,'',NULL),(332,2,104,0,0,1,'C',0,'',NULL),(335,5,105,0,0,1,'G',1,'',NULL),(336,2,105,0,5,1,'C',0,'',NULL),(337,1,105,0,2,1,'S',1,'',NULL),(338,0,106,0,1,1,'S',1,'',NULL),(339,2,106,0,2,1,'C',0,'',NULL),(340,2,109,0,0,1,'C',0,'',NULL),(341,1,110,0,0,1,'S',1,'',NULL),(342,0,115,0,0,1,'S',1,'',''),(344,0,116,0,0,1,'R',1,'',''),(345,0,116,0,0,1,'S',1,'',''),(346,6,117,0,0,1,'S',1,'','a:4:{s:10:\"extensions\";s:0:\"\";s:8:\"min_size\";s:0:\"\";s:8:\"max_size\";s:0:\"\";s:9:\"directory\";s:0:\"\";}'),(347,0,118,0,0,1,'R',1,'',''),(348,0,119,0,0,1,'S',1,'',''),(349,0,120,0,0,1,'S',1,'',''),(350,0,121,0,0,1,'S',1,'',''),(351,0,121,0,0,1,'S',1,'',''),(352,0,122,0,0,1,'S',1,'',''),(353,6,123,0,0,1,'S',0,'','a:4:{s:10:\"extensions\";s:0:\"\";s:8:\"min_size\";s:0:\"\";s:8:\"max_size\";s:0:\"\";s:9:\"directory\";s:0:\"\";}');
/*!40000 ALTER TABLE `abc_product_options` ENABLE KEYS */;
UNLOCK TABLES;

--
-- Table structure for table `abc_product_specials`
--

DROP TABLE IF EXISTS `abc_product_specials`;
/*!40101 SET @saved_cs_client     = @@character_set_client */;
/*!40101 SET character_set_client = utf8 */;
CREATE TABLE `abc_product_specials` (
  `product_special_id` int(11) NOT NULL AUTO_INCREMENT,
  `product_id` int(11) NOT NULL,
  `customer_group_id` int(11) NOT NULL,
  `priority` int(5) NOT NULL DEFAULT '1',
  `price` decimal(15,4) NOT NULL DEFAULT '0.0000',
  `date_start` date NOT NULL DEFAULT '0000-00-00',
  `date_end` date NOT NULL DEFAULT '0000-00-00',
  `date_added` timestamp NOT NULL DEFAULT '0000-00-00 00:00:00',
  `date_modified` timestamp NOT NULL DEFAULT CURRENT_TIMESTAMP ON UPDATE CURRENT_TIMESTAMP,
  PRIMARY KEY (`product_special_id`),
  KEY `ac_product_specials_idx` (`product_id`,`customer_group_id`)
) ENGINE=MyISAM AUTO_INCREMENT=261 DEFAULT CHARSET=utf8;
/*!40101 SET character_set_client = @saved_cs_client */;

--
-- Dumping data for table `abc_product_specials`
--

LOCK TABLES `abc_product_specials` WRITE;
/*!40000 ALTER TABLE `abc_product_specials` DISABLE KEYS */;
INSERT INTO `abc_product_specials` VALUES (252,51,1,0,19.0000,'0000-00-00','0000-00-00','2019-07-12 07:21:52','2019-07-12 07:21:52'),(253,55,1,0,27.0000,'0000-00-00','0000-00-00','2019-07-12 07:21:52','2019-07-12 07:21:52'),(254,67,1,0,29.0000,'0000-00-00','0000-00-00','2019-07-12 07:21:52','2019-07-12 07:21:52'),(255,72,1,0,24.0000,'0000-00-00','0000-00-00','2019-07-12 07:21:52','2019-07-12 07:21:52'),(256,88,1,0,27.0000,'0000-00-00','0000-00-00','2019-07-12 07:21:52','2019-07-12 07:21:52'),(257,93,1,0,220.0000,'0000-00-00','0000-00-00','2019-07-12 07:21:52','2019-07-12 07:21:52'),(258,65,1,1,89.0000,'0000-00-00','0000-00-00','2019-07-12 07:21:52','2019-07-12 07:21:52'),(260,80,1,1,45.0000,'0000-00-00','0000-00-00','2019-07-12 07:21:52','2019-07-12 07:21:52');
/*!40000 ALTER TABLE `abc_product_specials` ENABLE KEYS */;
UNLOCK TABLES;

--
-- Table structure for table `abc_product_stock_locations`
--

DROP TABLE IF EXISTS `abc_product_stock_locations`;
/*!40101 SET @saved_cs_client     = @@character_set_client */;
/*!40101 SET character_set_client = utf8 */;
CREATE TABLE `abc_product_stock_locations` (
  `product_id` int(11) NOT NULL,
  `product_option_value_id` int(11) DEFAULT NULL,
  `location_id` int(11) NOT NULL,
  `quantity` int(11) NOT NULL DEFAULT '0',
  `sort_order` int(11) NOT NULL DEFAULT '0',
  UNIQUE KEY `ac_product_stock_locations_idx` (`product_id`,`product_option_value_id`,`location_id`),
  KEY `ac_product_stock_locations_idx2` (`product_option_value_id`)
) ENGINE=MyISAM DEFAULT CHARSET=utf8;
/*!40101 SET character_set_client = @saved_cs_client */;

--
-- Dumping data for table `abc_product_stock_locations`
--

LOCK TABLES `abc_product_stock_locations` WRITE;
/*!40000 ALTER TABLE `abc_product_stock_locations` DISABLE KEYS */;
INSERT INTO `abc_product_stock_locations` VALUES (58,NULL,1,60,2),(58,NULL,2,37,1),(122,778,2,8,1),(122,778,1,22,2),(122,779,2,4,1),(122,779,1,12,2),(122,780,2,20,1),(122,780,1,20,2);
/*!40000 ALTER TABLE `abc_product_stock_locations` ENABLE KEYS */;
UNLOCK TABLES;

--
-- Table structure for table `abc_product_tags`
--

DROP TABLE IF EXISTS `abc_product_tags`;
/*!40101 SET @saved_cs_client     = @@character_set_client */;
/*!40101 SET character_set_client = utf8 */;
CREATE TABLE `abc_product_tags` (
  `product_id` int(11) NOT NULL,
  `tag` varchar(32) NOT NULL COMMENT 'translatable',
  `language_id` int(11) NOT NULL,
  PRIMARY KEY (`product_id`,`tag`,`language_id`)
) ENGINE=MyISAM DEFAULT CHARSET=utf8;
/*!40101 SET character_set_client = @saved_cs_client */;

--
-- Dumping data for table `abc_product_tags`
--

LOCK TABLES `abc_product_tags` WRITE;
/*!40000 ALTER TABLE `abc_product_tags` DISABLE KEYS */;
INSERT INTO `abc_product_tags` VALUES (50,'cheeks',1),(50,'makeup',1),(51,'cheeks',1),(51,'makeup',1),(54,'eye',1),(54,'makeup',1),(77,'body',1),(77,'men',1),(77,'shower',1),(78,'fragrance',1),(78,'men',1),(79,'fragrance',1),(79,'men',1),(79,'unisex',1),(79,'women',1),(81,'Eau de Toilette',1),(85,'fragrance',1),(85,'women',1),(87,'fragrance',1),(89,'fragrance',1),(89,'woman',1),(95,'gift',1),(95,'man',1),(96,'man',1),(96,'skincare',1),(98,'man',1),(99,'nail',1),(99,'women',1),(101,'conditioner',1),(103,'spray',1),(108,'gift',1),(108,'pen',1),(108,'set',1),(115,'fashion',1),(115,'purple',1),(115,'shoe',1),(116,'fashion',1),(116,'shoe',1),(117,'fashion',1),(117,'shoe',1),(119,'fashion',1),(119,'t-shirt',1),(119,'yellow',1),(120,'fashion',1),(120,'t-shirt',1),(121,'fashion',1),(122,'fashion',1),(122,'grey',1),(123,'red',1),(123,'shirt',1),(123,'white',1),(123,'yellow',1);
/*!40000 ALTER TABLE `abc_product_tags` ENABLE KEYS */;
UNLOCK TABLES;

--
-- Table structure for table `abc_products`
--

DROP TABLE IF EXISTS `abc_products`;
/*!40101 SET @saved_cs_client     = @@character_set_client */;
/*!40101 SET character_set_client = utf8 */;
CREATE TABLE `abc_products` (
  `product_id` int(11) NOT NULL AUTO_INCREMENT,
  `model` varchar(64) NOT NULL,
  `sku` varchar(64) NOT NULL,
  `location` varchar(128) NOT NULL,
  `quantity` int(4) NOT NULL DEFAULT '0',
  `stock_checkout` char(1) DEFAULT '',
  `stock_status_id` int(11) NOT NULL,
  `manufacturer_id` int(11) NOT NULL,
  `shipping` int(1) NOT NULL DEFAULT '1',
  `ship_individually` int(1) NOT NULL DEFAULT '0',
  `free_shipping` int(1) NOT NULL DEFAULT '0',
  `shipping_price` decimal(15,4) NOT NULL DEFAULT '0.0000',
  `price` decimal(15,4) NOT NULL DEFAULT '0.0000',
  `tax_class_id` int(11) NOT NULL,
  `date_available` date NOT NULL,
  `weight` decimal(5,2) NOT NULL DEFAULT '0.00',
  `weight_class_id` int(11) NOT NULL DEFAULT '0',
  `length` decimal(5,2) NOT NULL DEFAULT '0.00',
  `width` decimal(5,2) NOT NULL DEFAULT '0.00',
  `height` decimal(5,2) NOT NULL DEFAULT '0.00',
  `length_class_id` int(11) NOT NULL DEFAULT '0',
  `status` int(1) NOT NULL DEFAULT '0',
  `viewed` int(5) NOT NULL DEFAULT '0',
  `sort_order` int(11) NOT NULL DEFAULT '0',
  `subtract` int(1) NOT NULL DEFAULT '1',
  `minimum` int(11) NOT NULL DEFAULT '1',
  `maximum` int(11) NOT NULL DEFAULT '0',
  `cost` decimal(15,4) NOT NULL DEFAULT '0.0000',
  `call_to_order` smallint(6) NOT NULL DEFAULT '0',
  `settings` longtext,
  `date_added` timestamp NOT NULL DEFAULT '0000-00-00 00:00:00',
  `date_modified` timestamp NOT NULL DEFAULT CURRENT_TIMESTAMP ON UPDATE CURRENT_TIMESTAMP,
  PRIMARY KEY (`product_id`),
  KEY `ac_products_idx` (`stock_status_id`,`manufacturer_id`,`weight_class_id`,`length_class_id`),
  KEY `ac_products_status_idx` (`product_id`,`status`,`date_available`)
) ENGINE=MyISAM AUTO_INCREMENT=124 DEFAULT CHARSET=utf8;
/*!40101 SET character_set_client = @saved_cs_client */;

--
-- Dumping data for table `abc_products`
--

LOCK TABLES `abc_products` WRITE;
/*!40000 ALTER TABLE `abc_products` DISABLE KEYS */;
INSERT INTO `abc_products` VALUES (68,'108681','','',1000,'',1,15,1,0,0,0.0000,42.0000,1,'2013-08-30',0.11,1,0.00,0.00,0.00,0,1,1,1,1,1,0,24.0000,0,NULL,'2019-07-12 07:21:52','2019-07-12 07:21:52'),(65,'427847','','',1000,'',1,15,1,0,0,0.0000,105.0000,1,'2013-08-30',70.00,2,0.00,0.00,0.00,0,1,22,1,0,1,0,99.0000,0,NULL,'2019-07-12 07:21:52','2019-07-12 07:21:52'),(66,'556240','','',145,'',1,12,1,0,0,0.0000,38.0000,1,'2013-08-30',0.40,1,0.00,0.00,0.00,0,1,5,1,1,1,0,0.0000,0,NULL,'2019-07-12 07:21:52','2019-07-12 07:21:52'),(67,'463686','','',0,'',2,15,1,0,0,0.0000,34.5000,1,'2013-08-30',0.30,1,0.00,0.00,0.00,2,1,7,1,1,1,0,22.0000,0,NULL,'2019-07-12 07:21:52','2019-07-12 07:21:52'),(50,'558003','','',99,'',1,11,1,0,0,0.0000,29.5000,1,'2013-08-29',75.00,2,0.00,0.00,0.00,0,1,9,1,0,1,0,0.0000,0,NULL,'2019-07-12 07:21:52','2019-07-12 07:21:52'),(51,'483857','','',97,'',1,12,1,0,0,0.0000,30.0000,1,'2013-08-29',0.05,1,0.00,0.00,0.00,0,1,8,1,1,1,0,0.0000,0,NULL,'2019-07-12 07:21:52','2019-07-12 07:21:52'),(52,'523755','','',99,'',1,12,1,0,0,0.0000,28.0000,0,'2013-08-29',0.80,1,0.00,0.00,0.00,0,1,4,1,1,2,0,0.0000,0,NULL,'2019-07-12 07:21:52','2019-07-12 07:21:52'),(53,'380440','','',1000,'',3,15,1,0,0,0.0000,38.5000,1,'2013-08-29',100.00,2,0.00,0.00,0.00,0,1,7,1,1,1,0,22.0000,0,NULL,'2019-07-12 07:21:52','2019-07-12 07:21:52'),(54,'74144','','',999,'',1,15,1,0,0,0.0000,25.0000,1,'2013-08-29',0.15,1,0.00,0.00,0.00,0,1,14,1,1,1,0,0.0000,1,NULL,'2019-07-12 07:21:52','2019-07-12 07:21:52'),(55,'tw152236','','',1000,'',1,15,1,0,0,0.0000,29.0000,1,'2013-08-29',0.08,1,0.00,0.00,0.00,0,1,7,1,1,1,0,22.0000,0,NULL,'2019-07-12 07:21:52','2019-07-12 07:21:52'),(56,'35190','','',1000,'',1,15,1,0,0,0.0000,29.5000,1,'2013-08-29',85.00,2,0.00,0.00,0.00,0,1,10,1,1,1,0,0.0000,0,NULL,'2019-07-12 07:21:52','2019-07-12 07:21:52'),(57,'117148','','',1000,'',1,15,1,0,0,0.0000,29.5000,1,'2013-08-29',0.20,1,0.00,0.00,0.00,0,1,13,1,1,1,0,0.0000,0,NULL,'2019-07-12 07:21:52','2019-07-12 07:21:52'),(58,'374002','','',97,'',2,12,1,0,0,0.0000,34.0000,1,'2013-08-29',25.00,2,0.00,0.00,0.00,0,1,6,1,1,1,0,10.0000,0,NULL,'2019-07-12 07:21:52','2019-07-12 07:21:52'),(59,'14.50','','',1000,'',1,11,1,0,0,0.0000,5.0000,1,'2013-08-29',75.00,2,0.00,0.00,0.00,0,1,3,1,1,1,0,0.0000,0,NULL,'2019-07-12 07:21:52','2019-07-12 07:21:52'),(60,'112423','','',1000,'',1,11,1,0,0,0.0000,15.0000,1,'2013-08-30',0.30,2,0.00,0.00,0.00,0,1,3,1,0,1,0,0.0000,0,NULL,'2019-07-12 07:21:52','2019-07-12 07:21:52'),(61,'529071','','',1000,'',1,15,1,0,0,0.0000,48.0000,1,'2013-08-30',0.13,2,0.00,0.00,0.00,0,1,5,1,0,1,0,29.0000,0,NULL,'2019-07-12 07:21:52','2019-07-12 07:21:52'),(62,'601232','','',1000,'',1,13,1,0,0,0.0000,14.0000,1,'2013-08-30',0.50,1,0.00,0.00,0.00,0,1,5,1,0,1,0,8.0000,0,NULL,'2019-07-12 07:21:52','2019-07-12 07:21:52'),(63,'374622','','',1000,'',1,14,1,0,0,0.0000,88.0000,1,'2013-08-30',0.75,1,0.00,0.00,0.00,0,1,5,1,0,1,0,55.0000,0,NULL,'2019-07-12 07:21:52','2019-07-12 07:21:52'),(64,'497303','','',1000,'',1,13,1,0,0,0.0000,50.0000,1,'2013-08-30',150.00,2,0.00,0.00,0.00,0,1,9,1,1,1,0,33.0000,0,NULL,'2019-07-12 07:21:52','2019-07-12 07:21:52'),(69,'SCND001','','',1000,'',1,16,1,0,0,0.0000,19.0000,1,'2013-08-30',0.25,1,0.00,0.00,0.00,0,1,7,1,0,1,0,0.0000,0,NULL,'2019-07-12 07:21:52','2019-07-12 07:21:52'),(70,'522823','','',1000,'',1,14,1,0,0,0.0000,31.0000,1,'2013-08-30',0.25,2,0.00,0.00,0.00,0,1,2,1,1,1,0,0.0000,0,NULL,'2019-07-12 07:21:52','2019-07-12 07:21:52'),(71,'PCND001','','',1000,'',1,17,1,0,0,0.0000,11.4500,1,'2013-08-30',0.30,1,0.00,0.00,0.00,0,1,4,1,1,1,0,5.0000,0,NULL,'2019-07-12 07:21:52','2019-07-12 07:21:52'),(72,'PCND002','','',1000,'',1,17,1,0,0,0.0000,27.0000,1,'2013-08-30',0.40,1,0.00,0.00,0.00,0,1,6,1,1,1,0,0.0000,0,NULL,'2019-07-12 07:21:52','2019-07-12 07:21:52'),(73,'PCND003','','',1000,'',1,17,1,0,0,0.0000,33.0000,1,'2013-08-30',0.40,1,0.00,0.00,0.00,0,1,3,1,1,1,0,21.0000,0,NULL,'2019-07-12 07:21:52','2019-07-12 07:21:52'),(74,'PCND004','','',10000,'',1,17,1,0,0,0.0000,4.0000,1,'2013-08-30',0.35,1,0.00,0.00,0.00,0,1,5,1,1,1,0,0.0000,0,NULL,'2019-07-12 07:21:52','2019-07-12 07:21:52'),(75,'DMBW0012','','',999,'',1,18,1,0,0,0.0000,6.7000,1,'2013-08-30',0.20,1,0.00,0.00,0.00,0,1,3,1,1,1,0,0.0000,0,NULL,'2019-07-12 07:21:52','2019-07-12 07:21:52'),(76,'DMBW0013','1235B','',98,'',1,18,1,0,0,0.0000,7.2000,1,'2013-08-30',0.20,1,0.00,0.00,0.00,0,1,6,1,1,1,0,4.0000,0,NULL,'2019-07-12 07:21:52','2019-07-12 07:21:52'),(77,'DMBW0014','1234B','',1000,'',1,18,1,0,0,0.0000,6.0000,1,'2013-08-30',0.30,1,0.00,0.00,0.00,0,1,10,1,1,1,0,2.0000,0,NULL,'2019-07-12 07:21:52','2019-07-12 07:21:52'),(78,'Cl0001','','',1000,'',1,13,1,0,0,0.0000,29.0000,1,'2013-08-30',125.00,2,0.00,0.00,0.00,0,1,12,1,1,1,0,0.0000,0,NULL,'2019-07-12 07:21:52','2019-07-12 07:21:52'),(79,'CKGS01','','',1000,'',1,13,1,0,0,0.0000,36.0000,1,'2013-08-30',250.00,2,0.00,0.00,0.00,0,1,3,1,1,1,0,28.0000,0,NULL,'2019-07-12 07:21:52','2019-07-12 07:21:52'),(80,'GRM001','','',850,'',1,19,1,0,0,0.0000,59.0000,1,'2013-09-01',80.00,2,0.00,0.00,0.00,0,1,6,1,1,1,0,33.0000,0,NULL,'2019-07-12 07:21:52','2019-07-12 07:21:52'),(81,'GRM002','','',1000,'',1,19,1,0,0,0.0000,61.0000,1,'2013-09-01',150.00,2,0.00,0.00,0.00,0,1,6,1,1,1,0,0.0000,0,NULL,'2019-07-12 07:21:52','2019-07-12 07:21:52'),(82,'GRM003','','',1000,'',1,19,1,0,0,0.0000,42.0000,1,'2013-09-01',100.00,2,0.00,0.00,0.00,0,1,3,1,1,1,0,0.0000,0,NULL,'2019-07-12 07:21:52','2019-07-12 07:21:52'),(83,'GRM004','','',1000,'',1,19,1,0,0,0.0000,37.5000,1,'2013-09-01',15.00,2,0.00,0.00,0.00,0,1,3,1,1,1,0,0.0000,0,NULL,'2019-07-12 07:21:52','2019-07-12 07:21:52'),(84,'GRM005','','',1000,'',1,19,1,0,0,0.0000,30.0000,1,'2013-09-01',175.00,2,0.00,0.00,0.00,0,1,8,1,1,1,0,0.0000,0,NULL,'2019-07-12 07:21:52','2019-07-12 07:21:52'),(85,'Ck0010','','',1000,'',1,13,1,0,0,0.0000,45.0000,1,'2013-09-01',0.08,5,0.00,0.00,0.00,0,1,4,1,1,1,0,0.0000,0,NULL,'2019-07-12 07:21:52','2019-07-12 07:21:52'),(86,'CK0009','','',1,'',1,13,1,0,0,0.0000,44.1000,1,'2013-09-04',0.17,2,0.00,0.00,0.00,0,1,3,1,1,1,0,0.0000,0,NULL,'2019-07-12 07:21:52','2019-07-12 07:21:52'),(87,'CK0010','','',10000,'',1,13,1,0,0,0.0000,37.5000,1,'2013-09-04',0.20,1,0.00,0.00,0.00,0,1,2,1,1,1,0,0.0000,0,NULL,'2019-07-12 07:21:52','2019-07-12 07:21:52'),(88,'CK0011','','',1,'',1,13,1,0,0,0.0000,31.0000,1,'2013-09-04',340.00,2,0.00,0.00,0.00,0,1,2,1,1,1,0,19.0000,0,NULL,'2019-07-12 07:21:52','2019-07-12 07:21:52'),(89,'CK0012','','',1000,'',3,13,1,0,0,0.0000,62.0000,1,'2013-09-04',0.12,1,0.00,0.00,0.00,0,1,6,1,1,1,0,40.0000,0,NULL,'2019-07-12 07:21:52','2019-07-12 07:21:52'),(90,'CK0013','','',1000,'',1,13,1,0,0,0.0000,39.0000,1,'2013-09-04',0.33,2,0.00,0.00,0.00,0,1,3,1,1,1,0,0.0000,0,NULL,'2019-07-12 07:21:52','2019-07-12 07:21:52'),(91,'BVLG001','','',1000,'',1,14,1,0,0,0.0000,29.0000,1,'2013-09-04',0.16,2,0.00,0.00,0.00,0,1,3,1,1,1,0,20.0000,0,NULL,'2019-07-12 07:21:52','2019-07-12 07:21:52'),(92,'BVLG002','','',1000,'',1,14,1,0,0,0.0000,57.0000,1,'2013-09-04',0.40,5,0.00,0.00,0.00,0,1,8,1,1,1,0,44.0000,0,NULL,'2019-07-12 07:21:52','2019-07-12 07:21:52'),(93,'BVLG003','','',1000,'',1,14,1,0,0,0.0000,280.0000,1,'2013-09-04',0.30,5,0.00,0.00,0.00,0,1,9,1,1,1,0,100.0000,0,NULL,'2019-07-12 07:21:52','2019-07-12 07:21:52'),(94,'GRMBC001','','',589,'',1,19,1,0,0,0.0000,263.0000,1,'2013-09-04',0.15,1,0.00,0.00,0.00,0,1,4,1,1,1,0,125.0000,0,NULL,'2019-07-12 07:21:52','2019-07-12 07:21:52'),(95,'GRMBC002','','',100,'',3,19,1,0,0,0.0000,104.0000,1,'2013-09-04',0.15,1,0.00,0.00,0.00,0,1,6,1,1,1,0,0.0000,0,NULL,'2019-07-12 07:21:52','2019-07-12 07:21:52'),(96,'GRMBC003','','',100,'',1,19,1,0,0,0.0000,82.0000,1,'2013-09-04',80.00,2,0.00,0.00,0.00,0,1,10,1,0,2,0,67.0000,0,NULL,'2019-07-12 07:21:52','2019-07-12 07:21:52'),(97,'GRMBC004','','',1,'',1,19,1,0,0,0.0000,126.0000,1,'2013-09-04',20.00,2,0.00,0.00,0.00,0,1,10,1,1,1,0,0.0000,0,NULL,'2019-07-12 07:21:52','2019-07-12 07:21:52'),(98,'GRMBC005','','',1000,'',1,19,1,0,0,0.0000,98.0000,1,'2013-09-04',40.00,2,0.00,0.00,0.00,0,1,3,1,1,1,0,87.0000,0,NULL,'2019-07-12 07:21:52','2019-07-12 07:21:52'),(99,'GRMBC006','','',1000,'',1,19,1,0,0,0.0000,137.0000,1,'2013-09-04',0.09,6,0.00,0.00,0.00,0,1,13,1,1,1,0,0.0000,0,NULL,'2019-07-12 07:21:52','2019-07-12 07:21:52'),(100,'GRMBC007','','',1000,'',1,19,1,0,0,0.0000,10.0000,1,'2013-09-04',15.00,2,0.00,0.00,0.00,0,0,13,1,1,4,0,8.0000,0,NULL,'2019-07-12 07:21:52','2019-07-12 07:21:52'),(101,'Pro-V','','',1000,'',1,17,1,0,0,0.0000,8.2300,1,'2012-03-13',8.45,6,2.00,3.00,15.00,1,1,37,1,0,1,0,0.0000,0,NULL,'2019-07-12 07:21:52','2019-07-12 07:21:52'),(102,'PRF00269','','',1000,'',1,20,1,0,0,0.0000,105.0000,1,'2012-03-14',2.50,6,0.00,0.00,0.00,3,1,7,1,0,1,0,0.0000,0,NULL,'2019-07-12 07:21:52','2019-07-12 07:21:52'),(103,'PRF00270','','',100,'',1,14,1,0,0,0.0000,78.0000,1,'2012-03-14',80.00,2,0.00,0.00,0.00,3,1,5,1,0,1,0,0.0000,0,NULL,'2019-07-12 07:21:52','2019-07-12 07:21:52'),(104,'PRF00271','','',1000,'',1,13,1,0,0,0.0000,49.0000,1,'2012-03-14',0.00,5,0.00,0.00,0.00,3,1,21,1,1,1,0,0.0000,0,NULL,'2019-07-12 07:21:52','2019-07-12 07:21:52'),(105,'PRF00273','','',100,'',2,14,1,0,0,0.0000,55.0000,0,'2012-03-14',0.00,5,0.00,0.00,0.00,3,1,19,1,1,1,0,0.0000,0,NULL,'2019-07-12 07:21:52','2019-07-12 07:21:52'),(106,'PRF00274','','',185,'',1,14,1,0,0,0.0000,70.0000,1,'2012-03-14',80.00,5,0.00,0.00,0.00,3,1,9,1,1,1,0,0.0000,0,NULL,'2019-07-12 07:21:52','2019-07-12 07:21:52'),(107,'PRF00274','','',0,'',2,15,1,0,0,0.0000,66.0000,1,'2012-03-14',7.00,6,0.00,0.00,0.00,3,1,6,1,1,1,0,0.0000,0,NULL,'2019-07-12 07:21:52','2019-07-12 07:21:52'),(108,'PRF00268','','',420,'',1,15,1,0,0,0.0000,125.0000,1,'2012-03-14',2.00,6,0.00,0.00,0.00,3,1,8,1,1,2,0,0.0000,0,NULL,'2019-07-12 07:21:52','2019-07-12 07:21:52'),(109,'PRF00279','','',1,'',1,15,1,0,0,0.0000,84.0000,1,'2012-03-14',50.00,6,3.00,2.00,10.00,1,1,7,1,1,1,0,0.0000,0,NULL,'2019-07-12 07:21:52','2019-07-12 07:21:52'),(110,'PRF00278','','',1000,'',1,20,1,0,0,0.0000,90.0000,1,'2012-03-14',0.00,6,0.00,0.00,0.00,3,1,22,1,0,1,0,0.0000,0,NULL,'2019-07-12 07:21:52','2019-07-12 07:21:52'),(111,'','','',4,'',1,0,1,0,0,0.0000,85.0000,1,'2015-06-11',0.20,1,23.60,17.80,5.10,1,1,16,1,1,1,0,0.0000,0,NULL,'2019-07-12 07:21:52','2019-07-12 07:21:52'),(112,'','','',10,'',1,0,1,0,1,0.0000,16.2000,1,'2015-06-11',0.12,1,0.00,0.00,0.00,3,1,6,1,1,1,0,0.0000,0,NULL,'2019-07-12 07:21:52','2019-07-12 07:21:52'),(113,'','','',1,'',1,0,1,0,0,0.0000,9.9900,1,'2015-06-11',0.10,1,12.00,10.00,3.00,1,1,6,1,1,1,0,0.0000,0,NULL,'2019-07-12 07:21:52','2019-07-12 07:21:52'),(114,'','','',1,'',1,0,1,0,0,0.0000,7.9900,0,'2015-06-11',0.20,1,15.00,12.00,1.00,1,1,3,1,1,1,0,0.0000,0,NULL,'2019-07-12 07:21:52','2019-07-12 07:21:52'),(115,'','','',1,'',1,0,1,0,0,0.0000,110.0000,0,'2015-06-15',300.00,2,26.00,10.00,8.00,1,1,18,1,1,1,0,0.0000,0,NULL,'2019-07-12 07:21:52','2019-07-12 07:21:52'),(116,'','','',100,'',1,0,1,0,0,0.0000,26.0000,1,'2015-06-15',1.00,5,8.00,5.00,7.00,3,1,28,1,0,1,0,0.0000,0,NULL,'2019-07-12 07:21:52','2019-07-12 07:21:52'),(117,'B00OGL2XKO','','',100,'',1,0,1,0,1,0.0000,78.0000,1,'2015-06-17',0.50,5,7.00,4.00,3.00,3,1,25,1,1,1,0,50.0000,0,NULL,'2019-07-12 07:21:52','2019-07-12 07:21:52'),(118,'','','',10,'',1,0,1,0,0,0.0000,26.0000,1,'2015-06-21',222.00,2,5.00,5.00,4.00,3,1,10,1,0,1,0,20.0000,0,NULL,'2019-07-12 07:21:52','2019-07-12 07:21:52'),(119,'','','',456,'',1,0,1,0,0,0.0000,9.9900,1,'2015-06-21',400.00,2,0.00,0.00,0.00,3,1,7,1,1,1,0,0.0000,0,NULL,'2019-07-12 07:21:52','2019-07-12 07:21:52'),(120,'B00UG4NFNY','','',1,'',1,0,1,0,0,0.0000,6.7500,0,'2015-06-21',100.00,2,0.00,0.00,0.00,3,1,6,1,1,1,0,0.0000,0,NULL,'2019-07-12 07:21:52','2019-07-12 07:21:52'),(121,'','','',17,'',1,19,1,0,0,0.0000,32.0000,1,'2015-06-21',120.00,2,0.00,0.00,0.00,3,1,12,1,0,1,10,0.0000,0,NULL,'2019-07-12 07:21:52','2019-07-12 07:21:52'),(122,'JDSK36','','',155,'',1,0,1,0,0,0.0000,21.0000,1,'2015-06-21',140.00,2,23.00,20.00,2.00,1,1,10,1,0,1,0,0.0000,0,NULL,'2019-07-12 07:21:52','2019-07-12 07:21:52'),(123,'LTQFX','#2738','',100,'',1,19,1,0,1,0.0000,14.0000,1,'2019-03-17',150.00,2,0.00,0.00,0.00,3,1,9,1,1,1,0,11.0000,0,NULL,'2019-07-12 07:21:52','2019-07-17 06:15:25');
/*!40000 ALTER TABLE `abc_products` ENABLE KEYS */;
UNLOCK TABLES;

--
-- Table structure for table `abc_products_featured`
--

DROP TABLE IF EXISTS `abc_products_featured`;
/*!40101 SET @saved_cs_client     = @@character_set_client */;
/*!40101 SET character_set_client = utf8 */;
CREATE TABLE `abc_products_featured` (
  `product_id` int(11) NOT NULL DEFAULT '0',
  PRIMARY KEY (`product_id`)
) ENGINE=MyISAM DEFAULT CHARSET=utf8;
/*!40101 SET character_set_client = @saved_cs_client */;

--
-- Dumping data for table `abc_products_featured`
--

LOCK TABLES `abc_products_featured` WRITE;
/*!40000 ALTER TABLE `abc_products_featured` DISABLE KEYS */;
INSERT INTO `abc_products_featured` VALUES (50),(51),(52),(53),(54),(55),(56),(57),(123);
/*!40000 ALTER TABLE `abc_products_featured` ENABLE KEYS */;
UNLOCK TABLES;

--
-- Table structure for table `abc_products_related`
--

DROP TABLE IF EXISTS `abc_products_related`;
/*!40101 SET @saved_cs_client     = @@character_set_client */;
/*!40101 SET character_set_client = utf8 */;
CREATE TABLE `abc_products_related` (
  `product_id` int(11) NOT NULL,
  `related_id` int(11) NOT NULL,
  PRIMARY KEY (`product_id`,`related_id`)
) ENGINE=MyISAM DEFAULT CHARSET=utf8;
/*!40101 SET character_set_client = @saved_cs_client */;

--
-- Dumping data for table `abc_products_related`
--

LOCK TABLES `abc_products_related` WRITE;
/*!40000 ALTER TABLE `abc_products_related` DISABLE KEYS */;
INSERT INTO `abc_products_related` VALUES (71,101),(100,108),(101,71),(108,100),(115,116),(115,118),(116,115),(116,118),(118,115),(118,116),(119,123),(121,123),(122,123),(123,119),(123,121),(123,122);
/*!40000 ALTER TABLE `abc_products_related` ENABLE KEYS */;
UNLOCK TABLES;

--
-- Table structure for table `abc_products_to_categories`
--

DROP TABLE IF EXISTS `abc_products_to_categories`;
/*!40101 SET @saved_cs_client     = @@character_set_client */;
/*!40101 SET character_set_client = utf8 */;
CREATE TABLE `abc_products_to_categories` (
  `product_id` int(11) NOT NULL,
  `category_id` int(11) NOT NULL,
  PRIMARY KEY (`product_id`,`category_id`)
) ENGINE=MyISAM DEFAULT CHARSET=utf8;
/*!40101 SET character_set_client = @saved_cs_client */;

--
-- Dumping data for table `abc_products_to_categories`
--

LOCK TABLES `abc_products_to_categories` WRITE;
/*!40000 ALTER TABLE `abc_products_to_categories` DISABLE KEYS */;
INSERT INTO `abc_products_to_categories` VALUES (50,40),(51,40),(52,40),(53,36),(53,40),(54,36),(54,39),(55,41),(56,36),(56,39),(57,36),(57,38),(58,36),(58,38),(59,36),(59,41),(60,42),(61,37),(62,49),(62,51),(63,51),(64,49),(64,50),(65,43),(65,47),(66,43),(66,46),(67,43),(67,44),(68,43),(68,48),(69,52),(69,54),(69,64),(70,52),(70,53),(71,52),(71,54),(72,54),(73,54),(74,52),(74,53),(75,58),(75,63),(76,58),(76,60),(77,58),(77,60),(77,63),(78,58),(78,59),(78,62),(79,50),(79,62),(80,49),(80,51),(81,51),(82,51),(82,59),(83,51),(84,49),(84,50),(85,49),(85,50),(86,51),(86,59),(87,51),(87,59),(88,50),(89,49),(89,50),(90,50),(90,59),(91,46),(92,46),(93,43),(93,46),(94,45),(95,45),(95,60),(96,47),(96,60),(97,47),(98,61),(99,42),(100,36),(100,41),(101,54),(102,49),(102,50),(104,49),(104,50),(105,50),(106,49),(106,50),(107,45),(107,63),(108,37),(108,39),(108,41),(108,45),(109,46),(110,50),(111,65),(111,66),(112,65),(112,67),(113,65),(113,67),(114,65),(114,67),(115,68),(115,69),(116,68),(116,69),(117,68),(117,69),(118,68),(118,69),(119,68),(119,70),(120,68),(120,70),(121,68),(121,70),(122,68),(122,70),(123,70);
/*!40000 ALTER TABLE `abc_products_to_categories` ENABLE KEYS */;
UNLOCK TABLES;

--
-- Table structure for table `abc_products_to_downloads`
--

DROP TABLE IF EXISTS `abc_products_to_downloads`;
/*!40101 SET @saved_cs_client     = @@character_set_client */;
/*!40101 SET character_set_client = utf8 */;
CREATE TABLE `abc_products_to_downloads` (
  `product_id` int(11) NOT NULL,
  `download_id` int(11) NOT NULL,
  PRIMARY KEY (`product_id`,`download_id`)
) ENGINE=MyISAM DEFAULT CHARSET=utf8;
/*!40101 SET character_set_client = @saved_cs_client */;

--
-- Dumping data for table `abc_products_to_downloads`
--

LOCK TABLES `abc_products_to_downloads` WRITE;
/*!40000 ALTER TABLE `abc_products_to_downloads` DISABLE KEYS */;
INSERT INTO `abc_products_to_downloads` VALUES (111,1),(111,2),(123,5);
/*!40000 ALTER TABLE `abc_products_to_downloads` ENABLE KEYS */;
UNLOCK TABLES;

--
-- Table structure for table `abc_products_to_stores`
--

DROP TABLE IF EXISTS `abc_products_to_stores`;
/*!40101 SET @saved_cs_client     = @@character_set_client */;
/*!40101 SET character_set_client = utf8 */;
CREATE TABLE `abc_products_to_stores` (
  `product_id` int(11) NOT NULL,
  `store_id` int(11) NOT NULL DEFAULT '0',
  PRIMARY KEY (`product_id`,`store_id`)
) ENGINE=MyISAM DEFAULT CHARSET=utf8;
/*!40101 SET character_set_client = @saved_cs_client */;

--
-- Dumping data for table `abc_products_to_stores`
--

LOCK TABLES `abc_products_to_stores` WRITE;
/*!40000 ALTER TABLE `abc_products_to_stores` DISABLE KEYS */;
INSERT INTO `abc_products_to_stores` VALUES (50,0),(51,0),(52,0),(53,0),(54,0),(55,0),(56,0),(57,0),(58,0),(59,0),(60,0),(61,0),(62,0),(63,0),(64,0),(65,0),(66,0),(67,0),(68,0),(69,0),(70,0),(71,0),(72,0),(73,0),(74,0),(75,0),(76,0),(77,0),(78,0),(79,0),(80,0),(81,0),(82,0),(83,0),(84,0),(85,0),(86,0),(87,0),(88,0),(89,0),(90,0),(91,0),(92,0),(93,0),(94,0),(95,0),(96,0),(97,0),(98,0),(99,0),(100,0),(101,0),(102,0),(103,0),(104,0),(105,0),(106,0),(107,0),(108,0),(109,0),(110,0),(111,0),(112,0),(113,0),(114,0),(115,0),(116,0),(117,0),(118,0),(119,0),(120,0),(121,0),(122,0),(123,0);
/*!40000 ALTER TABLE `abc_products_to_stores` ENABLE KEYS */;
UNLOCK TABLES;

--
-- Table structure for table `abc_resource_descriptions`
--

DROP TABLE IF EXISTS `abc_resource_descriptions`;
/*!40101 SET @saved_cs_client     = @@character_set_client */;
/*!40101 SET character_set_client = utf8 */;
CREATE TABLE `abc_resource_descriptions` (
  `resource_id` int(10) NOT NULL DEFAULT '0',
  `language_id` int(11) NOT NULL,
  `name` varchar(255) DEFAULT '' COMMENT 'translatable',
  `title` varchar(255) DEFAULT '' COMMENT 'translatable',
  `description` text COMMENT 'translatable',
  `resource_path` varchar(255) DEFAULT NULL,
  `resource_code` text,
  `date_added` timestamp NOT NULL DEFAULT '0000-00-00 00:00:00',
  `date_modified` timestamp NOT NULL DEFAULT CURRENT_TIMESTAMP ON UPDATE CURRENT_TIMESTAMP,
  PRIMARY KEY (`resource_id`,`language_id`),
  KEY `ac_resource_descriptions_name_idx` (`resource_id`,`name`),
  KEY `ac_resource_descriptions_title_idx` (`resource_id`,`title`)
) ENGINE=MyISAM DEFAULT CHARSET=utf8;
/*!40101 SET character_set_client = @saved_cs_client */;

--
-- Dumping data for table `abc_resource_descriptions`
--

LOCK TABLES `abc_resource_descriptions` WRITE;
/*!40000 ALTER TABLE `abc_resource_descriptions` DISABLE KEYS */;
INSERT INTO `abc_resource_descriptions` VALUES (1,1,'Star Icon','','','','<i class=\"fa fa-star\"></i>&nbsp;&nbsp;','2019-07-12 07:21:52','2019-07-12 07:21:52'),(2,1,'Icon Home','','','','<i class=\"fa fa-home\"></i>&nbsp;','2019-07-12 07:21:52','2019-07-12 07:21:52'),(3,1,'Login Icon','','','','<i class=\"fa fa-lock\"></i>&nbsp;&nbsp;','2019-07-12 07:21:52','2019-07-12 07:21:52'),(4,1,'Account Icon','','','','<i class=\"fa fa-user\"></i>&nbsp;','2019-07-12 07:21:52','2019-07-12 07:21:52'),(5,1,'Cart Icon','','','','<i class=\"fa fa-shopping-cart\"></i>&nbsp;','2019-07-12 07:21:52','2019-07-12 07:21:52'),(6,1,'Checkout Icon','','','','<i class=\"fa fa-barcode\"></i>&nbsp;&nbsp;','2019-07-12 07:21:52','2019-07-12 07:21:52'),(200,1,'Icon Catalog','','','','<i class=\"fa fa-folder-open\"></i>&nbsp;','2019-07-12 07:21:52','2019-07-12 07:21:52'),(201,1,'Icon Sale','','','','<i class=\"fa fa-flag-o\"></i>&nbsp;','2019-07-12 07:21:52','2019-07-12 07:21:52'),(202,1,'Icon Design','','','','<i class=\"fa fa-file-text\"></i>&nbsp;','2019-07-12 07:21:52','2019-07-12 07:21:52'),(203,1,'Icon Extension','','','','<i class=\"fa fa-puzzle-piece\"></i>&nbsp;','2019-07-12 07:21:52','2019-07-12 07:21:52'),(204,1,'Icon System','','','','<i class=\"fa fa-wrench\"></i>&nbsp;','2019-07-12 07:21:52','2019-07-12 07:21:52'),(205,1,'Icon Reports','','','','<i class=\"fa fa-bar-chart-o\"></i>&nbsp;','2019-07-12 07:21:52','2019-07-12 07:21:52'),(206,1,'Icon Help','','','','<i class=\"fa fa-life-ring\"></i>&nbsp;','2019-07-12 07:21:52','2019-07-12 07:21:52'),(207,1,'Icon Category','','','','<i class=\"fa fa-folder-open\"></i>&nbsp;','2019-07-12 07:21:52','2019-07-12 07:21:52'),(208,1,'Icon Product','','','','<i class=\"fa fa-cubes\"></i>&nbsp;','2019-07-12 07:21:52','2019-07-12 07:21:52'),(209,1,'Icon Manufacturer','','','','<i class=\"fa fa-bookmark-o\"></i>&nbsp;','2019-07-12 07:21:52','2019-07-12 07:21:52'),(210,1,'Icon Download','','','','<i class=\"fa fa-download\"></i>&nbsp;','2019-07-12 07:21:52','2019-07-12 07:21:52'),(211,1,'Icon Review','','','','<i class=\"fa fa-comment-o\"></i>&nbsp;','2019-07-12 07:21:52','2019-07-12 07:21:52'),(212,1,'Icon Attributes','','','','<i class=\"fa fa-ticket\"></i>&nbsp;','2019-07-12 07:21:52','2019-07-12 07:21:52'),(213,1,'Icon Extensions','','','','<i class=\"fa fa-th\"></i>&nbsp;','2019-07-12 07:21:52','2019-07-12 07:21:52'),(214,1,'Icon Shipping','','','','<i class=\"fa fa-truck\"></i>&nbsp;','2019-07-12 07:21:52','2019-07-12 07:21:52'),(215,1,'Icon Building','','','','<i class=\"fa fa-university\"></i>&nbsp;','2019-07-12 07:21:52','2019-07-12 07:21:52'),(216,1,'Icon Templates','','','','<i class=\"fa fa-outdent\"></i>&nbsp;','2019-07-12 07:21:52','2019-07-12 07:21:52'),(217,1,'Icon Languages','','','','<i class=\"fa fa-language\"></i>&nbsp;','2019-07-12 07:21:52','2019-07-12 07:21:52'),(218,1,'Icon Total','','','','<i class=\"fa fa-sign-in\"></i>&nbsp;','2019-07-12 07:21:52','2019-07-12 07:21:52'),(219,1,'Icon Add extension','','','','<i class=\"fa fa-magic\"></i>&nbsp;','2019-07-12 07:21:52','2019-07-12 07:21:52'),(220,1,'Icon Get Extensions','','','','<i class=\"fa fa-cloud-download\"></i>&nbsp;','2019-07-12 07:21:52','2019-07-12 07:21:52'),(221,1,'Icon Order','','','','<i class=\"fa fa-flag-checkered\"></i>&nbsp;','2019-07-12 07:21:52','2019-07-12 07:21:52'),(222,1,'Icon Customer','','','','<i class=\"fa fa-users\"></i>&nbsp;','2019-07-12 07:21:52','2019-07-12 07:21:52'),(223,1,'Icon Customer group','','','','<i class=\"fa fa-book\"></i>&nbsp;','2019-07-12 07:21:52','2019-07-12 07:21:52'),(224,1,'Icon Coupon','','','','<i class=\"fa fa-tags\"></i>&nbsp;','2019-07-12 07:21:52','2019-07-12 07:21:52'),(225,1,'Icon Contact','','','','<i class=\"fa fa-envelope-o\"></i>&nbsp;','2019-07-12 07:21:52','2019-07-12 07:21:52'),(226,1,'Icon Setting','','','','<i class=\"fa fa-cogs\"></i>&nbsp;','2019-07-12 07:21:52','2019-07-12 07:21:52'),(227,1,'Icon Users','','','','<i class=\"fa fa-users\"></i>&nbsp;','2019-07-12 07:21:52','2019-07-12 07:21:52'),(228,1,'Icon Localisation','','','','<i class=\"fa fa-random\"></i>&nbsp;','2019-07-12 07:21:52','2019-07-12 07:21:52'),(229,1,'Icon Data','','','','<i class=\"fa fa-cubes\"></i>&nbsp;','2019-07-12 07:21:52','2019-07-12 07:21:52'),(230,1,'Icon Updater','','','','<i class=\"fa fa-refresh\"></i>&nbsp;','2019-07-12 07:21:52','2019-07-12 07:21:52'),(231,1,'Icon Cache','','','','<i class=\"fa fa-recycle\"></i>&nbsp;','2019-07-12 07:21:52','2019-07-12 07:21:52'),(232,1,'Icon Messages','','','','<i class=\"fa fa-weixin\"></i>&nbsp;','2019-07-12 07:21:52','2019-07-12 07:21:52'),(233,1,'Icon Logs','','','','<i class=\"fa fa-floppy-o\"></i>&nbsp;','2019-07-12 07:21:52','2019-07-12 07:21:52'),(234,1,'Icon Report sale','','','','<i class=\"fa fa-signal\"></i>&nbsp;','2019-07-12 07:21:52','2019-07-12 07:21:52'),(235,1,'Icon Viewed','','','','<i class=\"fa fa-sort-amount-desc\"></i>&nbsp;','2019-07-12 07:21:52','2019-07-12 07:21:52'),(236,1,'Icon Purchased','','','','<i class=\"fa fa-file-text-o\"></i>&nbsp;','2019-07-12 07:21:52','2019-07-12 07:21:52'),(237,1,'Icon Banner manager stat','','','','<i class=\"fa fa-reply-all\"></i>&nbsp;','2019-07-12 07:21:52','2019-07-12 07:21:52'),(238,1,'Icon Abantecart','','','','<i class=\"fa fa-external-link\"></i>&nbsp;','2019-07-12 07:21:52','2019-07-12 07:21:52'),(239,1,'Icon Documentation','','','','<i class=\"fa fa-graduation-cap\"></i>&nbsp;','2019-07-12 07:21:52','2019-07-12 07:21:52'),(240,1,'Icon Support','','','','<i class=\"fa fa-info\"></i>&nbsp;','2019-07-12 07:21:52','2019-07-12 07:21:52'),(241,1,'Icon Template','','','','<i class=\"fa fa-files-o\"></i>&nbsp;','2019-07-12 07:21:52','2019-07-12 07:21:52'),(242,1,'Icon Layout','','','','<i class=\"fa fa-bars\"></i>&nbsp;','2019-07-12 07:21:52','2019-07-12 07:21:52'),(243,1,'Icon Blocks','','','','<i class=\"fa fa-qrcode\"></i>&nbsp;','2019-07-12 07:21:52','2019-07-12 07:21:52'),(244,1,'Icon Menu','','','','<i class=\"fa fa-tag\"></i>&nbsp;','2019-07-12 07:21:52','2019-07-12 07:21:52'),(245,1,'Icon Content','','','','<i class=\"fa fa-clipboard\"></i>&nbsp;','2019-07-12 07:21:52','2019-07-12 07:21:52'),(246,1,'Icon Banner manager','','','','<i class=\"fa fa-picture-o\"></i>&nbsp;','2019-07-12 07:21:52','2019-07-12 07:21:52'),(247,1,'Icon All settings','','','','<i class=\"fa fa-sliders\"></i>&nbsp;','2019-07-12 07:21:52','2019-07-12 07:21:52'),(248,1,'Icon Settings details','','','','<i class=\"fa fa-list\"></i>&nbsp;','2019-07-12 07:21:52','2019-07-12 07:21:52'),(249,1,'Icon Settings general','','','','<i class=\"fa fa-folder-o\"></i>&nbsp;','2019-07-12 07:21:52','2019-07-12 07:21:52'),(250,1,'Icon Settings checkout','','','','<i class=\"fa fa-shopping-cart\"></i>&nbsp;','2019-07-12 07:21:52','2019-07-12 07:21:52'),(251,1,'Icon Settings appearance','','','','<i class=\"fa fa-pencil-square-o\"></i>&nbsp;','2019-07-12 07:21:52','2019-07-12 07:21:52'),(252,1,'Icon Settings mail','','','','<i class=\"fa fa-envelope-square\"></i>&nbsp;','2019-07-12 07:21:52','2019-07-12 07:21:52'),(253,1,'Icon Settings api','','','','<i class=\"fa fa-slack\"></i>&nbsp;','2019-07-12 07:21:52','2019-07-12 07:21:52'),(254,1,'Icon Settings system','','','','<i class=\"fa fa-tasks\"></i>&nbsp;','2019-07-12 07:21:52','2019-07-12 07:21:52'),(255,1,'Icon Settings newstore','','','','<i class=\"fa fa-sitemap\"></i>&nbsp;','2019-07-12 07:21:52','2019-07-12 07:21:52'),(256,1,'Icon User','','','','<i class=\"fa fa-male\"></i>&nbsp;','2019-07-12 07:21:52','2019-07-12 07:21:52'),(257,1,'Icon Permission','','','','<i class=\"fa fa-code-fork\"></i>&nbsp;','2019-07-12 07:21:52','2019-07-12 07:21:52'),(258,1,'Icon Language','','','','<i class=\"fa fa-language\"></i>&nbsp;','2019-07-12 07:21:52','2019-07-12 07:21:52'),(259,1,'Icon Language definitions','','','','<i class=\"fa fa-sort-alpha-asc\"></i>&nbsp;','2019-07-12 07:21:52','2019-07-12 07:21:52'),(260,1,'Icon Currency','','','','<i class=\"fa fa-money\"></i>&nbsp;','2019-07-12 07:21:52','2019-07-12 07:21:52'),(261,1,'Icon Stockstatus','','','','<i class=\"fa fa-list-alt\"></i>&nbsp;','2019-07-12 07:21:52','2019-07-12 07:21:52'),(262,1,'Icon Orderstatus','','','','<i class=\"fa fa-sort-amount-asc\"></i>&nbsp;','2019-07-12 07:21:52','2019-07-12 07:21:52'),(263,1,'Icon Country','','','','<i class=\"fa fa-globe\"></i>&nbsp;','2019-07-12 07:21:52','2019-07-12 07:21:52'),(264,1,'Icon Zone','','','','<i class=\"fa fa-thumb-tack\"></i>&nbsp;','2019-07-12 07:21:52','2019-07-12 07:21:52'),(265,1,'Icon Location','','','','<i class=\"fa fa-flag-checkered\"></i>&nbsp;','2019-07-12 07:21:52','2019-07-12 07:21:52'),(266,1,'Icon Taxclass','','','','<i class=\"fa fa-briefcase\"></i>&nbsp;','2019-07-12 07:21:52','2019-07-12 07:21:52'),(267,1,'Icon Lengthclass','','','','<i class=\"fa fa-arrows-h\"></i>&nbsp;','2019-07-12 07:21:52','2019-07-12 07:21:52'),(268,1,'Icon Weightclass','','','','<i class=\"fa fa-angle-double-down\"></i>&nbsp;','2019-07-12 07:21:52','2019-07-12 07:21:52'),(269,1,'Icon Backup','','','','<i class=\"fa fa-jsfiddle\"></i>&nbsp;','2019-07-12 07:21:52','2019-07-12 07:21:52'),(270,1,'Icon Migrate','','','','<i class=\"fa fa-share-alt-square\"></i>&nbsp;','2019-07-12 07:21:52','2019-07-12 07:21:52'),(271,1,'Icon Datasets','','','','<i class=\"fa fa-database\"></i>&nbsp;','2019-07-12 07:21:52','2019-07-12 07:21:52'),(272,1,'Icon Import export','','','','<i class=\"fa fa-exchange\"></i>&nbsp;','2019-07-12 07:21:52','2019-07-12 07:21:52'),(273,1,'Icon File uploads','','','','<i class=\"fa fa-download\"></i>&nbsp;','2019-07-12 07:21:52','2019-07-12 07:21:52'),(274,1,'Icon Installlog','','','','<i class=\"fa fa-history\"></i>&nbsp;','2019-07-12 07:21:52','2019-07-12 07:21:52'),(275,1,'Icon Error log','','','','<i class=\"fa fa-exclamation-triangle\"></i>&nbsp;','2019-07-12 07:21:52','2019-07-12 07:21:52'),(276,1,'Icon Settings IM','','','','<i class=\"fa fa-bullhorn\"></i>&nbsp;','2019-07-12 07:21:52','2019-07-12 07:21:52'),(277,1,'Icon Resource Library','','','','<i class=\"fa fa-image\"></i>&nbsp;','2019-07-12 07:21:52','2019-07-12 07:21:52'),(278,1,'Icon Analytics & Insights','','','','<i class=\"fa fa-signal\"></i>&nbsp;','2019-07-12 07:21:52','2019-07-12 07:21:52'),(100010,1,'demo_product15_1.jpg','','','18/6a/a.jpg','','2019-07-12 07:21:52','2019-07-12 07:21:52'),(100012,1,'demo_product07.jpg','','','18/6a/c.jpg','','2019-07-12 07:21:52','2019-07-12 07:21:52'),(100011,1,'demo_product15.jpg','','','18/6a/b.jpg','','2019-07-12 07:21:52','2019-07-12 07:21:52'),(100007,1,'demo_product14_2.jpg','','','18/6a/7.jpg','','2019-07-12 07:21:52','2019-07-12 07:21:52'),(100008,1,'demo_product14.jpg','','','18/6a/8.jpg','','2019-07-12 07:21:52','2019-07-12 07:21:52'),(100009,1,'demo_product14_1.jpg','','','18/6a/9.jpg','','2019-07-12 07:21:52','2019-07-12 07:21:52'),(100013,1,'demo_product18.jpg','','','18/6a/d.jpg','','2019-07-12 07:21:52','2019-07-12 07:21:52'),(100014,1,'demo_product30.jpg','','','18/6a/e.jpg','','2019-07-12 07:21:52','2019-07-12 07:21:52'),(100015,1,'demo_product30_2.jpg','','','18/6a/f.jpg','','2019-07-12 07:21:52','2019-07-12 07:21:52'),(100016,1,'demo_product30_1.jpg','','','18/6b/0.jpg','','2019-07-12 07:21:52','2019-07-12 07:21:52'),(100017,1,'demo_product30_3.jpg','','','18/6b/1.jpg','','2019-07-12 07:21:52','2019-07-12 07:21:52'),(100018,1,'demo_product34.jpg','','','18/6b/2.jpg','','2019-07-12 07:21:52','2019-07-12 07:21:52'),(100019,1,'demo_product34_2.jpg','','','18/6b/3.jpg','','2019-07-12 07:21:52','2019-07-12 07:21:52'),(100020,1,'demo_product34_1.jpg','','','18/6b/4.jpg','','2019-07-12 07:21:52','2019-07-12 07:21:52'),(100021,1,'demo_product32.jpg','','','18/6b/5.jpg','','2019-07-12 07:21:52','2019-07-12 07:21:52'),(100022,1,'demo_product32.png','','','18/6b/6.png','','2019-07-12 07:21:52','2019-07-12 07:21:52'),(100023,1,'demo_product33.jpg','','','18/6b/7.jpg','','2019-07-12 07:21:52','2019-07-12 07:21:52'),(100024,1,'demo_product32_1.jpg','','','18/6b/8.jpg','','2019-07-12 07:21:52','2019-07-12 07:21:52'),(100249,1,'demo_product31.png','Armani Eau de Toilette','','18/79/9.png','','2019-07-12 07:21:52','2019-07-12 07:21:52'),(100026,1,'demo_product02.jpg','','','18/6b/a.jpg','','2019-07-12 07:21:52','2019-07-12 07:21:52'),(100027,1,'demo_product02_2.jpg','','','18/6b/b.jpg','','2019-07-12 07:21:52','2019-07-12 07:21:52'),(100028,1,'demo_product02_1.jpg','','','18/6b/c.jpg','','2019-07-12 07:21:52','2019-07-12 07:21:52'),(100029,1,'demo_product02_3.jpg','','','18/6b/d.jpg','','2019-07-12 07:21:52','2019-07-12 07:21:52'),(100030,1,'demo_product42.jpg','','','18/6b/e.jpg','','2019-07-12 07:21:52','2019-07-12 07:21:52'),(100031,1,'demo_product22.jpg','','','18/6b/f.jpg','','2019-07-12 07:21:52','2019-07-12 07:21:52'),(100032,1,'demo_product11_1.jpg','','','18/6c/0.jpg','','2019-07-12 07:21:52','2019-07-12 07:21:52'),(100033,1,'demo_product11_2.jpg','','','18/6c/1.jpg','','2019-07-12 07:21:52','2019-07-12 07:21:52'),(100034,1,'demo_product11.jpg','','','18/6c/2.jpg','','2019-07-12 07:21:52','2019-07-12 07:21:52'),(100035,1,'demo_product43.jpg','','','18/6c/3.jpg','','2019-07-12 07:21:52','2019-07-12 07:21:52'),(100036,1,'demo_product24.jpg','','','18/6c/4.jpg','','2019-07-12 07:21:52','2019-07-12 07:21:52'),(100037,1,'demo_product06_6.jpg','','','18/6c/5.jpg','','2019-07-12 07:21:52','2019-07-12 07:21:52'),(100038,1,'demo_product06_2.jpg','','','18/6c/6.jpg','','2019-07-12 07:21:52','2019-07-12 07:21:52'),(100039,1,'demo_product06_1.jpg','','','18/6c/7.jpg','','2019-07-12 07:21:52','2019-07-12 07:21:52'),(100040,1,'demo_product06.jpg','','','18/6c/8.jpg','','2019-07-12 07:21:52','2019-07-12 07:21:52'),(100041,1,'demo_product06_4.jpg','','','18/6c/9.jpg','','2019-07-12 07:21:52','2019-07-12 07:21:52'),(100042,1,'demo_product06_3.jpg','','','18/6c/a.jpg','','2019-07-12 07:21:52','2019-07-12 07:21:52'),(100043,1,'demo_product06_5.jpg','','','18/6c/b.jpg','','2019-07-12 07:21:52','2019-07-12 07:21:52'),(100044,1,'demo_product25_1.jpg','','','18/6c/c.jpg','','2019-07-12 07:21:52','2019-07-12 07:21:52'),(100045,1,'demo_product25_2.jpg','','','18/6c/d.jpg','','2019-07-12 07:21:52','2019-07-12 07:21:52'),(100046,1,'demo_product25.jpg','','','18/6c/e.jpg','','2019-07-12 07:21:52','2019-07-12 07:21:52'),(100047,1,'demo_product20.jpg','','','18/6c/f.jpg','','2019-07-12 07:21:52','2019-07-12 07:21:52'),(100048,1,'demo_product36.jpg','','','18/6d/0.jpg','','2019-07-12 07:21:52','2019-07-12 07:21:52'),(100049,1,'demo_product47.png','','','18/6d/1.png','','2019-07-12 07:21:52','2019-07-12 07:21:52'),(100050,1,'demo_product46.jpg','','','18/6d/2.jpg','','2019-07-12 07:21:52','2019-07-12 07:21:52'),(100051,1,'demo_product46.png','','','18/6d/3.png','','2019-07-12 07:21:52','2019-07-12 07:21:52'),(100052,1,'demo_product17.jpg','','','18/6d/4.jpg','','2019-07-12 07:21:52','2019-07-12 07:21:52'),(100053,1,'demo_product49_1.png','','','18/6d/5.png','','2019-07-12 07:21:52','2019-07-12 07:21:52'),(100054,1,'demo_product35_1.jpg','','','18/6d/6.jpg','','2019-07-12 07:21:52','2019-07-12 07:21:52'),(100055,1,'demo_product35_2.jpg','','','18/6d/7.jpg','','2019-07-12 07:21:52','2019-07-12 07:21:52'),(100056,1,'demo_product35.jpg','','','18/6d/8.jpg','','2019-07-12 07:21:52','2019-07-12 07:21:52'),(100057,1,'demo_product23.jpg','','','18/6d/9.jpg','','2019-07-12 07:21:52','2019-07-12 07:21:52'),(100058,1,'demo_product41.jpg','','','18/6d/a.jpg','','2019-07-12 07:21:52','2019-07-12 07:21:52'),(100059,1,'demo_product09_4.jpg','','','18/6d/b.jpg','','2019-07-12 07:21:52','2019-07-12 07:21:52'),(100060,1,'demo_product09_1.jpg','','','18/6d/c.jpg','','2019-07-12 07:21:52','2019-07-12 07:21:52'),(100061,1,'demo_product09.jpg','','','18/6d/d.jpg','','2019-07-12 07:21:52','2019-07-12 07:21:52'),(100062,1,'demo_product09_3.jpg','','','18/6d/e.jpg','','2019-07-12 07:21:52','2019-07-12 07:21:52'),(100063,1,'demo_product09_2.jpg','','','18/6d/f.jpg','','2019-07-12 07:21:52','2019-07-12 07:21:52'),(100064,1,'demo_product37.jpg','','','18/6e/0.jpg','','2019-07-12 07:21:52','2019-07-12 07:21:52'),(100065,1,'demo_product26_2.jpg','','','18/6e/1.jpg','','2019-07-12 07:21:52','2019-07-12 07:21:52'),(100066,1,'demo_product26_3.jpg','','','18/6e/2.jpg','','2019-07-12 07:21:52','2019-07-12 07:21:52'),(100067,1,'demo_product26.jpg','','','18/6e/3.jpg','','2019-07-12 07:21:52','2019-07-12 07:21:52'),(100068,1,'demo_product26_1.jpg','','','18/6e/4.jpg','','2019-07-12 07:21:52','2019-07-12 07:21:52'),(100069,1,'demo_product27_1.jpg','','','18/6e/5.jpg','','2019-07-12 07:21:52','2019-07-12 07:21:52'),(100070,1,'demo_product27.jpg','','','18/6e/6.jpg','','2019-07-12 07:21:52','2019-07-12 07:21:52'),(100071,1,'demo_product10.jpg','','','18/6e/7.jpg','','2019-07-12 07:21:52','2019-07-12 07:21:52'),(100072,1,'demo_product10_1.jpg','','','18/6e/8.jpg','','2019-07-12 07:21:52','2019-07-12 07:21:52'),(100073,1,'demo_product10_2.jpg','','','18/6e/9.jpg','','2019-07-12 07:21:52','2019-07-12 07:21:52'),(100074,1,'demo_product10_3.jpg','','','18/6e/a.jpg','','2019-07-12 07:21:52','2019-07-12 07:21:52'),(100075,1,'demo_product44.jpg','','','18/6e/b.jpg','','2019-07-12 07:21:52','2019-07-12 07:21:52'),(100076,1,'demo_product40_1.jpg','','','18/6e/c.jpg','','2019-07-12 07:21:52','2019-07-12 07:21:52'),(100077,1,'demo_product40.jpg','','','18/6e/d.jpg','','2019-07-12 07:21:52','2019-07-12 07:21:52'),(100078,1,'demo_product40_2.jpg','','','18/6e/e.jpg','','2019-07-12 07:21:52','2019-07-12 07:21:52'),(100079,1,'demo_product21.jpg','','','18/6e/f.jpg','','2019-07-12 07:21:52','2019-07-12 07:21:52'),(100080,1,'demo_product13_2.jpg','','','18/6f/0.jpg','','2019-07-12 07:21:52','2019-07-12 07:21:52'),(100081,1,'demo_product13_1.jpg','','','18/6f/1.jpg','','2019-07-12 07:21:52','2019-07-12 07:21:52'),(100082,1,'demo_product19.jpg','','','18/6f/2.jpg','','2019-07-12 07:21:52','2019-07-12 07:21:52'),(100083,1,'demo_product39.jpg','','','18/6f/3.jpg','','2019-07-12 07:21:52','2019-07-12 07:21:52'),(100084,1,'demo_product39_3.jpg','','','18/6f/4.jpg','','2019-07-12 07:21:52','2019-07-12 07:21:52'),(100085,1,'demo_product39_2.jpg','','','18/6f/5.jpg','','2019-07-12 07:21:52','2019-07-12 07:21:52'),(100086,1,'demo_product39_1.jpg','','','18/6f/6.jpg','','2019-07-12 07:21:52','2019-07-12 07:21:52'),(100087,1,'demo_product45.png','','','18/6f/7.png','','2019-07-12 07:21:52','2019-07-12 07:21:52'),(100088,1,'demo_product48.png','','','18/6f/8.png','','2019-07-12 07:21:52','2019-07-12 07:21:52'),(100089,1,'demo_product01.jpg','','','18/6f/9.jpg','','2019-07-12 07:21:52','2019-07-12 07:21:52'),(100091,1,'demo_product16_1.jpg','','','18/6f/b.jpg','','2019-07-12 07:21:52','2019-07-12 07:21:52'),(100092,1,'demo_product16.jpg','','','18/6f/c.jpg','','2019-07-12 07:21:52','2019-07-12 07:21:52'),(100093,1,'demo_product16_2.jpg','','','18/6f/d.jpg','','2019-07-12 07:21:52','2019-07-12 07:21:52'),(100094,1,'demo_product03.jpg','','','18/6f/e.jpg','','2019-07-12 07:21:52','2019-07-12 07:21:52'),(100095,1,'demo_product03_1.jpg','','','18/6f/f.jpg','','2019-07-12 07:21:52','2019-07-12 07:21:52'),(100096,1,'demo_product03_2.jpg','','','18/70/0.jpg','','2019-07-12 07:21:52','2019-07-12 07:21:52'),(100097,1,'demo_product08.jpg','','','18/70/1.jpg','','2019-07-12 07:21:52','2019-07-12 07:21:52'),(100098,1,'demo_product08_2.jpg','','','18/70/2.jpg','','2019-07-12 07:21:52','2019-07-12 07:21:52'),(100099,1,'demo_product08_3.jpg','','','18/70/3.jpg','','2019-07-12 07:21:52','2019-07-12 07:21:52'),(100100,1,'demo_product08_1.jpg','','','18/70/4.jpg','','2019-07-12 07:21:52','2019-07-12 07:21:52'),(100101,1,'demo_product05.jpg','','','18/70/5.jpg','','2019-07-12 07:21:52','2019-07-12 07:21:52'),(100102,1,'demo_product29_2.jpg','','','18/70/6.jpg','','2019-07-12 07:21:52','2019-07-12 07:21:52'),(100103,1,'demo_product29.jpg','','','18/70/7.jpg','','2019-07-12 07:21:52','2019-07-12 07:21:52'),(100104,1,'demo_product29_1.jpg','','','18/70/8.jpg','','2019-07-12 07:21:52','2019-07-12 07:21:52'),(100105,1,'demo_product29.jpg','','','18/70/9.jpg','','2019-07-12 07:21:52','2019-07-12 07:21:52'),(100106,1,'demo_product29_2.jpg','','','18/70/a.jpg','','2019-07-12 07:21:52','2019-07-12 07:21:52'),(100107,1,'demo_product29_1.jpg','','','18/70/b.jpg','','2019-07-12 07:21:52','2019-07-12 07:21:52'),(100108,1,'demo_product28_1.jpg','','','18/70/c.jpg','','2019-07-12 07:21:52','2019-07-12 07:21:52'),(100109,1,'demo_product28.jpg','','','18/70/d.jpg','','2019-07-12 07:21:52','2019-07-12 07:21:52'),(100110,1,'demo_product28_2.jpg','','','18/70/e.jpg','','2019-07-12 07:21:52','2019-07-12 07:21:52'),(100111,1,'demo_product38.jpg','','','18/70/f.jpg','','2019-07-12 07:21:52','2019-07-12 07:21:52'),(100112,1,'demo_product12.jpg','','','18/71/0.jpg','','2019-07-12 07:21:52','2019-07-12 07:21:52'),(100114,1,'mf_sephora_ba_logo_black.jpg','','','18/71/2.jpg','','2019-07-12 07:21:52','2019-07-12 07:21:52'),(100115,1,'mf_Bvlgari.jpg','','','18/71/3.jpg','','2019-07-12 07:21:52','2019-07-12 07:21:52'),(100116,1,'mf_calvin_klein.jpg','','','18/71/4.jpg','','2019-07-12 07:21:52','2019-07-12 07:21:52'),(100117,1,'mf_benefit_logo_black.jpg','','','18/71/5.jpg','','2019-07-12 07:21:52','2019-07-12 07:21:52'),(100118,1,'mf_mac_logo.jpg','','','18/71/6.jpg','','2019-07-12 07:21:52','2019-07-12 07:21:52'),(100119,1,'mf_lancome_logo.gif','','','18/71/7.gif','','2019-07-12 07:21:52','2019-07-12 07:21:52'),(100120,1,'mf_pantene_logo.jpg','','','18/71/8.jpg','','2019-07-12 07:21:52','2019-07-12 07:21:52'),(100121,1,'mf_dove_logo.jpg','','','18/71/9.jpg','','2019-07-12 07:21:52','2019-07-12 07:21:52'),(100122,1,'mf_armani_logo.gif','','','18/71/a.gif','','2019-07-12 07:21:52','2019-07-12 07:21:52'),(100123,1,'demo_product_23.jpg','','','18/71/b.jpg','','2019-07-12 07:21:52','2019-07-12 07:21:52'),(100124,1,'demo_product_04.jpg','','','18/71/c.jpg','','2019-07-12 07:21:52','2019-07-12 07:21:52'),(100125,1,'demo_product_15.jpg','','','18/71/d.jpg','','2019-07-12 07:21:52','2019-07-12 07:21:52'),(100126,1,'demo_product_14_2.jpg','','','18/71/e.jpg','','2019-07-12 07:21:52','2019-07-12 07:21:52'),(100127,1,'demo_product_31.jpg','','','18/71/f.jpg','','2019-07-12 07:21:52','2019-07-12 07:21:52'),(100128,1,'demo_product_34.jpg','','','18/72/0.jpg','','2019-07-12 07:21:52','2019-07-12 07:21:52'),(100129,1,'demo_product_30_2.jpg','','','18/72/1.jpg','','2019-07-12 07:21:52','2019-07-12 07:21:52'),(100130,1,'demo_product_24.jpg','','','18/72/2.jpg','','2019-07-12 07:21:52','2019-07-12 07:21:52'),(100131,1,'demo_product_23.jpg','','','18/72/3.jpg','','2019-07-12 07:21:52','2019-07-12 07:21:52'),(100132,1,'demo_product_05.jpg','','','18/72/4.jpg','','2019-07-12 07:21:52','2019-07-12 07:21:52'),(100133,1,'demo_product_07.jpg','','','18/72/5.jpg','','2019-07-12 07:21:52','2019-07-12 07:21:52'),(100134,1,'demo_product_08_3.jpg','','','18/72/6.jpg','','2019-07-12 07:21:52','2019-07-12 07:21:52'),(100135,1,'demo_product_10_2.jpg','','','18/72/7.jpg','','2019-07-12 07:21:52','2019-07-12 07:21:52'),(100136,1,'demo_product_47.png','','','18/72/8.png','','2019-07-12 07:21:52','2019-07-12 07:21:52'),(100137,1,'demo_product_11_2.jpg','','','18/72/9.jpg','','2019-07-12 07:21:52','2019-07-12 07:21:52'),(100138,1,'demo_product_40_2.jpg','','','18/72/a.jpg','','2019-07-12 07:21:52','2019-07-12 07:21:52'),(100139,1,'demo_product_44.jpg','','','18/72/b.jpg','','2019-07-12 07:21:52','2019-07-12 07:21:52'),(100140,1,'demo_product_29.jpg','','','18/72/c.jpg','','2019-07-12 07:21:52','2019-07-12 07:21:52'),(100141,1,'demo_product_27.jpg','','','18/72/d.jpg','','2019-07-12 07:21:52','2019-07-12 07:21:52'),(100142,1,'demo_product_42.jpg','','','18/72/e.jpg','','2019-07-12 07:21:52','2019-07-12 07:21:52'),(100143,1,'demo_product_46.jpg','','','18/72/f.jpg','','2019-07-12 07:21:52','2019-07-12 07:21:52'),(100144,1,'demo_product_18.jpg','','','18/73/0.jpg','','2019-07-12 07:21:52','2019-07-12 07:21:52'),(100145,1,'demo_product_37.jpg','','','18/73/1.jpg','','2019-07-12 07:21:52','2019-07-12 07:21:52'),(100146,1,'demo_product_49_1.png','','','18/73/2.png','','2019-07-12 07:21:52','2019-07-12 07:21:52'),(100147,1,'store_logo.png','','','18/73/3.png','','2019-07-12 07:21:52','2019-07-12 07:21:52'),(100148,1,'favicon.png','','','18/73/4.png','','2019-07-12 07:21:52','2019-07-12 07:21:52'),(100150,1,'demo_product51.png','','','18/73/6.png','','2019-07-12 07:21:52','2019-07-12 07:21:52'),(100153,1,'demo_mf_gucci.jpg','','','18/73/9.jpg','','2019-07-12 07:21:52','2019-07-12 07:21:52'),(100154,1,'demo_product52_1.jpg','','','18/73/a.jpg','','2019-07-12 07:21:52','2019-07-12 07:21:52'),(100155,1,'demo_product52_2.png','','','18/73/b.png','','2019-07-12 07:21:52','2019-07-12 07:21:52'),(100156,1,'demo_product52_3.png','','','18/73/c.png','','2019-07-12 07:21:52','2019-07-12 07:21:52'),(100157,1,'demo_product53_3.jpg','','','18/73/d.jpg','','2019-07-12 07:21:52','2019-07-12 07:21:52'),(100159,1,'demo_product53_2.png','','','18/73/f.png','','2019-07-12 07:21:52','2019-07-12 07:21:52'),(100160,1,'demo_product54_1.jpg','','','18/74/0.jpg','','2019-07-12 07:21:52','2019-07-12 07:21:52'),(100162,1,'demo_product55_1.jpg','','','18/74/2.jpg','','2019-07-12 07:21:52','2019-07-12 07:21:52'),(100163,1,'demo_product56_3.jpg','','','18/74/3.jpg','','2019-07-12 07:21:52','2019-07-12 07:21:52'),(100164,1,'demo_product56_2.jpg','','','18/74/4.jpg','','2019-07-12 07:21:52','2019-07-12 07:21:52'),(100165,1,'demo_product56_1.jpg','','','18/74/5.jpg','','2019-07-12 07:21:52','2019-07-12 07:21:52'),(100166,1,'demo_product57_1.jpg','','','18/74/6.jpg','','2019-07-12 07:21:52','2019-07-12 07:21:52'),(100167,1,'demo_product57_2.jpg','','','18/74/7.jpg','','2019-07-12 07:21:52','2019-07-12 07:21:52'),(100168,1,'demo_product58_1.jpg','','','18/74/8.jpg','','2019-07-12 07:21:52','2019-07-12 07:21:52'),(100169,1,'demo_product58_3.jpg','','','18/74/9.jpg','','2019-07-12 07:21:52','2019-07-12 07:21:52'),(100170,1,'demo_product58_4.jpg','','','18/74/a.jpg','','2019-07-12 07:21:52','2019-07-12 07:21:52'),(100171,1,'demo_product58_2.jpg','','','18/74/b.jpg','','2019-07-12 07:21:52','2019-07-12 07:21:52'),(100172,1,'Visionnaire.zip','','','18/74/c.zip','','2019-07-12 07:21:52','2019-07-12 07:21:52'),(100173,1,'demo_product59_1.jpg','','','18/74/d.jpg','','2019-07-12 07:21:52','2019-07-12 07:21:52'),(100174,1,'demo_product60_1.jpg','','','18/74/e.jpg','','2019-07-12 07:21:52','2019-07-12 07:21:52'),(100175,1,'demo_product60_2.jpg','','','18/74/f.jpg','','2019-07-12 07:21:52','2019-07-12 07:21:52'),(100176,1,'demo_product60_5.jpg','','','18/75/0.jpg','','2019-07-12 07:21:52','2019-07-12 07:21:52'),(100178,1,'abantecart video','','','','<object width=\"640\" height=\"360\"><param name=\"movie\" value=\"http://www.youtube.com/v/IQ5SLJUWbdA\"></param><param name=\"allowFullScreen\" value=\"true\"></param><param name=\"allowscriptaccess\" value=\"always\"></param><embed src=\"http://www.youtube.com/v/IQ5SLJUWbdA\" type=\"application/x-shockwave-flash\" width=\"640\" height=\"360\" allowscriptaccess=\"always\" allowfullscreen=\"true\"></embed></object>','2019-07-12 07:21:52','2019-07-12 07:21:52'),(100188,1,'smbanner.jpg','','','18/75/c.jpg','','2019-07-12 07:21:52','2019-07-12 07:21:52'),(100190,1,'AM_mc_vs_dc_ae_319x110.jpg','PayPal Credit Cards','PayPal logo with supported Credit Cards','18/75/e.jpg','','2019-07-12 07:21:52','2019-07-12 07:21:52'),(100191,1,'AM_SbyPP_mc_vs_dc_ae_319x110.jpg','PayPal Secure Payments','Secure Payments by PayPal logo','18/75/f.jpg','','2019-07-12 07:21:52','2019-07-12 07:21:52'),(100192,1,'bdg_payments_by_pp_2line_165x56.png','Payments by PayPal','Payments by PayPal Logo','18/76/0.png','','2019-07-12 07:21:52','2019-07-12 07:21:52'),(100193,1,'pp_cc_mark_76x48.jpg','PayPal Icon','PayPal Small Icon','18/76/1.jpg','','2019-07-12 07:21:52','2019-07-12 07:21:52'),(100194,1,'banner_fallback.jpg','Fall back banner for small screen resolutions','Fall back banner for small screen resolutions','18/76/2.jpg','','2019-07-12 07:21:52','2019-07-12 07:21:52'),(100195,1,'audiocd1.jpg','','','18/76/3.jpg','','2019-07-12 07:21:52','2019-07-12 07:21:52'),(100196,1,'Marketplace-and_Extension-Installation-in-AbanteCart.mp3','Audio CD 1','','18/76/4.mp3','','2019-07-12 07:21:52','2019-07-12 07:21:52'),(100197,1,'sample.mp3','','','18/76/5.mp3','','2019-07-12 07:21:52','2019-07-12 07:21:52'),(100198,1,'paperback1.jpg','','','18/76/6.jpg','','2019-07-12 07:21:52','2019-07-12 07:21:52'),(100199,1,'cdaudio.png','category image','','18/76/7.png','','2019-07-12 07:21:52','2019-07-12 07:21:52'),(100200,1,'book2.png','','','18/76/8.png','','2019-07-12 07:21:52','2019-07-12 07:21:52'),(100201,1,'papertowns2.jpg','','','18/76/9.jpg','','2019-07-12 07:21:52','2019-07-12 07:21:52'),(100202,1,'paper2.jpg','','','18/76/a.jpg','','2019-07-12 07:21:52','2019-07-12 07:21:52'),(100203,1,'paper-cover_allegiant.jpg','','','18/76/b.jpg','','2019-07-12 07:21:52','2019-07-12 07:21:52'),(100204,1,'Fiorella-Purple-Peep-Toes-1.jpg','','','18/76/c.jpg','','2019-07-12 07:21:52','2019-07-12 07:21:52'),(100206,1,'Fiorella-Purple-Peep-Toes-2.jpg','','','18/76/e.jpg','','2019-07-12 07:21:52','2019-07-12 07:21:52'),(100207,1,'new-ladies-black1.jpg','','','18/76/f.jpg','','2019-07-12 07:21:52','2019-07-12 07:21:52'),(100208,1,'new-ladies-black2.jpg','','','18/77/0.jpg','','2019-07-12 07:21:52','2019-07-12 07:21:52'),(100209,1,'new-ladies-black3.jpg','','','18/77/1.jpg','','2019-07-12 07:21:52','2019-07-12 07:21:52'),(100210,1,'new-ladies-black4.jpg','','','18/77/2.jpg','','2019-07-12 07:21:52','2019-07-12 07:21:52'),(100211,1,'new-ladies-red6.jpg','','','18/77/3.jpg','','2019-07-12 07:21:52','2019-07-12 07:21:52'),(100212,1,'new-ladies-red5.jpg','','','18/77/4.jpg','','2019-07-12 07:21:52','2019-07-12 07:21:52'),(100213,1,'new-ladies-red4.jpg','','','18/77/5.jpg','','2019-07-12 07:21:52','2019-07-12 07:21:52'),(100214,1,'new-ladies-red3.jpg','','','18/77/6.jpg','','2019-07-12 07:21:52','2019-07-12 07:21:52'),(100215,1,'new-ladies-red2.jpg','','','18/77/7.jpg','','2019-07-12 07:21:52','2019-07-12 07:21:52'),(100216,1,'new-ladies-red1.jpg','','','18/77/8.jpg','','2019-07-12 07:21:52','2019-07-12 07:21:52'),(100217,1,'new-ladies-white5.jpg','','','18/77/9.jpg','','2019-07-12 07:21:52','2019-07-12 07:21:52'),(100218,1,'new-ladies-white4.jpg','','','18/77/a.jpg','','2019-07-12 07:21:52','2019-07-12 07:21:52'),(100219,1,'new-ladies-white3.jpg','','','18/77/b.jpg','','2019-07-12 07:21:52','2019-07-12 07:21:52'),(100220,1,'new-ladies-white2.jpg','','','18/77/c.jpg','','2019-07-12 07:21:52','2019-07-12 07:21:52'),(100221,1,'new-ladies-white1.jpg','','','18/77/d.jpg','','2019-07-12 07:21:52','2019-07-12 07:21:52'),(100222,1,'new-ladies-red6.jpg','','','18/77/e.jpg','','2019-07-12 07:21:52','2019-07-12 07:21:52'),(100223,1,'new-ladies-red5.jpg','','','18/77/f.jpg','','2019-07-12 07:21:52','2019-07-12 07:21:52'),(100224,1,'new-ladies-red4.jpg','','','18/78/0.jpg','','2019-07-12 07:21:52','2019-07-12 07:21:52'),(100225,1,'new-ladies-red3.jpg','','','18/78/1.jpg','','2019-07-12 07:21:52','2019-07-12 07:21:52'),(100226,1,'new-ladies-red2.jpg','','','18/78/2.jpg','','2019-07-12 07:21:52','2019-07-12 07:21:52'),(100227,1,'new-ladies-red1.jpg','','','18/78/3.jpg','','2019-07-12 07:21:52','2019-07-12 07:21:52'),(100228,1,'shoe_1.jpg','','','18/78/4.jpg','','2019-07-12 07:21:52','2019-07-12 07:21:52'),(100229,1,'shoe_1a.jpg','','','18/78/5.jpg','','2019-07-12 07:21:52','2019-07-12 07:21:52'),(100230,1,'shoe_1b.jpg','','','18/78/6.jpg','','2019-07-12 07:21:52','2019-07-12 07:21:52'),(100231,1,'shoe_1c.jpg','','','18/78/7.jpg','','2019-07-12 07:21:52','2019-07-12 07:21:52'),(100232,1,'shoe_1d.jpg','','','18/78/8.jpg','','2019-07-12 07:21:52','2019-07-12 07:21:52'),(100233,1,'shoe_1e.jpg','','','18/78/9.jpg','','2019-07-12 07:21:52','2019-07-12 07:21:52'),(100235,1,'shoeblack_1.jpg','','','18/78/b.jpg','','2019-07-12 07:21:52','2019-07-12 07:21:52'),(100236,1,'shoeblack_2.jpg','','','18/78/c.jpg','','2019-07-12 07:21:52','2019-07-12 07:21:52'),(100237,1,'shoeblack_3.jpg','','','18/78/d.jpg','','2019-07-12 07:21:52','2019-07-12 07:21:52'),(100238,1,'shoeblack_5.jpg','','','18/78/e.jpg','','2019-07-12 07:21:52','2019-07-12 07:21:52'),(100239,1,'shoeblack_6.jpg','','','18/78/f.jpg','','2019-07-12 07:21:52','2019-07-12 07:21:52'),(100240,1,'shoeblack_7.jpg','','','18/79/0.jpg','','2019-07-12 07:21:52','2019-07-12 07:21:52'),(100241,1,'t-shirt.jpg','','','18/79/1.jpg','','2019-07-12 07:21:52','2019-07-12 07:21:52'),(100242,1,'t-shirt-2.jpg','','','18/79/2.jpg','','2019-07-12 07:21:52','2019-07-12 07:21:52'),(100243,1,'t-shirt-3.jpg','','','18/79/3.jpg','','2019-07-12 07:21:52','2019-07-12 07:21:52'),(100244,1,'t-shirt-3a.jpg','','','18/79/4.jpg','','2019-07-12 07:21:52','2019-07-12 07:21:52'),(100245,1,'t-shirt-4c.jpg','','','18/79/5.jpg','','2019-07-12 07:21:52','2019-07-12 07:21:52'),(100246,1,'t-shirt-4b.jpg','','','18/79/6.jpg','','2019-07-12 07:21:52','2019-07-12 07:21:52'),(100247,1,'t-shirt-4a.jpg','','','18/79/7.jpg','','2019-07-12 07:21:52','2019-07-12 07:21:52'),(100248,1,'t-shirt-4.jpg','','','18/79/8.jpg','','2019-07-12 07:21:52','2019-07-12 07:21:52'),(100250,1,'lancome-mascara.jpg','','','18/79/a.jpg','','2019-07-12 07:21:52','2019-07-12 07:21:52'),(100251,1,'blue.jpg','blue cotton t-shirt','','18/79/b.jpg','','2019-07-12 07:21:52','2019-07-12 07:21:52'),(100252,1,'red.jpg','','','18/79/c.jpg','','2019-07-12 07:21:52','2019-07-12 07:21:52'),(100253,1,'yellow.jpg','','','18/79/d.jpg','','2019-07-12 07:21:52','2019-07-12 07:21:52'),(100255,1,'size-fit-guide-print.pdf','Fit guide','','18/79/f.pdf','','2019-07-12 07:21:52','2019-07-12 07:21:52');
/*!40000 ALTER TABLE `abc_resource_descriptions` ENABLE KEYS */;
UNLOCK TABLES;

--
-- Table structure for table `abc_resource_library`
--

DROP TABLE IF EXISTS `abc_resource_library`;
/*!40101 SET @saved_cs_client     = @@character_set_client */;
/*!40101 SET character_set_client = utf8 */;
CREATE TABLE `abc_resource_library` (
  `resource_id` int(11) NOT NULL AUTO_INCREMENT,
  `type_id` int(11) NOT NULL,
  `date_added` timestamp NOT NULL DEFAULT '0000-00-00 00:00:00',
  `date_modified` timestamp NOT NULL DEFAULT CURRENT_TIMESTAMP ON UPDATE CURRENT_TIMESTAMP,
  PRIMARY KEY (`resource_id`),
  KEY `ac_resource_library_idx` (`resource_id`,`type_id`)
) ENGINE=MyISAM AUTO_INCREMENT=100256 DEFAULT CHARSET=utf8;
/*!40101 SET character_set_client = @saved_cs_client */;

--
-- Dumping data for table `abc_resource_library`
--

LOCK TABLES `abc_resource_library` WRITE;
/*!40000 ALTER TABLE `abc_resource_library` DISABLE KEYS */;
INSERT INTO `abc_resource_library` VALUES (1,1,'2019-07-12 07:21:52','2019-07-12 07:21:52'),(2,1,'2019-07-12 07:21:52','2019-07-12 07:21:52'),(3,1,'2019-07-12 07:21:52','2019-07-12 07:21:52'),(4,1,'2019-07-12 07:21:52','2019-07-12 07:21:52'),(5,1,'2019-07-12 07:21:52','2019-07-12 07:21:52'),(6,1,'2019-07-12 07:21:52','2019-07-12 07:21:52'),(200,1,'2019-07-12 07:21:52','2019-07-12 07:21:52'),(201,1,'2019-07-12 07:21:52','2019-07-12 07:21:52'),(202,1,'2019-07-12 07:21:52','2019-07-12 07:21:52'),(203,1,'2019-07-12 07:21:52','2019-07-12 07:21:52'),(204,1,'2019-07-12 07:21:52','2019-07-12 07:21:52'),(205,1,'2019-07-12 07:21:52','2019-07-12 07:21:52'),(206,1,'2019-07-12 07:21:52','2019-07-12 07:21:52'),(207,1,'2019-07-12 07:21:52','2019-07-12 07:21:52'),(208,1,'2019-07-12 07:21:52','2019-07-12 07:21:52'),(209,1,'2019-07-12 07:21:52','2019-07-12 07:21:52'),(210,1,'2019-07-12 07:21:52','2019-07-12 07:21:52'),(211,1,'2019-07-12 07:21:52','2019-07-12 07:21:52'),(212,1,'2019-07-12 07:21:52','2019-07-12 07:21:52'),(213,1,'2019-07-12 07:21:52','2019-07-12 07:21:52'),(214,1,'2019-07-12 07:21:52','2019-07-12 07:21:52'),(215,1,'2019-07-12 07:21:52','2019-07-12 07:21:52'),(216,1,'2019-07-12 07:21:52','2019-07-12 07:21:52'),(217,1,'2019-07-12 07:21:52','2019-07-12 07:21:52'),(218,1,'2019-07-12 07:21:52','2019-07-12 07:21:52'),(219,1,'2019-07-12 07:21:52','2019-07-12 07:21:52'),(220,1,'2019-07-12 07:21:52','2019-07-12 07:21:52'),(221,1,'2019-07-12 07:21:52','2019-07-12 07:21:52'),(222,1,'2019-07-12 07:21:52','2019-07-12 07:21:52'),(223,1,'2019-07-12 07:21:52','2019-07-12 07:21:52'),(224,1,'2019-07-12 07:21:52','2019-07-12 07:21:52'),(225,1,'2019-07-12 07:21:52','2019-07-12 07:21:52'),(226,1,'2019-07-12 07:21:52','2019-07-12 07:21:52'),(227,1,'2019-07-12 07:21:52','2019-07-12 07:21:52'),(228,1,'2019-07-12 07:21:52','2019-07-12 07:21:52'),(229,1,'2019-07-12 07:21:52','2019-07-12 07:21:52'),(230,1,'2019-07-12 07:21:52','2019-07-12 07:21:52'),(231,1,'2019-07-12 07:21:52','2019-07-12 07:21:52'),(232,1,'2019-07-12 07:21:52','2019-07-12 07:21:52'),(233,1,'2019-07-12 07:21:52','2019-07-12 07:21:52'),(234,1,'2019-07-12 07:21:52','2019-07-12 07:21:52'),(235,1,'2019-07-12 07:21:52','2019-07-12 07:21:52'),(236,1,'2019-07-12 07:21:52','2019-07-12 07:21:52'),(237,1,'2019-07-12 07:21:52','2019-07-12 07:21:52'),(238,1,'2019-07-12 07:21:52','2019-07-12 07:21:52'),(239,1,'2019-07-12 07:21:52','2019-07-12 07:21:52'),(240,1,'2019-07-12 07:21:52','2019-07-12 07:21:52'),(241,1,'2019-07-12 07:21:52','2019-07-12 07:21:52'),(242,1,'2019-07-12 07:21:52','2019-07-12 07:21:52'),(243,1,'2019-07-12 07:21:52','2019-07-12 07:21:52'),(244,1,'2019-07-12 07:21:52','2019-07-12 07:21:52'),(245,1,'2019-07-12 07:21:52','2019-07-12 07:21:52'),(246,1,'2019-07-12 07:21:52','2019-07-12 07:21:52'),(247,1,'2019-07-12 07:21:52','2019-07-12 07:21:52'),(248,1,'2019-07-12 07:21:52','2019-07-12 07:21:52'),(249,1,'2019-07-12 07:21:52','2019-07-12 07:21:52'),(250,1,'2019-07-12 07:21:52','2019-07-12 07:21:52'),(251,1,'2019-07-12 07:21:52','2019-07-12 07:21:52'),(252,1,'2019-07-12 07:21:52','2019-07-12 07:21:52'),(253,1,'2019-07-12 07:21:52','2019-07-12 07:21:52'),(254,1,'2019-07-12 07:21:52','2019-07-12 07:21:52'),(255,1,'2019-07-12 07:21:52','2019-07-12 07:21:52'),(256,1,'2019-07-12 07:21:52','2019-07-12 07:21:52'),(257,1,'2019-07-12 07:21:52','2019-07-12 07:21:52'),(258,1,'2019-07-12 07:21:52','2019-07-12 07:21:52'),(259,1,'2019-07-12 07:21:52','2019-07-12 07:21:52'),(260,1,'2019-07-12 07:21:52','2019-07-12 07:21:52'),(261,1,'2019-07-12 07:21:52','2019-07-12 07:21:52'),(262,1,'2019-07-12 07:21:52','2019-07-12 07:21:52'),(263,1,'2019-07-12 07:21:52','2019-07-12 07:21:52'),(264,1,'2019-07-12 07:21:52','2019-07-12 07:21:52'),(265,1,'2019-07-12 07:21:52','2019-07-12 07:21:52'),(266,1,'2019-07-12 07:21:52','2019-07-12 07:21:52'),(267,1,'2019-07-12 07:21:52','2019-07-12 07:21:52'),(268,1,'2019-07-12 07:21:52','2019-07-12 07:21:52'),(269,1,'2019-07-12 07:21:52','2019-07-12 07:21:52'),(270,1,'2019-07-12 07:21:52','2019-07-12 07:21:52'),(271,1,'2019-07-12 07:21:52','2019-07-12 07:21:52'),(272,1,'2019-07-12 07:21:52','2019-07-12 07:21:52'),(273,1,'2019-07-12 07:21:52','2019-07-12 07:21:52'),(274,1,'2019-07-12 07:21:52','2019-07-12 07:21:52'),(275,1,'2019-07-12 07:21:52','2019-07-12 07:21:52'),(276,1,'2019-07-12 07:21:52','2019-07-12 07:21:52'),(277,1,'2019-07-12 07:21:52','2019-07-12 07:21:52'),(100010,1,'2019-07-12 07:21:52','2019-07-12 07:21:52'),(100012,1,'2019-07-12 07:21:52','2019-07-12 07:21:52'),(100011,1,'2019-07-12 07:21:52','2019-07-12 07:21:52'),(100007,1,'2019-07-12 07:21:52','2019-07-12 07:21:52'),(100008,1,'2019-07-12 07:21:52','2019-07-12 07:21:52'),(100009,1,'2019-07-12 07:21:52','2019-07-12 07:21:52'),(100013,1,'2019-07-12 07:21:52','2019-07-12 07:21:52'),(100014,1,'2019-07-12 07:21:52','2019-07-12 07:21:52'),(100015,1,'2019-07-12 07:21:52','2019-07-12 07:21:52'),(100016,1,'2019-07-12 07:21:52','2019-07-12 07:21:52'),(100017,1,'2019-07-12 07:21:52','2019-07-12 07:21:52'),(100018,1,'2019-07-12 07:21:52','2019-07-12 07:21:52'),(100019,1,'2019-07-12 07:21:52','2019-07-12 07:21:52'),(100020,1,'2019-07-12 07:21:52','2019-07-12 07:21:52'),(100021,1,'2019-07-12 07:21:52','2019-07-12 07:21:52'),(100022,1,'2019-07-12 07:21:52','2019-07-12 07:21:52'),(100023,1,'2019-07-12 07:21:52','2019-07-12 07:21:52'),(100024,1,'2019-07-12 07:21:52','2019-07-12 07:21:52'),(100249,1,'2019-07-12 07:21:52','2019-07-12 07:21:52'),(100026,1,'2019-07-12 07:21:52','2019-07-12 07:21:52'),(100027,1,'2019-07-12 07:21:52','2019-07-12 07:21:52'),(100028,1,'2019-07-12 07:21:52','2019-07-12 07:21:52'),(100029,1,'2019-07-12 07:21:52','2019-07-12 07:21:52'),(100030,1,'2019-07-12 07:21:52','2019-07-12 07:21:52'),(100031,1,'2019-07-12 07:21:52','2019-07-12 07:21:52'),(100032,1,'2019-07-12 07:21:52','2019-07-12 07:21:52'),(100033,1,'2019-07-12 07:21:52','2019-07-12 07:21:52'),(100034,1,'2019-07-12 07:21:52','2019-07-12 07:21:52'),(100035,1,'2019-07-12 07:21:52','2019-07-12 07:21:52'),(100036,1,'2019-07-12 07:21:52','2019-07-12 07:21:52'),(100037,1,'2019-07-12 07:21:52','2019-07-12 07:21:52'),(100038,1,'2019-07-12 07:21:52','2019-07-12 07:21:52'),(100039,1,'2019-07-12 07:21:52','2019-07-12 07:21:52'),(100040,1,'2019-07-12 07:21:52','2019-07-12 07:21:52'),(100041,1,'2019-07-12 07:21:52','2019-07-12 07:21:52'),(100042,1,'2019-07-12 07:21:52','2019-07-12 07:21:52'),(100043,1,'2019-07-12 07:21:52','2019-07-12 07:21:52'),(100044,1,'2019-07-12 07:21:52','2019-07-12 07:21:52'),(100045,1,'2019-07-12 07:21:52','2019-07-12 07:21:52'),(100046,1,'2019-07-12 07:21:52','2019-07-12 07:21:52'),(100047,1,'2019-07-12 07:21:52','2019-07-12 07:21:52'),(100048,1,'2019-07-12 07:21:52','2019-07-12 07:21:52'),(100049,1,'2019-07-12 07:21:52','2019-07-12 07:21:52'),(100050,1,'2019-07-12 07:21:52','2019-07-12 07:21:52'),(100051,1,'2019-07-12 07:21:52','2019-07-12 07:21:52'),(100052,1,'2019-07-12 07:21:52','2019-07-12 07:21:52'),(100053,1,'2019-07-12 07:21:52','2019-07-12 07:21:52'),(100054,1,'2019-07-12 07:21:52','2019-07-12 07:21:52'),(100055,1,'2019-07-12 07:21:52','2019-07-12 07:21:52'),(100056,1,'2019-07-12 07:21:52','2019-07-12 07:21:52'),(100057,1,'2019-07-12 07:21:52','2019-07-12 07:21:52'),(100058,1,'2019-07-12 07:21:52','2019-07-12 07:21:52'),(100059,1,'2019-07-12 07:21:52','2019-07-12 07:21:52'),(100060,1,'2019-07-12 07:21:52','2019-07-12 07:21:52'),(100061,1,'2019-07-12 07:21:52','2019-07-12 07:21:52'),(100062,1,'2019-07-12 07:21:52','2019-07-12 07:21:52'),(100063,1,'2019-07-12 07:21:52','2019-07-12 07:21:52'),(100064,1,'2019-07-12 07:21:52','2019-07-12 07:21:52'),(100065,1,'2019-07-12 07:21:52','2019-07-12 07:21:52'),(100066,1,'2019-07-12 07:21:52','2019-07-12 07:21:52'),(100067,1,'2019-07-12 07:21:52','2019-07-12 07:21:52'),(100068,1,'2019-07-12 07:21:52','2019-07-12 07:21:52'),(100069,1,'2019-07-12 07:21:52','2019-07-12 07:21:52'),(100070,1,'2019-07-12 07:21:52','2019-07-12 07:21:52'),(100071,1,'2019-07-12 07:21:52','2019-07-12 07:21:52'),(100072,1,'2019-07-12 07:21:52','2019-07-12 07:21:52'),(100073,1,'2019-07-12 07:21:52','2019-07-12 07:21:52'),(100074,1,'2019-07-12 07:21:52','2019-07-12 07:21:52'),(100075,1,'2019-07-12 07:21:52','2019-07-12 07:21:52'),(100076,1,'2019-07-12 07:21:52','2019-07-12 07:21:52'),(100077,1,'2019-07-12 07:21:52','2019-07-12 07:21:52'),(100078,1,'2019-07-12 07:21:52','2019-07-12 07:21:52'),(100079,1,'2019-07-12 07:21:52','2019-07-12 07:21:52'),(100080,1,'2019-07-12 07:21:52','2019-07-12 07:21:52'),(100081,1,'2019-07-12 07:21:52','2019-07-12 07:21:52'),(100082,1,'2019-07-12 07:21:52','2019-07-12 07:21:52'),(100083,1,'2019-07-12 07:21:52','2019-07-12 07:21:52'),(100084,1,'2019-07-12 07:21:52','2019-07-12 07:21:52'),(100085,1,'2019-07-12 07:21:52','2019-07-12 07:21:52'),(100086,1,'2019-07-12 07:21:52','2019-07-12 07:21:52'),(100087,1,'2019-07-12 07:21:52','2019-07-12 07:21:52'),(100088,1,'2019-07-12 07:21:52','2019-07-12 07:21:52'),(100089,1,'2019-07-12 07:21:52','2019-07-12 07:21:52'),(100091,1,'2019-07-12 07:21:52','2019-07-12 07:21:52'),(100092,1,'2019-07-12 07:21:52','2019-07-12 07:21:52'),(100093,1,'2019-07-12 07:21:52','2019-07-12 07:21:52'),(100094,1,'2019-07-12 07:21:52','2019-07-12 07:21:52'),(100095,1,'2019-07-12 07:21:52','2019-07-12 07:21:52'),(100096,1,'2019-07-12 07:21:52','2019-07-12 07:21:52'),(100097,1,'2019-07-12 07:21:52','2019-07-12 07:21:52'),(100098,1,'2019-07-12 07:21:52','2019-07-12 07:21:52'),(100099,1,'2019-07-12 07:21:52','2019-07-12 07:21:52'),(100100,1,'2019-07-12 07:21:52','2019-07-12 07:21:52'),(100101,1,'2019-07-12 07:21:52','2019-07-12 07:21:52'),(100102,1,'2019-07-12 07:21:52','2019-07-12 07:21:52'),(100103,1,'2019-07-12 07:21:52','2019-07-12 07:21:52'),(100104,1,'2019-07-12 07:21:52','2019-07-12 07:21:52'),(100105,1,'2019-07-12 07:21:52','2019-07-12 07:21:52'),(100106,1,'2019-07-12 07:21:52','2019-07-12 07:21:52'),(100107,1,'2019-07-12 07:21:52','2019-07-12 07:21:52'),(100108,1,'2019-07-12 07:21:52','2019-07-12 07:21:52'),(100109,1,'2019-07-12 07:21:52','2019-07-12 07:21:52'),(100110,1,'2019-07-12 07:21:52','2019-07-12 07:21:52'),(100111,1,'2019-07-12 07:21:52','2019-07-12 07:21:52'),(100112,1,'2019-07-12 07:21:52','2019-07-12 07:21:52'),(100114,1,'2019-07-12 07:21:52','2019-07-12 07:21:52'),(100115,1,'2019-07-12 07:21:52','2019-07-12 07:21:52'),(100116,1,'2019-07-12 07:21:52','2019-07-12 07:21:52'),(100117,1,'2019-07-12 07:21:52','2019-07-12 07:21:52'),(100118,1,'2019-07-12 07:21:52','2019-07-12 07:21:52'),(100119,1,'2019-07-12 07:21:52','2019-07-12 07:21:52'),(100120,1,'2019-07-12 07:21:52','2019-07-12 07:21:52'),(100121,1,'2019-07-12 07:21:52','2019-07-12 07:21:52'),(100122,1,'2019-07-12 07:21:52','2019-07-12 07:21:52'),(100123,1,'2019-07-12 07:21:52','2019-07-12 07:21:52'),(100124,1,'2019-07-12 07:21:52','2019-07-12 07:21:52'),(100125,1,'2019-07-12 07:21:52','2019-07-12 07:21:52'),(100126,1,'2019-07-12 07:21:52','2019-07-12 07:21:52'),(100127,1,'2019-07-12 07:21:52','2019-07-12 07:21:52'),(100128,1,'2019-07-12 07:21:52','2019-07-12 07:21:52'),(100129,1,'2019-07-12 07:21:52','2019-07-12 07:21:52'),(100130,1,'2019-07-12 07:21:52','2019-07-12 07:21:52'),(100131,1,'2019-07-12 07:21:52','2019-07-12 07:21:52'),(100132,1,'2019-07-12 07:21:52','2019-07-12 07:21:52'),(100133,1,'2019-07-12 07:21:52','2019-07-12 07:21:52'),(100134,1,'2019-07-12 07:21:52','2019-07-12 07:21:52'),(100135,1,'2019-07-12 07:21:52','2019-07-12 07:21:52'),(100136,1,'2019-07-12 07:21:52','2019-07-12 07:21:52'),(100137,1,'2019-07-12 07:21:52','2019-07-12 07:21:52'),(100138,1,'2019-07-12 07:21:52','2019-07-12 07:21:52'),(100139,1,'2019-07-12 07:21:52','2019-07-12 07:21:52'),(100140,1,'2019-07-12 07:21:52','2019-07-12 07:21:52'),(100141,1,'2019-07-12 07:21:52','2019-07-12 07:21:52'),(100142,1,'2019-07-12 07:21:52','2019-07-12 07:21:52'),(100143,1,'2019-07-12 07:21:52','2019-07-12 07:21:52'),(100144,1,'2019-07-12 07:21:52','2019-07-12 07:21:52'),(100145,1,'2019-07-12 07:21:52','2019-07-12 07:21:52'),(100146,1,'2019-07-12 07:21:52','2019-07-12 07:21:52'),(100147,1,'2019-07-12 07:21:52','2019-07-12 07:21:52'),(100148,1,'2019-07-12 07:21:52','2019-07-12 07:21:52'),(100150,1,'2019-07-12 07:21:52','2019-07-12 07:21:52'),(100178,3,'2019-07-12 07:21:52','2019-07-12 07:21:52'),(100153,1,'2019-07-12 07:21:52','2019-07-12 07:21:52'),(100154,1,'2019-07-12 07:21:52','2019-07-12 07:21:52'),(100155,1,'2019-07-12 07:21:52','2019-07-12 07:21:52'),(100156,1,'2019-07-12 07:21:52','2019-07-12 07:21:52'),(100157,1,'2019-07-12 07:21:52','2019-07-12 07:21:52'),(100159,1,'2019-07-12 07:21:52','2019-07-12 07:21:52'),(100160,1,'2019-07-12 07:21:52','2019-07-12 07:21:52'),(100162,1,'2019-07-12 07:21:52','2019-07-12 07:21:52'),(100163,1,'2019-07-12 07:21:52','2019-07-12 07:21:52'),(100164,1,'2019-07-12 07:21:52','2019-07-12 07:21:52'),(100165,1,'2019-07-12 07:21:52','2019-07-12 07:21:52'),(100166,1,'2019-07-12 07:21:52','2019-07-12 07:21:52'),(100167,1,'2019-07-12 07:21:52','2019-07-12 07:21:52'),(100168,1,'2019-07-12 07:21:52','2019-07-12 07:21:52'),(100169,1,'2019-07-12 07:21:52','2019-07-12 07:21:52'),(100170,1,'2019-07-12 07:21:52','2019-07-12 07:21:52'),(100171,1,'2019-07-12 07:21:52','2019-07-12 07:21:52'),(100172,5,'2019-07-12 07:21:52','2019-07-12 07:21:52'),(100173,1,'2019-07-12 07:21:52','2019-07-12 07:21:52'),(100174,1,'2019-07-12 07:21:52','2019-07-12 07:21:52'),(100175,1,'2019-07-12 07:21:52','2019-07-12 07:21:52'),(100176,1,'2019-07-12 07:21:52','2019-07-12 07:21:52'),(100188,1,'2019-07-12 07:21:52','2019-07-12 07:21:52'),(100190,1,'2019-07-12 07:21:52','2019-07-12 07:21:52'),(100191,1,'2019-07-12 07:21:52','2019-07-12 07:21:52'),(100192,1,'2019-07-12 07:21:52','2019-07-12 07:21:52'),(100193,1,'2019-07-12 07:21:52','2019-07-12 07:21:52'),(100194,1,'2019-07-12 07:21:52','2019-07-12 07:21:52'),(100195,1,'2019-07-12 07:21:52','2019-07-12 07:21:52'),(100196,6,'2019-07-12 07:21:52','2019-07-12 07:21:52'),(100197,6,'2019-07-12 07:21:52','2019-07-12 07:21:52'),(100198,1,'2019-07-12 07:21:52','2019-07-12 07:21:52'),(100199,1,'2019-07-12 07:21:52','2019-07-12 07:21:52'),(100200,1,'2019-07-12 07:21:52','2019-07-12 07:21:52'),(100201,1,'2019-07-12 07:21:52','2019-07-12 07:21:52'),(100202,1,'2019-07-12 07:21:52','2019-07-12 07:21:52'),(100203,1,'2019-07-12 07:21:52','2019-07-12 07:21:52'),(100204,1,'2019-07-12 07:21:52','2019-07-12 07:21:52'),(100206,1,'2019-07-12 07:21:52','2019-07-12 07:21:52'),(100207,1,'2019-07-12 07:21:52','2019-07-12 07:21:52'),(100208,1,'2019-07-12 07:21:52','2019-07-12 07:21:52'),(100209,1,'2019-07-12 07:21:52','2019-07-12 07:21:52'),(100210,1,'2019-07-12 07:21:52','2019-07-12 07:21:52'),(100211,1,'2019-07-12 07:21:52','2019-07-12 07:21:52'),(100212,1,'2019-07-12 07:21:52','2019-07-12 07:21:52'),(100213,1,'2019-07-12 07:21:52','2019-07-12 07:21:52'),(100214,1,'2019-07-12 07:21:52','2019-07-12 07:21:52'),(100215,1,'2019-07-12 07:21:52','2019-07-12 07:21:52'),(100216,1,'2019-07-12 07:21:52','2019-07-12 07:21:52'),(100217,1,'2019-07-12 07:21:52','2019-07-12 07:21:52'),(100218,1,'2019-07-12 07:21:52','2019-07-12 07:21:52'),(100219,1,'2019-07-12 07:21:52','2019-07-12 07:21:52'),(100220,1,'2019-07-12 07:21:52','2019-07-12 07:21:52'),(100221,1,'2019-07-12 07:21:52','2019-07-12 07:21:52'),(100222,1,'2019-07-12 07:21:52','2019-07-12 07:21:52'),(100223,1,'2019-07-12 07:21:52','2019-07-12 07:21:52'),(100224,1,'2019-07-12 07:21:52','2019-07-12 07:21:52'),(100225,1,'2019-07-12 07:21:52','2019-07-12 07:21:52'),(100226,1,'2019-07-12 07:21:52','2019-07-12 07:21:52'),(100227,1,'2019-07-12 07:21:52','2019-07-12 07:21:52'),(100228,1,'2019-07-12 07:21:52','2019-07-12 07:21:52'),(100229,1,'2019-07-12 07:21:52','2019-07-12 07:21:52'),(100230,1,'2019-07-12 07:21:52','2019-07-12 07:21:52'),(100231,1,'2019-07-12 07:21:52','2019-07-12 07:21:52'),(100232,1,'2019-07-12 07:21:52','2019-07-12 07:21:52'),(100233,1,'2019-07-12 07:21:52','2019-07-12 07:21:52'),(100235,1,'2019-07-12 07:21:52','2019-07-12 07:21:52'),(100236,1,'2019-07-12 07:21:52','2019-07-12 07:21:52'),(100237,1,'2019-07-12 07:21:52','2019-07-12 07:21:52'),(100238,1,'2019-07-12 07:21:52','2019-07-12 07:21:52'),(100239,1,'2019-07-12 07:21:52','2019-07-12 07:21:52'),(100240,1,'2019-07-12 07:21:52','2019-07-12 07:21:52'),(100241,1,'2019-07-12 07:21:52','2019-07-12 07:21:52'),(100242,1,'2019-07-12 07:21:52','2019-07-12 07:21:52'),(100243,1,'2019-07-12 07:21:52','2019-07-12 07:21:52'),(100244,1,'2019-07-12 07:21:52','2019-07-12 07:21:52'),(100245,1,'2019-07-12 07:21:52','2019-07-12 07:21:52'),(100246,1,'2019-07-12 07:21:52','2019-07-12 07:21:52'),(100247,1,'2019-07-12 07:21:52','2019-07-12 07:21:52'),(100248,1,'2019-07-12 07:21:52','2019-07-12 07:21:52'),(100250,1,'2019-07-12 07:21:52','2019-07-12 07:21:52'),(100251,1,'2019-07-12 07:21:52','2019-07-12 07:21:52'),(100252,1,'2019-07-12 07:21:52','2019-07-12 07:21:52'),(100253,1,'2019-07-12 07:21:52','2019-07-12 07:21:52'),(100255,6,'2019-07-12 07:21:52','2019-07-12 07:21:52');
/*!40000 ALTER TABLE `abc_resource_library` ENABLE KEYS */;
UNLOCK TABLES;

--
-- Table structure for table `abc_resource_map`
--

DROP TABLE IF EXISTS `abc_resource_map`;
/*!40101 SET @saved_cs_client     = @@character_set_client */;
/*!40101 SET character_set_client = utf8 */;
CREATE TABLE `abc_resource_map` (
  `resource_id` int(11) NOT NULL,
  `object_name` varchar(40) NOT NULL,
  `object_id` int(11) NOT NULL,
  `default` tinyint(1) NOT NULL DEFAULT '0' COMMENT '0-no, 1-Yes',
  `sort_order` int(3) NOT NULL DEFAULT '0',
  `date_added` timestamp NOT NULL DEFAULT '0000-00-00 00:00:00',
  `date_modified` timestamp NOT NULL DEFAULT CURRENT_TIMESTAMP ON UPDATE CURRENT_TIMESTAMP,
  PRIMARY KEY (`resource_id`,`object_name`,`object_id`),
  KEY `ac_resource_map_sorting_idx` (`resource_id`,`sort_order`)
) ENGINE=MyISAM DEFAULT CHARSET=utf8;
/*!40101 SET character_set_client = @saved_cs_client */;

--
-- Dumping data for table `abc_resource_map`
--

LOCK TABLES `abc_resource_map` WRITE;
/*!40000 ALTER TABLE `abc_resource_map` DISABLE KEYS */;
INSERT INTO `abc_resource_map` VALUES (1,'storefront_menu_item',0,0,0,'2019-07-12 07:21:52','2019-07-12 07:21:52'),(2,'storefront_menu_item',0,0,0,'2019-07-12 07:21:52','2019-07-12 07:21:52'),(3,'storefront_menu_item',0,0,0,'2019-07-12 07:21:52','2019-07-12 07:21:52'),(4,'storefront_menu_item',0,0,0,'2019-07-12 07:21:52','2019-07-12 07:21:52'),(5,'storefront_menu_item',0,0,0,'2019-07-12 07:21:52','2019-07-12 07:21:52'),(6,'storefront_menu_item',0,0,0,'2019-07-12 07:21:52','2019-07-12 07:21:52'),(100012,'products',58,0,0,'2019-07-12 07:21:52','2019-07-12 07:21:52'),(100014,'products',80,0,0,'2019-07-12 07:21:52','2019-07-12 07:21:52'),(100013,'products',68,0,0,'2019-07-12 07:21:52','2019-07-12 07:21:52'),(100015,'products',80,0,0,'2019-07-12 07:21:52','2019-07-12 07:21:52'),(100011,'products',65,0,0,'2019-07-12 07:21:52','2019-07-12 07:21:52'),(100010,'products',65,0,0,'2019-07-12 07:21:52','2019-07-12 07:21:52'),(100007,'products',64,0,0,'2019-07-12 07:21:52','2019-07-12 07:21:52'),(100008,'products',64,0,0,'2019-07-12 07:21:52','2019-07-12 07:21:52'),(100009,'products',64,0,0,'2019-07-12 07:21:52','2019-07-12 07:21:52'),(100016,'products',80,0,0,'2019-07-12 07:21:52','2019-07-12 07:21:52'),(100017,'products',80,0,0,'2019-07-12 07:21:52','2019-07-12 07:21:52'),(100018,'products',84,0,0,'2019-07-12 07:21:52','2019-07-12 07:21:52'),(100019,'products',84,0,0,'2019-07-12 07:21:52','2019-07-12 07:21:52'),(100020,'products',84,0,0,'2019-07-12 07:21:52','2019-07-12 07:21:52'),(100021,'products',83,0,0,'2019-07-12 07:21:52','2019-07-12 07:21:52'),(100022,'products',82,0,0,'2019-07-12 07:21:52','2019-07-12 07:21:52'),(100023,'products',83,0,0,'2019-07-12 07:21:52','2019-07-12 07:21:52'),(100024,'products',83,0,0,'2019-07-12 07:21:52','2019-07-12 07:21:52'),(100249,'products',81,0,1,'2019-07-12 07:21:52','2019-07-12 07:21:52'),(100026,'products',51,0,0,'2019-07-12 07:21:52','2019-07-12 07:21:52'),(100027,'products',51,0,0,'2019-07-12 07:21:52','2019-07-12 07:21:52'),(100028,'products',51,0,0,'2019-07-12 07:21:52','2019-07-12 07:21:52'),(100029,'products',52,0,0,'2019-07-12 07:21:52','2019-07-12 07:21:52'),(100030,'products',92,0,0,'2019-07-12 07:21:52','2019-07-12 07:21:52'),(100031,'products',72,0,0,'2019-07-12 07:21:52','2019-07-12 07:21:52'),(100032,'products',61,0,0,'2019-07-12 07:21:52','2019-07-12 07:21:52'),(100033,'products',61,0,0,'2019-07-12 07:21:52','2019-07-12 07:21:52'),(100034,'products',61,0,0,'2019-07-12 07:21:52','2019-07-12 07:21:52'),(100035,'products',93,0,0,'2019-07-12 07:21:52','2019-07-12 07:21:52'),(100036,'products',74,0,0,'2019-07-12 07:21:52','2019-07-12 07:21:52'),(100037,'products',57,0,0,'2019-07-12 07:21:52','2019-07-12 07:21:52'),(100038,'products',57,0,0,'2019-07-12 07:21:52','2019-07-12 07:21:52'),(100039,'products',57,0,0,'2019-07-12 07:21:52','2019-07-12 07:21:52'),(100040,'products',57,0,0,'2019-07-12 07:21:52','2019-07-12 07:21:52'),(100041,'products',57,0,0,'2019-07-12 07:21:52','2019-07-12 07:21:52'),(100042,'products',57,0,0,'2019-07-12 07:21:52','2019-07-12 07:21:52'),(100043,'products',57,0,0,'2019-07-12 07:21:52','2019-07-12 07:21:52'),(100044,'products',75,0,2,'2019-07-12 07:21:52','2019-07-12 07:21:52'),(100045,'products',75,0,1,'2019-07-12 07:21:52','2019-07-12 07:21:52'),(100046,'products',75,0,3,'2019-07-12 07:21:52','2019-07-12 07:21:52'),(100047,'products',70,0,0,'2019-07-12 07:21:52','2019-07-12 07:21:52'),(100048,'products',86,0,0,'2019-07-12 07:21:52','2019-07-12 07:21:52'),(100049,'products',97,0,0,'2019-07-12 07:21:52','2019-07-12 07:21:52'),(100050,'products',96,0,0,'2019-07-12 07:21:52','2019-07-12 07:21:52'),(100051,'products',96,0,0,'2019-07-12 07:21:52','2019-07-12 07:21:52'),(100052,'products',67,0,0,'2019-07-12 07:21:52','2019-07-12 07:21:52'),(100053,'products',99,0,0,'2019-07-12 07:21:52','2019-07-12 07:21:52'),(100054,'products',85,0,0,'2019-07-12 07:21:52','2019-07-12 07:21:52'),(100055,'products',85,0,0,'2019-07-12 07:21:52','2019-07-12 07:21:52'),(100056,'products',85,0,0,'2019-07-12 07:21:52','2019-07-12 07:21:52'),(100057,'products',73,0,0,'2019-07-12 07:21:52','2019-07-12 07:21:52'),(100058,'products',91,0,0,'2019-07-12 07:21:52','2019-07-12 07:21:52'),(100059,'products',55,0,0,'2019-07-12 07:21:52','2019-07-12 07:21:52'),(100060,'products',55,0,0,'2019-07-12 07:21:52','2019-07-12 07:21:52'),(100061,'products',55,0,0,'2019-07-12 07:21:52','2019-07-12 07:21:52'),(100062,'products',55,0,0,'2019-07-12 07:21:52','2019-07-12 07:21:52'),(100063,'products',55,0,0,'2019-07-12 07:21:52','2019-07-12 07:21:52'),(100064,'products',87,0,0,'2019-07-12 07:21:52','2019-07-12 07:21:52'),(100065,'products',77,0,0,'2019-07-12 07:21:52','2019-07-12 07:21:52'),(100066,'products',77,0,0,'2019-07-12 07:21:52','2019-07-12 07:21:52'),(100067,'products',77,0,0,'2019-07-12 07:21:52','2019-07-12 07:21:52'),(100068,'products',77,0,0,'2019-07-12 07:21:52','2019-07-12 07:21:52'),(100069,'products',76,0,2,'2019-07-12 07:21:52','2019-07-12 07:21:52'),(100070,'products',76,0,1,'2019-07-12 07:21:52','2019-07-12 07:21:52'),(100071,'products',60,0,0,'2019-07-12 07:21:52','2019-07-12 07:21:52'),(100072,'products',60,0,0,'2019-07-12 07:21:52','2019-07-12 07:21:52'),(100073,'products',60,0,0,'2019-07-12 07:21:52','2019-07-12 07:21:52'),(100074,'products',60,0,0,'2019-07-12 07:21:52','2019-07-12 07:21:52'),(100075,'products',94,0,0,'2019-07-12 07:21:52','2019-07-12 07:21:52'),(100076,'products',90,0,0,'2019-07-12 07:21:52','2019-07-12 07:21:52'),(100077,'products',90,0,0,'2019-07-12 07:21:52','2019-07-12 07:21:52'),(100078,'products',90,0,0,'2019-07-12 07:21:52','2019-07-12 07:21:52'),(100079,'products',71,0,0,'2019-07-12 07:21:52','2019-07-12 07:21:52'),(100080,'products',63,0,0,'2019-07-12 07:21:52','2019-07-12 07:21:52'),(100081,'products',63,0,0,'2019-07-12 07:21:52','2019-07-12 07:21:52'),(100082,'products',69,0,0,'2019-07-12 07:21:52','2019-07-12 07:21:52'),(100083,'products',89,0,0,'2019-07-12 07:21:52','2019-07-12 07:21:52'),(100084,'products',89,0,0,'2019-07-12 07:21:52','2019-07-12 07:21:52'),(100085,'products',89,0,0,'2019-07-12 07:21:52','2019-07-12 07:21:52'),(100086,'products',89,0,0,'2019-07-12 07:21:52','2019-07-12 07:21:52'),(100087,'products',98,0,0,'2019-07-12 07:21:52','2019-07-12 07:21:52'),(100088,'products',95,0,0,'2019-07-12 07:21:52','2019-07-12 07:21:52'),(100089,'products',50,0,0,'2019-07-12 07:21:52','2019-07-12 07:21:52'),(100091,'products',66,0,0,'2019-07-12 07:21:52','2019-07-12 07:21:52'),(100092,'products',66,0,0,'2019-07-12 07:21:52','2019-07-12 07:21:52'),(100093,'products',66,0,0,'2019-07-12 07:21:52','2019-07-12 07:21:52'),(100094,'products',53,0,0,'2019-07-12 07:21:52','2019-07-12 07:21:52'),(100095,'products',53,0,0,'2019-07-12 07:21:52','2019-07-12 07:21:52'),(100096,'products',53,0,0,'2019-07-12 07:21:52','2019-07-12 07:21:52'),(100097,'products',59,0,0,'2019-07-12 07:21:52','2019-07-12 07:21:52'),(100098,'products',59,0,0,'2019-07-12 07:21:52','2019-07-12 07:21:52'),(100099,'products',59,0,0,'2019-07-12 07:21:52','2019-07-12 07:21:52'),(100100,'products',59,0,0,'2019-07-12 07:21:52','2019-07-12 07:21:52'),(100101,'products',56,0,0,'2019-07-12 07:21:52','2019-07-12 07:21:52'),(100109,'products',78,0,0,'2019-07-12 07:21:52','2019-07-12 07:21:52'),(100108,'products',78,0,0,'2019-07-12 07:21:52','2019-07-12 07:21:52'),(100105,'products',79,0,0,'2019-07-12 07:21:52','2019-07-12 07:21:52'),(100106,'products',79,0,0,'2019-07-12 07:21:52','2019-07-12 07:21:52'),(100107,'products',79,0,0,'2019-07-12 07:21:52','2019-07-12 07:21:52'),(100110,'products',78,0,0,'2019-07-12 07:21:52','2019-07-12 07:21:52'),(100111,'products',88,0,0,'2019-07-12 07:21:52','2019-07-12 07:21:52'),(100112,'products',62,0,0,'2019-07-12 07:21:52','2019-07-12 07:21:52'),(100114,'manufacturers',16,0,0,'2019-07-12 07:21:52','2019-07-12 07:21:52'),(100115,'manufacturers',14,0,0,'2019-07-12 07:21:52','2019-07-12 07:21:52'),(100116,'manufacturers',13,0,0,'2019-07-12 07:21:52','2019-07-12 07:21:52'),(100117,'manufacturers',12,0,0,'2019-07-12 07:21:52','2019-07-12 07:21:52'),(100118,'manufacturers',11,0,0,'2019-07-12 07:21:52','2019-07-12 07:21:52'),(100119,'manufacturers',15,0,0,'2019-07-12 07:21:52','2019-07-12 07:21:52'),(100120,'manufacturers',17,0,0,'2019-07-12 07:21:52','2019-07-12 07:21:52'),(100121,'manufacturers',18,0,0,'2019-07-12 07:21:52','2019-07-12 07:21:52'),(100122,'manufacturers',19,0,0,'2019-07-12 07:21:52','2019-07-12 07:21:52'),(100123,'categories',52,0,0,'2019-07-12 07:21:52','2019-07-12 07:21:52'),(100124,'categories',36,0,0,'2019-07-12 07:21:52','2019-07-12 07:21:52'),(100125,'categories',43,0,0,'2019-07-12 07:21:52','2019-07-12 07:21:52'),(100126,'categories',49,0,0,'2019-07-12 07:21:52','2019-07-12 07:21:52'),(100249,'categories',58,0,1,'2019-07-12 07:21:52','2019-07-12 07:21:52'),(100128,'categories',50,0,0,'2019-07-12 07:21:52','2019-07-12 07:21:52'),(100129,'categories',51,0,0,'2019-07-12 07:21:52','2019-07-12 07:21:52'),(100130,'categories',53,0,0,'2019-07-12 07:21:52','2019-07-12 07:21:52'),(100131,'categories',54,0,0,'2019-07-12 07:21:52','2019-07-12 07:21:52'),(100132,'categories',38,0,0,'2019-07-12 07:21:52','2019-07-12 07:21:52'),(100133,'categories',40,0,0,'2019-07-12 07:21:52','2019-07-12 07:21:52'),(100134,'categories',41,0,0,'2019-07-12 07:21:52','2019-07-12 07:21:52'),(100135,'categories',42,0,0,'2019-07-12 07:21:52','2019-07-12 07:21:52'),(100136,'categories',39,0,0,'2019-07-12 07:21:52','2019-07-12 07:21:52'),(100137,'categories',37,0,0,'2019-07-12 07:21:52','2019-07-12 07:21:52'),(100138,'categories',59,0,0,'2019-07-12 07:21:52','2019-07-12 07:21:52'),(100139,'categories',60,0,0,'2019-07-12 07:21:52','2019-07-12 07:21:52'),(100140,'categories',61,0,0,'2019-07-12 07:21:52','2019-07-12 07:21:52'),(100141,'categories',63,0,0,'2019-07-12 07:21:52','2019-07-12 07:21:52'),(100142,'categories',46,0,0,'2019-07-12 07:21:52','2019-07-12 07:21:52'),(100143,'categories',47,0,0,'2019-07-12 07:21:52','2019-07-12 07:21:52'),(100144,'categories',44,0,0,'2019-07-12 07:21:52','2019-07-12 07:21:52'),(100145,'categories',45,0,0,'2019-07-12 07:21:52','2019-07-12 07:21:52'),(100146,'categories',48,0,0,'2019-07-12 07:21:52','2019-07-12 07:21:52'),(100150,'products',101,0,0,'2019-07-12 07:21:52','2019-07-12 07:21:52'),(100178,'products',101,0,0,'2019-07-12 07:21:52','2019-07-12 07:21:52'),(100153,'manufacturers',20,0,0,'2019-07-12 07:21:52','2019-07-12 07:21:52'),(100154,'products',102,0,0,'2019-07-12 07:21:52','2019-07-12 07:21:52'),(100155,'products',102,0,0,'2019-07-12 07:21:52','2019-07-12 07:21:52'),(100156,'products',102,0,0,'2019-07-12 07:21:52','2019-07-12 07:21:52'),(100157,'products',103,0,2,'2019-07-12 07:21:52','2019-07-12 07:21:52'),(100159,'products',103,0,3,'2019-07-12 07:21:52','2019-07-12 07:21:52'),(100160,'products',104,0,0,'2019-07-12 07:21:52','2019-07-12 07:21:52'),(100162,'products',105,0,0,'2019-07-12 07:21:52','2019-07-12 07:21:52'),(100163,'products',106,0,2,'2019-07-12 07:21:52','2019-07-12 07:21:52'),(100164,'products',106,0,2,'2019-07-12 07:21:52','2019-07-12 07:21:52'),(100165,'products',106,0,1,'2019-07-12 07:21:52','2019-07-12 07:21:52'),(100166,'products',107,0,0,'2019-07-12 07:21:52','2019-07-12 07:21:52'),(100167,'products',107,0,0,'2019-07-12 07:21:52','2019-07-12 07:21:52'),(100168,'products',108,0,0,'2019-07-12 07:21:52','2019-07-12 07:21:52'),(100169,'products',108,0,0,'2019-07-12 07:21:52','2019-07-12 07:21:52'),(100170,'products',108,0,0,'2019-07-12 07:21:52','2019-07-12 07:21:52'),(100171,'products',108,0,0,'2019-07-12 07:21:52','2019-07-12 07:21:52'),(100173,'products',109,0,0,'2019-07-12 07:21:52','2019-07-12 07:21:52'),(100174,'products',110,0,0,'2019-07-12 07:21:52','2019-07-12 07:21:52'),(100175,'products',110,0,0,'2019-07-12 07:21:52','2019-07-12 07:21:52'),(100176,'products',110,0,0,'2019-07-12 07:21:52','2019-07-12 07:21:52'),(100188,'banners',13,0,0,'2019-07-12 07:21:52','2019-07-12 07:21:52'),(100188,'banners',14,0,0,'2019-07-12 07:21:52','2019-07-12 07:21:52'),(100188,'banners',15,0,0,'2019-07-12 07:21:52','2019-07-12 07:21:52'),(100188,'banners',16,0,0,'2019-07-12 07:21:52','2019-07-12 07:21:52'),(100194,'banners',18,0,1,'2019-07-12 07:21:52','2019-07-12 07:21:52'),(100195,'products',111,0,1,'2019-07-12 07:21:52','2019-07-12 07:21:52'),(100198,'products',112,0,1,'2019-07-12 07:21:52','2019-07-12 07:21:52'),(100199,'categories',66,0,1,'2019-07-12 07:21:52','2019-07-12 07:21:52'),(100200,'categories',65,0,1,'2019-07-12 07:21:52','2019-07-12 07:21:52'),(100201,'products',113,0,1,'2019-07-12 07:21:52','2019-07-12 07:21:52'),(100202,'products',113,0,2,'2019-07-12 07:21:52','2019-07-12 07:21:52'),(100202,'categories',67,0,1,'2019-07-12 07:21:52','2019-07-12 07:21:52'),(100203,'products',114,0,1,'2019-07-12 07:21:52','2019-07-12 07:21:52'),(100204,'products',115,0,2,'2019-07-12 07:21:52','2019-07-12 07:21:52'),(100206,'products',115,0,1,'2019-07-12 07:21:52','2019-07-12 07:21:52'),(100207,'product_option_value',754,0,1,'2019-07-12 07:21:52','2019-07-12 07:21:52'),(100208,'product_option_value',754,0,2,'2019-07-12 07:21:52','2019-07-12 07:21:52'),(100209,'product_option_value',754,0,3,'2019-07-12 07:21:52','2019-07-12 07:21:52'),(100210,'product_option_value',754,0,4,'2019-07-12 07:21:52','2019-07-12 07:21:52'),(100211,'product_option_value',753,0,6,'2019-07-12 07:21:52','2019-07-12 07:21:52'),(100212,'product_option_value',753,0,2,'2019-07-12 07:21:52','2019-07-12 07:21:52'),(100213,'product_option_value',753,0,3,'2019-07-12 07:21:52','2019-07-12 07:21:52'),(100214,'product_option_value',753,0,4,'2019-07-12 07:21:52','2019-07-12 07:21:52'),(100215,'product_option_value',753,0,5,'2019-07-12 07:21:52','2019-07-12 07:21:52'),(100216,'product_option_value',753,0,1,'2019-07-12 07:21:52','2019-07-12 07:21:52'),(100217,'product_option_value',752,0,4,'2019-07-12 07:21:52','2019-07-12 07:21:52'),(100218,'product_option_value',752,0,2,'2019-07-12 07:21:52','2019-07-12 07:21:52'),(100219,'product_option_value',752,0,3,'2019-07-12 07:21:52','2019-07-12 07:21:52'),(100220,'product_option_value',752,0,1,'2019-07-12 07:21:52','2019-07-12 07:21:52'),(100221,'product_option_value',752,0,5,'2019-07-12 07:21:52','2019-07-12 07:21:52'),(100222,'products',116,0,5,'2019-07-12 07:21:52','2019-07-12 07:21:52'),(100223,'products',116,0,4,'2019-07-12 07:21:52','2019-07-12 07:21:52'),(100224,'products',116,0,3,'2019-07-12 07:21:52','2019-07-12 07:21:52'),(100225,'products',116,0,1,'2019-07-12 07:21:52','2019-07-12 07:21:52'),(100226,'products',116,0,2,'2019-07-12 07:21:52','2019-07-12 07:21:52'),(100227,'products',116,0,6,'2019-07-12 07:21:52','2019-07-12 07:21:52'),(100228,'products',117,0,1,'2019-07-12 07:21:52','2019-07-12 07:21:52'),(100229,'products',117,0,2,'2019-07-12 07:21:52','2019-07-12 07:21:52'),(100230,'products',117,0,3,'2019-07-12 07:21:52','2019-07-12 07:21:52'),(100231,'products',117,0,4,'2019-07-12 07:21:52','2019-07-12 07:21:52'),(100232,'products',117,0,5,'2019-07-12 07:21:52','2019-07-12 07:21:52'),(100233,'products',117,0,6,'2019-07-12 07:21:52','2019-07-12 07:21:52'),(100235,'products',118,0,1,'2019-07-12 07:21:52','2019-07-12 07:21:52'),(100236,'products',118,0,2,'2019-07-12 07:21:52','2019-07-12 07:21:52'),(100237,'products',118,0,3,'2019-07-12 07:21:52','2019-07-12 07:21:52'),(100238,'products',118,0,4,'2019-07-12 07:21:52','2019-07-12 07:21:52'),(100239,'products',118,0,5,'2019-07-12 07:21:52','2019-07-12 07:21:52'),(100240,'products',118,0,6,'2019-07-12 07:21:52','2019-07-12 07:21:52'),(100241,'products',119,0,1,'2019-07-12 07:21:52','2019-07-12 07:21:52'),(100242,'products',120,0,1,'2019-07-12 07:21:52','2019-07-12 07:21:52'),(100243,'products',121,0,1,'2019-07-12 07:21:52','2019-07-12 07:21:52'),(100244,'products',121,0,2,'2019-07-12 07:21:52','2019-07-12 07:21:52'),(100245,'products',122,0,5,'2019-07-12 07:21:52','2019-07-12 07:21:52'),(100246,'products',122,0,2,'2019-07-12 07:21:52','2019-07-12 07:21:52'),(100247,'products',122,0,3,'2019-07-12 07:21:52','2019-07-12 07:21:52'),(100248,'products',122,0,1,'2019-07-12 07:21:52','2019-07-12 07:21:52'),(100250,'products',54,0,1,'2019-07-12 07:21:52','2019-07-12 07:21:52'),(100244,'categories',68,0,1,'2019-07-12 07:21:52','2019-07-12 07:21:52'),(100216,'categories',69,0,1,'2019-07-12 07:21:52','2019-07-12 07:21:52'),(100243,'categories',70,0,1,'2019-07-12 07:21:52','2019-07-12 07:21:52'),(100251,'products',123,0,1,'2019-07-12 07:21:52','2019-07-12 07:21:52'),(100252,'products',123,0,2,'2019-07-12 07:21:52','2019-07-12 07:21:52'),(100253,'products',123,0,3,'2019-07-12 07:21:52','2019-07-12 07:21:52');
/*!40000 ALTER TABLE `abc_resource_map` ENABLE KEYS */;
UNLOCK TABLES;

--
-- Table structure for table `abc_resource_types`
--

DROP TABLE IF EXISTS `abc_resource_types`;
/*!40101 SET @saved_cs_client     = @@character_set_client */;
/*!40101 SET character_set_client = utf8 */;
CREATE TABLE `abc_resource_types` (
  `type_id` int(11) NOT NULL AUTO_INCREMENT,
  `type_name` varchar(40) NOT NULL DEFAULT '',
  `default_directory` varchar(255) NOT NULL,
  `default_icon` varchar(255) DEFAULT NULL,
  `file_types` varchar(40) NOT NULL DEFAULT '',
  `access_type` tinyint(1) NOT NULL DEFAULT '0' COMMENT '0-Public, 1-Secured',
  PRIMARY KEY (`type_id`),
  KEY `group_id` (`type_id`,`type_name`)
) ENGINE=MyISAM AUTO_INCREMENT=7 DEFAULT CHARSET=utf8;
/*!40101 SET character_set_client = @saved_cs_client */;

--
-- Dumping data for table `abc_resource_types`
--

LOCK TABLES `abc_resource_types` WRITE;
/*!40000 ALTER TABLE `abc_resource_types` DISABLE KEYS */;
INSERT INTO `abc_resource_types` VALUES (1,'image','image/','icon_resource_image.png','/.+(jpe?g|gif|png|ico|svg|svgz)$/i',0),(2,'audio','audio/','icon_resource_audio.png','/.+(mp3|wav)$/i',0),(3,'video','video/','icon_resource_video.png','/.+(avi|mpg|mov|flv)$/i',0),(4,'pdf','pdf_document/','icon_resource_pdf.png','/.+(pdf)$/i',0),(5,'archive','archive/','icon_resource_archive.png','/.+(zip|rar|gz|7z)$/i',1),(6,'download','download/','icon_resource_download.png','/.+$/i',1);
/*!40000 ALTER TABLE `abc_resource_types` ENABLE KEYS */;
UNLOCK TABLES;

--
-- Table structure for table `abc_reviews`
--

DROP TABLE IF EXISTS `abc_reviews`;
/*!40101 SET @saved_cs_client     = @@character_set_client */;
/*!40101 SET character_set_client = utf8 */;
CREATE TABLE `abc_reviews` (
  `review_id` int(11) NOT NULL AUTO_INCREMENT,
  `product_id` int(11) NOT NULL,
  `customer_id` int(11) NOT NULL,
  `author` varchar(64) NOT NULL DEFAULT '',
  `text` longtext NOT NULL,
  `rating` int(1) NOT NULL,
  `status` int(1) NOT NULL DEFAULT '0',
  `date_added` timestamp NOT NULL DEFAULT '0000-00-00 00:00:00',
  `date_modified` timestamp NOT NULL DEFAULT CURRENT_TIMESTAMP ON UPDATE CURRENT_TIMESTAMP,
  PRIMARY KEY (`review_id`),
  KEY `ac_reviews_idx` (`product_id`,`customer_id`)
) ENGINE=MyISAM AUTO_INCREMENT=81 DEFAULT CHARSET=utf8;
/*!40101 SET character_set_client = @saved_cs_client */;

--
-- Dumping data for table `abc_reviews`
--

LOCK TABLES `abc_reviews` WRITE;
/*!40000 ALTER TABLE `abc_reviews` DISABLE KEYS */;
INSERT INTO `abc_reviews` VALUES (63,77,6,'Bernard Horne','I thought since it was made for men that it was the perfect thing to go with the body wash. Its too small and doesn\'t lather up very well.',3,1,'2019-07-12 07:21:52','2019-07-12 07:21:52'),(62,54,2,'Juliana Davis','I\'ve been wearing all Lancome mascara\'s and I\'m just get really upset when I\'m out. I\'ve tried other Brands, but it\'s always right back to the Lancome productss. The extend L\'EXTREME is by far the best!!! Really Long and Great! ',5,1,'2019-07-12 07:21:52','2019-07-12 07:21:52'),(61,56,0,'Cassandra','Fortunately, I got this as a gift. BUT, I am willing to purchase this when I run out. This may be expensive but it is sooooo worth it! I love this concealer and I wouldn\'t even dare to use other brands. One more thing, the little tube lasts for a long time. I\'ve been using it everyday for 8 months now and I still have about 1/4 left.',5,1,'2019-07-12 07:21:52','2019-07-12 07:21:52'),(64,76,7,'James','Finally a deodorant for men that doesn\'t smell like cheap cologne. I\'ve been using this for a couple of weeks now and I can\'t say anything bad about it. To me it just smells fresh',4,1,'2019-07-12 07:21:52','2019-07-12 07:21:52'),(65,100,0,'Juli','Smooth Silk is an accurate name for this creamy lip liner. It is by far the best lip pencil I have ever encountered.',5,1,'2019-07-12 07:21:52','2019-07-12 07:21:52'),(66,100,0,'Marianne','Nice pencil! This is a smooth, long lasting pencil, wonderful shades!',4,1,'2019-07-12 07:21:52','2019-07-12 07:21:52'),(67,97,0,'Ann','Really reduces shades and swellings)',4,1,'2019-07-12 07:21:52','2019-07-12 07:21:52'),(68,99,0,'Alice','This is much darker than the picture',2,1,'2019-07-12 07:21:52','2019-07-12 07:21:52'),(69,57,0,'Jane','When it arrived, the blush had cracked and was crumbling all over, so I\'m only able to use half of it.',2,1,'2019-07-12 07:21:52','2019-07-12 07:21:52'),(70,55,0,'Kristin K.','These lipsticks are moisturizing and have good pigmentation; however, their lasting power is not as advertised! ',4,1,'2019-07-12 07:21:52','2019-07-12 07:21:52'),(71,55,0,'lara','This is quite simply good stuff. \nThe color payout is rich, the texture creamy and moist, and best of all no scent. No taste.',5,1,'2019-07-12 07:21:52','2019-07-12 07:21:52'),(72,93,0,'L. D.','I totally love it.it smells heavenly . It smells so natural and my skin just loves it. ',5,1,'2019-07-12 07:21:52','2019-07-12 07:21:52'),(73,93,0,'Walton','This creme is a bit heavy for my skin; however, as the day goes on it does not create an oily build-up. A little goes a long way, and I could see improvements in my skin tone within a week. Good product, will be purchasing again.',4,1,'2019-07-12 07:21:52','2019-07-12 07:21:52'),(74,74,0,'Stefania V','it works very well moisturing and cleaning and unlike many other healthy shampoos it doesn\'t open the hair platelets too far and therefore doesn\'t feel so dry and sticky so I can get away without using a conditioner. Great value.',4,1,'2019-07-12 07:21:52','2019-07-12 07:21:52'),(75,102,0,'Mary','This is more of a evening fragrance. I love it',4,1,'2019-07-12 07:21:52','2019-07-12 07:21:52'),(76,110,0,'Lara','Product was very reasonably priced. It will make a nice gift.',5,1,'2019-07-12 07:21:52','2019-07-12 07:21:52'),(77,111,0,'Mr. G. Thomas','I would totally recommend product for anyone keen to learn a foreign language quickly. \nHowever, you must be fully committed and be ready to dedicate your time for study every day!',5,1,'2019-07-12 07:21:52','2019-07-12 07:21:52'),(78,119,0,'F Buckley ','Good quality. Also good enough to wear out.\n\nWould order more in the future. ',5,1,'2019-07-12 07:21:52','2019-07-12 07:21:52'),(79,111,13,'Eric',' I\'ve tried every other course out there and this gives you a feeling of instant gratification. The focus is on speaking.',4,0,'2019-07-12 07:21:52','2019-07-12 07:21:52'),(80,75,15,'Alex','This worked awesomely for me.  This product is perfect for my dry skin.',5,1,'2019-07-12 07:21:52','2019-07-12 07:21:52');
/*!40000 ALTER TABLE `abc_reviews` ENABLE KEYS */;
UNLOCK TABLES;

--
-- Table structure for table `abc_settings`
--

DROP TABLE IF EXISTS `abc_settings`;
/*!40101 SET @saved_cs_client     = @@character_set_client */;
/*!40101 SET character_set_client = utf8 */;
CREATE TABLE `abc_settings` (
  `setting_id` int(11) NOT NULL AUTO_INCREMENT,
  `store_id` int(11) NOT NULL DEFAULT '0',
  `group` varchar(32) NOT NULL,
  `key` varchar(64) NOT NULL DEFAULT '',
  `value` text NOT NULL,
  `date_added` timestamp NOT NULL DEFAULT '0000-00-00 00:00:00',
  `date_modified` timestamp NOT NULL DEFAULT CURRENT_TIMESTAMP ON UPDATE CURRENT_TIMESTAMP,
  PRIMARY KEY (`setting_id`,`store_id`,`group`,`key`),
  KEY `ac_settings_idx` (`value`(333))
) ENGINE=MyISAM AUTO_INCREMENT=296 DEFAULT CHARSET=utf8;
/*!40101 SET character_set_client = @saved_cs_client */;

--
-- Dumping data for table `abc_settings`
--

LOCK TABLES `abc_settings` WRITE;
/*!40000 ALTER TABLE `abc_settings` DISABLE KEYS */;
INSERT INTO `abc_settings` VALUES (267,0,'details','store_name','Web Store Name','2019-07-17 05:59:18','2019-07-17 05:59:18'),(269,0,'details','config_url','http://demo2.abantecart.com/','2019-07-17 05:59:18','2019-07-17 05:59:18'),(295,0,'details','config_ssl','1','2019-07-17 05:59:18','2019-07-17 05:59:18'),(271,0,'details','config_ssl_url','https://demo2.abantecart.com/','2019-07-17 05:59:18','2019-07-17 05:59:18'),(276,0,'details','config_owner','Your Name','2019-07-17 05:59:18','2019-07-17 05:59:18'),(278,0,'details','store_main_email','noreply@abantecart.com','2019-07-17 05:59:18','2019-07-17 05:59:18'),(279,0,'details','config_telephone','123456789','2019-07-17 05:59:18','2019-07-17 05:59:18'),(280,0,'details','config_fax','','2019-07-17 05:59:18','2019-07-17 05:59:18'),(272,0,'details','config_title_1','Demo Store','2019-07-17 05:59:18','2019-07-17 05:59:18'),(273,0,'details','config_meta_description_1','Web Store Meta Description','2019-07-17 05:59:18','2019-07-17 05:59:18'),(274,0,'details','config_meta_keywords_1','keyword1,keyword2,keyword3','2019-07-17 05:59:18','2019-07-17 05:59:18'),(275,0,'details','config_description_1','Welcome to web store!','2019-07-17 05:59:18','2019-07-17 05:59:18'),(281,0,'details','config_country_id','223','2019-07-17 05:59:18','2019-07-17 05:59:18'),(282,0,'details','config_zone_id','3655','2019-07-17 05:59:18','2019-07-17 05:59:18'),(284,0,'details','config_storefront_language','en','2019-07-17 05:59:18','2019-07-17 05:59:18'),(285,0,'details','admin_language','en','2019-07-17 05:59:18','2019-07-17 05:59:18'),(291,0,'details','config_currency','USD','2019-07-17 05:59:18','2019-07-17 05:59:18'),(292,0,'details','config_currency_auto','1','2019-07-17 05:59:18','2019-07-17 05:59:18'),(293,0,'details','config_length_class','in','2019-07-17 05:59:18','2019-07-17 05:59:18'),(294,0,'details','config_weight_class','lb','2019-07-17 05:59:18','2019-07-17 05:59:18'),(286,0,'details','auto_translate_status','1','2019-07-17 05:59:18','2019-07-17 05:59:18'),(287,0,'details','translate_src_lang_code','en','2019-07-17 05:59:18','2019-07-17 05:59:18'),(289,0,'details','translate_override_existing','0','2019-07-17 05:59:18','2019-07-17 05:59:18'),(290,0,'details','warn_lang_text_missing','0','2019-07-17 05:59:18','2019-07-17 05:59:18'),(283,0,'details','config_duplicate_contact_us_to_message','1','2019-07-17 05:59:18','2019-07-17 05:59:18'),(27,0,'general','config_admin_limit','20','0000-00-00 00:00:00','2019-07-12 07:21:52'),(28,0,'general','config_catalog_limit','20','0000-00-00 00:00:00','2019-07-12 07:21:52'),(29,0,'general','config_bestseller_limit','4','0000-00-00 00:00:00','2019-07-12 07:21:52'),(30,0,'general','config_featured_limit','4','0000-00-00 00:00:00','2019-07-12 07:21:52'),(31,0,'general','config_latest_limit','4','0000-00-00 00:00:00','2019-07-12 07:21:52'),(32,0,'general','config_special_limit','4','0000-00-00 00:00:00','2019-07-12 07:21:52'),(33,0,'general','config_stock_display','1','0000-00-00 00:00:00','2019-07-12 07:21:52'),(235,0,'general','config_nostock_autodisable','0','2019-07-17 05:58:28','2019-07-17 05:58:28'),(234,0,'general','config_stock_status_id','1','2019-07-17 05:58:05','2019-07-17 05:58:05'),(36,0,'general','enable_reviews','1','0000-00-00 00:00:00','2019-07-12 07:21:52'),(37,0,'general','config_download','1','0000-00-00 00:00:00','2019-07-12 07:21:52'),(38,0,'general','config_help_links','1','0000-00-00 00:00:00','2019-07-12 07:21:52'),(39,0,'general','config_show_tree_data','1','0000-00-00 00:00:00','2019-07-12 07:21:52'),(40,0,'general','config_embed_status','1','0000-00-00 00:00:00','2019-07-12 07:21:52'),(41,0,'general','config_embed_click_action','modal','0000-00-00 00:00:00','2019-07-12 07:21:52'),(233,0,'general','config_product_default_sort_order','date_modified-DESC','2019-07-17 05:57:42','2019-07-17 05:57:42'),(43,0,'general','config_account_create_captcha','0','0000-00-00 00:00:00','2019-07-12 07:21:52'),(44,0,'general','config_recaptcha_site_key','','0000-00-00 00:00:00','2019-07-12 07:21:52'),(45,0,'general','config_recaptcha_secret_key','','0000-00-00 00:00:00','2019-07-12 07:21:52'),(46,0,'general','config_google_analytics_code','','0000-00-00 00:00:00','2019-07-12 07:21:52'),(47,0,'checkout','starting_invoice_id','1','0000-00-00 00:00:00','2019-07-12 07:21:52'),(48,0,'checkout','invoice_prefix','IN#','0000-00-00 00:00:00','2019-07-12 07:21:52'),(232,0,'checkout','config_cart_weight','1','2019-07-17 05:56:59','2019-07-17 05:56:59'),(50,0,'checkout','config_shipping_session','0','0000-00-00 00:00:00','2019-07-12 07:21:52'),(51,0,'checkout','config_tax','0','0000-00-00 00:00:00','2019-07-12 07:21:52'),(52,0,'checkout','config_tax_store','1','0000-00-00 00:00:00','2019-07-12 07:21:52'),(53,0,'checkout','config_tax_customer','0','0000-00-00 00:00:00','2019-07-12 07:21:52'),(54,0,'checkout','config_customer_price','1','0000-00-00 00:00:00','2019-07-12 07:21:52'),(55,0,'checkout','config_customer_group_id','1','0000-00-00 00:00:00','2019-07-12 07:21:52'),(56,0,'checkout','config_customer_approval','0','0000-00-00 00:00:00','2019-07-12 07:21:52'),(57,0,'checkout','config_customer_email_activation','0','0000-00-00 00:00:00','2019-07-12 07:21:52'),(58,0,'checkout','prevent_email_as_login','1','0000-00-00 00:00:00','2019-07-12 07:21:52'),(59,0,'checkout','config_guest_checkout','1','0000-00-00 00:00:00','2019-07-12 07:21:52'),(60,0,'checkout','config_account_id','2','0000-00-00 00:00:00','2019-07-12 07:21:52'),(61,0,'checkout','config_checkout_id','3','0000-00-00 00:00:00','2019-07-12 07:21:52'),(62,0,'checkout','config_stock_checkout','0','0000-00-00 00:00:00','2019-07-12 07:21:52'),(63,0,'checkout','config_order_status_id','1','0000-00-00 00:00:00','2019-07-12 07:21:52'),(64,0,'checkout','config_stock_subtract','0','0000-00-00 00:00:00','2019-07-12 07:21:52'),(65,0,'checkout','config_cart_ajax','1','0000-00-00 00:00:00','2019-07-12 07:21:52'),(66,0,'checkout','total_order_maximum','0','0000-00-00 00:00:00','2019-07-12 07:21:52'),(67,0,'checkout','total_order_minimum','0','0000-00-00 00:00:00','2019-07-12 07:21:52'),(68,0,'checkout','config_shipping_tax_estimate','1','0000-00-00 00:00:00','2019-07-12 07:21:52'),(69,0,'checkout','config_coupon_on_cart_page','1','0000-00-00 00:00:00','2019-07-12 07:21:52'),(70,0,'checkout','config_expire_order_days','30','0000-00-00 00:00:00','2019-07-12 07:21:52'),(71,0,'checkout','config_customer_cancelation_order_status_id','','0000-00-00 00:00:00','2019-07-12 07:21:52'),(72,0,'checkout','config_zero_customer_balance','0','0000-00-00 00:00:00','2019-07-12 07:21:52'),(73,0,'appearance','storefront_width','100%','0000-00-00 00:00:00','2019-07-12 07:21:52'),(74,0,'appearance','config_logo','image/18/73/3.png','0000-00-00 00:00:00','2019-07-12 07:21:52'),(75,0,'appearance','config_mail_logo','image/18/73/3.png','0000-00-00 00:00:00','2019-07-12 07:21:52'),(76,0,'appearance','config_icon','image/18/73/4.png','0000-00-00 00:00:00','2019-07-12 07:21:52'),(77,0,'appearance','config_image_thumb_width','380','0000-00-00 00:00:00','2019-07-12 07:21:52'),(78,0,'appearance','config_image_thumb_height','380','0000-00-00 00:00:00','2019-07-12 07:21:52'),(79,0,'appearance','config_image_popup_width','500','0000-00-00 00:00:00','2019-07-12 07:21:52'),(80,0,'appearance','config_image_popup_height','500','0000-00-00 00:00:00','2019-07-12 07:21:52'),(81,0,'appearance','config_image_product_width','250','0000-00-00 00:00:00','2019-07-12 07:21:52'),(82,0,'appearance','config_image_product_height','250','0000-00-00 00:00:00','2019-07-12 07:21:52'),(83,0,'appearance','config_image_additional_width','45','0000-00-00 00:00:00','2019-07-12 07:21:52'),(84,0,'appearance','config_image_additional_height','45','0000-00-00 00:00:00','2019-07-12 07:21:52'),(85,0,'appearance','config_image_related_width','120','0000-00-00 00:00:00','2019-07-12 07:21:52'),(86,0,'appearance','config_image_related_height','120','0000-00-00 00:00:00','2019-07-12 07:21:52'),(87,0,'appearance','config_image_cart_width','75','0000-00-00 00:00:00','2019-07-12 07:21:52'),(88,0,'appearance','config_image_cart_height','75','0000-00-00 00:00:00','2019-07-12 07:21:52'),(89,0,'appearance','config_image_grid_width','57','0000-00-00 00:00:00','2019-07-12 07:21:52'),(90,0,'appearance','config_image_grid_height','57','0000-00-00 00:00:00','2019-07-12 07:21:52'),(91,0,'appearance','config_image_category_height','120','0000-00-00 00:00:00','2019-07-12 07:21:52'),(92,0,'appearance','config_image_category_width','120','0000-00-00 00:00:00','2019-07-12 07:21:52'),(93,0,'appearance','config_image_manufacturer_height','56','0000-00-00 00:00:00','2019-07-12 07:21:52'),(231,0,'appearance','config_image_manufacturer_width','96','2019-07-17 05:55:50','2019-07-17 05:55:50'),(95,0,'appearance','admin_template','default','0000-00-00 00:00:00','2019-07-12 07:21:52'),(96,0,'appearance','admin_width','100%','0000-00-00 00:00:00','2019-07-12 07:21:52'),(97,0,'appearance','config_storefront_template','default','0000-00-00 00:00:00','2019-07-12 07:21:52'),(98,0,'mail','config_mail_protocol','mail','0000-00-00 00:00:00','2019-07-12 07:21:52'),(99,0,'mail','config_mail_parameter','','0000-00-00 00:00:00','2019-07-12 07:21:52'),(100,0,'mail','config_smtp_host','','0000-00-00 00:00:00','2019-07-12 07:21:52'),(101,0,'mail','config_smtp_username','','0000-00-00 00:00:00','2019-07-12 07:21:52'),(102,0,'mail','config_smtp_password','','0000-00-00 00:00:00','2019-07-12 07:21:52'),(103,0,'mail','config_smtp_port','25','0000-00-00 00:00:00','2019-07-12 07:21:52'),(104,0,'mail','config_smtp_timeout','10','0000-00-00 00:00:00','2019-07-12 07:21:52'),(105,0,'mail','config_alert_mail','0','0000-00-00 00:00:00','2019-07-12 07:21:52'),(106,0,'im','config_storefront_email_status','1','0000-00-00 00:00:00','2019-07-12 07:21:52'),(107,0,'im','config_admin_email_status','1','0000-00-00 00:00:00','2019-07-12 07:21:52'),(108,0,'im','config_im_guest_email_status','1','0000-00-00 00:00:00','2019-07-12 07:21:52'),(109,0,'im','config_im_guest_sms_status','1','0000-00-00 00:00:00','2019-07-12 07:21:52'),(214,0,'system','config_session_ttl','120','2019-07-17 05:54:02','2019-07-17 05:54:02'),(215,0,'system','config_maintenance','0','2019-07-17 05:54:02','2019-07-17 05:54:02'),(112,0,'system','encryption_key','12345','0000-00-00 00:00:00','2019-07-12 07:21:52'),(217,0,'system','enable_seo_url','1','2019-07-17 05:54:02','2019-07-17 05:54:02'),(218,0,'system','config_retina_enable','1','2019-07-17 05:54:02','2019-07-17 05:54:02'),(219,0,'system','config_image_quality','95','2019-07-17 05:54:02','2019-07-17 05:54:02'),(220,0,'system','config_compression','0','2019-07-17 05:54:02','2019-07-17 05:54:02'),(221,0,'system','config_cache_enable','1','2019-07-17 05:54:02','2019-07-17 05:54:02'),(222,0,'system','config_html_cache','0','2019-07-17 05:54:02','2019-07-17 05:54:02'),(224,0,'system','config_error_display','0','2019-07-17 05:54:02','2019-07-17 05:54:02'),(225,0,'system','config_error_log','1','2019-07-17 05:54:02','2019-07-17 05:54:02'),(226,0,'system','config_debug','0','2019-07-17 05:54:02','2019-07-17 05:54:02'),(227,0,'system','config_debug_level','0','2019-07-17 05:54:02','2019-07-17 05:54:02'),(228,0,'system','storefront_template_debug','0','2019-07-17 05:54:02','2019-07-17 05:54:02'),(229,0,'system','config_error_filename','error.txt','2019-07-17 05:54:02','2019-07-17 05:54:02'),(223,0,'system','config_upload_max_size','16000','2019-07-17 05:54:02','2019-07-17 05:54:02'),(216,0,'system','config_voicecontrol','1','2019-07-17 05:54:02','2019-07-17 05:54:02'),(230,0,'system','config_system_check','3','2019-07-17 05:54:02','2019-07-17 05:54:02'),(128,0,'api','config_storefront_api_status','0','0000-00-00 00:00:00','2019-07-12 07:21:52'),(129,0,'api','config_storefront_api_key','','0000-00-00 00:00:00','2019-07-12 07:21:52'),(130,0,'api','config_storefront_api_stock_check','0','0000-00-00 00:00:00','2019-07-12 07:21:52'),(131,0,'api','config_admin_api_status','0','0000-00-00 00:00:00','2019-07-12 07:21:52'),(132,0,'api','config_admin_api_key','','0000-00-00 00:00:00','2019-07-12 07:21:52'),(133,0,'api','config_admin_access_ip_list','','0000-00-00 00:00:00','2019-07-12 07:21:52'),(134,0,'api','task_api_key','pUndmASebwoGNmvT','0000-00-00 00:00:00','2019-07-12 07:21:52'),(135,0,'sub_total','sub_total_sort_order','1','0000-00-00 00:00:00','2019-07-12 07:21:52'),(136,0,'sub_total','sub_total_calculation_order','1','0000-00-00 00:00:00','2019-07-12 07:21:52'),(137,0,'sub_total','sub_total_status','1','0000-00-00 00:00:00','2019-07-12 07:21:52'),(138,0,'sub_total','sub_total_total_type','subtotal','0000-00-00 00:00:00','2019-07-12 07:21:52'),(139,0,'shipping','shipping_sort_order','3','0000-00-00 00:00:00','2019-07-12 07:21:52'),(140,0,'shipping','shipping_calculation_order','3','0000-00-00 00:00:00','2019-07-12 07:21:52'),(141,0,'shipping','shipping_status','1','0000-00-00 00:00:00','2019-07-12 07:21:52'),(142,0,'shipping','shipping_total_type','shipping','0000-00-00 00:00:00','2019-07-12 07:21:52'),(143,0,'coupon','coupon_status','1','0000-00-00 00:00:00','2019-07-12 07:21:52'),(144,0,'coupon','coupon_sort_order','4','0000-00-00 00:00:00','2019-07-12 07:21:52'),(145,0,'coupon','coupon_calculation_order','4','0000-00-00 00:00:00','2019-07-12 07:21:52'),(146,0,'coupon','coupon_total_type','discount','0000-00-00 00:00:00','2019-07-12 07:21:52'),(147,0,'tax','tax_status','1','0000-00-00 00:00:00','2019-07-12 07:21:52'),(148,0,'tax','tax_sort_order','5','0000-00-00 00:00:00','2019-07-12 07:21:52'),(149,0,'tax','tax_calculation_order','5','0000-00-00 00:00:00','2019-07-12 07:21:52'),(150,0,'tax','tax_total_type','tax','0000-00-00 00:00:00','2019-07-12 07:21:52'),(151,0,'balance','balance_status','1','0000-00-00 00:00:00','2019-07-12 07:21:52'),(152,0,'balance','balance_sort_order','999','0000-00-00 00:00:00','2019-07-12 07:21:52'),(153,0,'balance','balance_calculation_order','999','0000-00-00 00:00:00','2019-07-12 07:21:52'),(154,0,'balance','balance_total_type','balance','0000-00-00 00:00:00','2019-07-12 07:21:52'),(155,0,'total','total_sort_order','1000','0000-00-00 00:00:00','2019-07-12 07:21:52'),(156,0,'total','total_calculation_order','1000','0000-00-00 00:00:00','2019-07-12 07:21:52'),(157,0,'total','total_status','1','0000-00-00 00:00:00','2019-07-12 07:21:52'),(158,0,'total','total_total_type','total','0000-00-00 00:00:00','2019-07-12 07:21:52'),(159,0,'banner_manager','banner_manager_layout','','0000-00-00 00:00:00','2019-07-12 07:21:52'),(160,0,'banner_manager','banner_manager_priority','10','0000-00-00 00:00:00','2019-07-12 07:21:52'),(161,0,'banner_manager','banner_manager_date_installed','2019-07-12 07:21:52','0000-00-00 00:00:00','2019-07-12 07:21:52'),(162,0,'banner_manager','store_id','0','0000-00-00 00:00:00','2019-07-12 07:21:52'),(163,0,'banner_manager','banner_manager_status','1','0000-00-00 00:00:00','2019-07-12 07:21:52'),(164,0,'neowize_insights','neowize_insights_priority','10','0000-00-00 00:00:00','2019-07-12 07:21:52'),(165,0,'neowize_insights','neowize_insights_date_installed','2019-07-12 07:21:52','0000-00-00 00:00:00','2019-07-12 07:21:52'),(166,0,'neowize_insights','store_id','0','0000-00-00 00:00:00','2019-07-12 07:21:52'),(167,0,'neowize_insights','neowize_insights_status','1','0000-00-00 00:00:00','2019-07-12 07:21:52'),(168,0,'forms_manager','forms_manager_priority','10','0000-00-00 00:00:00','2019-07-12 07:21:52'),(169,0,'forms_manager','forms_manager_date_installed','2019-07-12 07:21:52','0000-00-00 00:00:00','2019-07-12 07:21:52'),(170,0,'forms_manager','store_id','0','0000-00-00 00:00:00','2019-07-12 07:21:52'),(171,0,'forms_manager','forms_manager_status','1','0000-00-00 00:00:00','2019-07-12 07:21:52'),(172,0,'forms_manager','forms_manager_default_sender_name','','0000-00-00 00:00:00','2019-07-12 07:21:52'),(173,0,'forms_manager','forms_manager_default_sender_email','','0000-00-00 00:00:00','2019-07-12 07:21:52'),(174,0,'forms_manager','forms_manager_sort_order','','0000-00-00 00:00:00','2019-07-12 07:21:52'),(175,0,'config','install_date','2019-07-12 07:21:52','0000-00-00 00:00:00','2019-07-12 07:21:52'),(176,0,'default_cod','default_cod_sort_order','1','0000-00-00 00:00:00','2019-07-12 07:21:52'),(177,0,'default_cod','default_cod_order_status_id','1','0000-00-00 00:00:00','2019-07-12 07:21:52'),(178,0,'default_cod','default_cod_status','1','0000-00-00 00:00:00','2019-07-12 07:21:52'),(179,0,'default_cod','default_cod_location_id','0','0000-00-00 00:00:00','2019-07-12 07:21:52'),(180,0,'default_cod','default_cod_autoselect','1','0000-00-00 00:00:00','2019-07-12 07:21:52'),(181,0,'default_flat_rate_shipping','default_flat_rate_shipping_default_status','1','0000-00-00 00:00:00','2019-07-12 07:21:52'),(182,0,'default_flat_rate_shipping','default_flat_rate_shipping_default_cost','2','0000-00-00 00:00:00','2019-07-12 07:21:52'),(183,0,'default_flat_rate_shipping','default_flat_rate_shipping_cost_1','2','0000-00-00 00:00:00','2019-07-12 07:21:52'),(184,0,'default_flat_rate_shipping','default_flat_rate_shipping_tax_class_id_1','0','0000-00-00 00:00:00','2019-07-12 07:21:52'),(185,0,'default_flat_rate_shipping','default_flat_rate_shipping_default_tax_class_id','0','0000-00-00 00:00:00','2019-07-12 07:21:52'),(186,0,'default_flat_rate_shipping','default_flat_rate_shipping_status','1','0000-00-00 00:00:00','2019-07-12 07:21:52'),(187,0,'default_flat_rate_shipping','default_flat_rate_shipping_sort_order','1','0000-00-00 00:00:00','2019-07-12 07:21:52'),(188,0,'default_flat_rate_shipping','default_flat_rate_shipping_autoselect','1','0000-00-00 00:00:00','2019-07-12 07:21:52'),(270,0,'details','protocol_ssl_url','https','2019-07-17 05:59:18','2019-07-17 05:59:18'),(268,0,'details','protocol_url','http','2019-07-17 05:59:18','2019-07-17 05:59:18'),(277,0,'details','config_address','Address 1, NY, 10001, US','2019-07-17 05:59:18','2019-07-17 05:59:18'),(288,0,'details','translate_method','copy_source_text','2019-07-17 05:59:18','2019-07-17 05:59:18');
/*!40000 ALTER TABLE `abc_settings` ENABLE KEYS */;
UNLOCK TABLES;

--
-- Table structure for table `abc_stock_statuses`
--

DROP TABLE IF EXISTS `abc_stock_statuses`;
/*!40101 SET @saved_cs_client     = @@character_set_client */;
/*!40101 SET character_set_client = utf8 */;
CREATE TABLE `abc_stock_statuses` (
  `stock_status_id` int(11) NOT NULL,
  `language_id` int(11) NOT NULL,
  `name` varchar(32) NOT NULL COMMENT 'translatable',
  PRIMARY KEY (`stock_status_id`,`language_id`)
) ENGINE=MyISAM DEFAULT CHARSET=utf8;
/*!40101 SET character_set_client = @saved_cs_client */;

--
-- Dumping data for table `abc_stock_statuses`
--

LOCK TABLES `abc_stock_statuses` WRITE;
/*!40000 ALTER TABLE `abc_stock_statuses` DISABLE KEYS */;
INSERT INTO `abc_stock_statuses` VALUES (1,1,'Pre-Order');
/*!40000 ALTER TABLE `abc_stock_statuses` ENABLE KEYS */;
UNLOCK TABLES;

--
-- Table structure for table `abc_store_descriptions`
--

DROP TABLE IF EXISTS `abc_store_descriptions`;
/*!40101 SET @saved_cs_client     = @@character_set_client */;
/*!40101 SET character_set_client = utf8 */;
CREATE TABLE `abc_store_descriptions` (
  `store_id` int(11) NOT NULL,
  `language_id` int(11) NOT NULL,
  `description` longtext COMMENT 'translatable',
  `title` longtext COMMENT 'translatable',
  `meta_description` longtext COMMENT 'translatable',
  `meta_keywords` longtext COMMENT 'translatable',
  PRIMARY KEY (`store_id`,`language_id`)
) ENGINE=MyISAM DEFAULT CHARSET=utf8;
/*!40101 SET character_set_client = @saved_cs_client */;

--
-- Dumping data for table `abc_store_descriptions`
--

LOCK TABLES `abc_store_descriptions` WRITE;
/*!40000 ALTER TABLE `abc_store_descriptions` DISABLE KEYS */;
/*!40000 ALTER TABLE `abc_store_descriptions` ENABLE KEYS */;
UNLOCK TABLES;

--
-- Table structure for table `abc_stores`
--

DROP TABLE IF EXISTS `abc_stores`;
/*!40101 SET @saved_cs_client     = @@character_set_client */;
/*!40101 SET character_set_client = utf8 */;
CREATE TABLE `abc_stores` (
  `store_id` int(11) NOT NULL AUTO_INCREMENT,
  `name` varchar(64) NOT NULL,
  `alias` varchar(15) NOT NULL,
  `status` int(1) NOT NULL,
  PRIMARY KEY (`store_id`)
) ENGINE=MyISAM DEFAULT CHARSET=utf8;
/*!40101 SET character_set_client = @saved_cs_client */;

--
-- Dumping data for table `abc_stores`
--

LOCK TABLES `abc_stores` WRITE;
/*!40000 ALTER TABLE `abc_stores` DISABLE KEYS */;
INSERT INTO `abc_stores` VALUES (0,'default','default',1);
/*!40000 ALTER TABLE `abc_stores` ENABLE KEYS */;
UNLOCK TABLES;

--
-- Table structure for table `abc_task_details`
--

DROP TABLE IF EXISTS `abc_task_details`;
/*!40101 SET @saved_cs_client     = @@character_set_client */;
/*!40101 SET character_set_client = utf8 */;
CREATE TABLE `abc_task_details` (
  `task_id` int(11) NOT NULL AUTO_INCREMENT,
  `created_by` varchar(255) DEFAULT '',
  `settings` longtext,
  `date_added` timestamp NOT NULL DEFAULT '0000-00-00 00:00:00',
  `date_modified` timestamp NOT NULL DEFAULT CURRENT_TIMESTAMP ON UPDATE CURRENT_TIMESTAMP,
  PRIMARY KEY (`task_id`)
) ENGINE=MyISAM DEFAULT CHARSET=utf8;
/*!40101 SET character_set_client = @saved_cs_client */;

--
-- Dumping data for table `abc_task_details`
--

LOCK TABLES `abc_task_details` WRITE;
/*!40000 ALTER TABLE `abc_task_details` DISABLE KEYS */;
/*!40000 ALTER TABLE `abc_task_details` ENABLE KEYS */;
UNLOCK TABLES;

--
-- Table structure for table `abc_task_steps`
--

DROP TABLE IF EXISTS `abc_task_steps`;
/*!40101 SET @saved_cs_client     = @@character_set_client */;
/*!40101 SET character_set_client = utf8 */;
CREATE TABLE `abc_task_steps` (
  `step_id` int(11) NOT NULL AUTO_INCREMENT,
  `task_id` int(11) NOT NULL,
  `sort_order` int(11) DEFAULT '0',
  `status` int(11) DEFAULT '0' COMMENT '0 - disabled, 1 - ready, 2 - running, 3 - failed, 4 - scheduled, 5 - completed',
  `last_time_run` timestamp NOT NULL DEFAULT '0000-00-00 00:00:00',
  `last_result` int(11) NOT NULL DEFAULT '0' COMMENT '1 - success, 0 - failed',
  `max_execution_time` int(11) DEFAULT '0',
  `controller` varchar(255) DEFAULT '',
  `settings` longtext,
  `date_added` timestamp NOT NULL DEFAULT '0000-00-00 00:00:00',
  `date_modified` timestamp NOT NULL DEFAULT CURRENT_TIMESTAMP ON UPDATE CURRENT_TIMESTAMP,
  PRIMARY KEY (`step_id`),
  KEY `task_steps_idx` (`task_id`)
) ENGINE=MyISAM DEFAULT CHARSET=utf8;
/*!40101 SET character_set_client = @saved_cs_client */;

--
-- Dumping data for table `abc_task_steps`
--

LOCK TABLES `abc_task_steps` WRITE;
/*!40000 ALTER TABLE `abc_task_steps` DISABLE KEYS */;
/*!40000 ALTER TABLE `abc_task_steps` ENABLE KEYS */;
UNLOCK TABLES;

--
-- Table structure for table `abc_tasks`
--

DROP TABLE IF EXISTS `abc_tasks`;
/*!40101 SET @saved_cs_client     = @@character_set_client */;
/*!40101 SET character_set_client = utf8 */;
CREATE TABLE `abc_tasks` (
  `task_id` int(11) NOT NULL AUTO_INCREMENT,
  `name` varchar(255) NOT NULL DEFAULT '',
  `starter` int(11) DEFAULT NULL COMMENT '0 - storefront, 1 - admin side, 2 - any',
  `status` int(11) DEFAULT '0' COMMENT '0 - disabled, 1 - ready, 2 - running, 3 - failed, 4 - scheduled, 5 - completed',
  `start_time` datetime DEFAULT NULL,
  `last_time_run` timestamp NOT NULL DEFAULT '0000-00-00 00:00:00',
  `progress` int(11) NOT NULL DEFAULT '0' COMMENT 'percentage of progress',
  `last_result` int(11) NOT NULL DEFAULT '0' COMMENT '1 - success, 0 - failed',
  `run_interval` int(11) NOT NULL DEFAULT '0' COMMENT 'interval in seconds since last run, 0 - without interval',
  `max_execution_time` int(11) DEFAULT '0',
  `date_added` timestamp NOT NULL DEFAULT '0000-00-00 00:00:00',
  `date_modified` timestamp NOT NULL DEFAULT CURRENT_TIMESTAMP ON UPDATE CURRENT_TIMESTAMP,
  PRIMARY KEY (`task_id`),
  UNIQUE KEY `task_name_idx` (`name`)
) ENGINE=MyISAM DEFAULT CHARSET=utf8;
/*!40101 SET character_set_client = @saved_cs_client */;

--
-- Dumping data for table `abc_tasks`
--

LOCK TABLES `abc_tasks` WRITE;
/*!40000 ALTER TABLE `abc_tasks` DISABLE KEYS */;
/*!40000 ALTER TABLE `abc_tasks` ENABLE KEYS */;
UNLOCK TABLES;

--
-- Table structure for table `abc_tax_class_descriptions`
--

DROP TABLE IF EXISTS `abc_tax_class_descriptions`;
/*!40101 SET @saved_cs_client     = @@character_set_client */;
/*!40101 SET character_set_client = utf8 */;
CREATE TABLE `abc_tax_class_descriptions` (
  `tax_class_id` int(11) NOT NULL,
  `language_id` int(11) NOT NULL,
  `title` varchar(128) NOT NULL COMMENT 'translatable',
  `description` varchar(255) NOT NULL DEFAULT '' COMMENT 'translatable',
  PRIMARY KEY (`tax_class_id`,`language_id`)
) ENGINE=MyISAM DEFAULT CHARSET=utf8;
/*!40101 SET character_set_client = @saved_cs_client */;

--
-- Dumping data for table `abc_tax_class_descriptions`
--

LOCK TABLES `abc_tax_class_descriptions` WRITE;
/*!40000 ALTER TABLE `abc_tax_class_descriptions` DISABLE KEYS */;
INSERT INTO `abc_tax_class_descriptions` VALUES (1,1,'Taxable Goods','Taxed Products');
/*!40000 ALTER TABLE `abc_tax_class_descriptions` ENABLE KEYS */;
UNLOCK TABLES;

--
-- Table structure for table `abc_tax_classes`
--

DROP TABLE IF EXISTS `abc_tax_classes`;
/*!40101 SET @saved_cs_client     = @@character_set_client */;
/*!40101 SET character_set_client = utf8 */;
CREATE TABLE `abc_tax_classes` (
  `tax_class_id` int(11) NOT NULL AUTO_INCREMENT,
  `date_added` timestamp NOT NULL DEFAULT '0000-00-00 00:00:00',
  `date_modified` timestamp NOT NULL DEFAULT CURRENT_TIMESTAMP ON UPDATE CURRENT_TIMESTAMP,
  PRIMARY KEY (`tax_class_id`)
) ENGINE=MyISAM AUTO_INCREMENT=2 DEFAULT CHARSET=utf8;
/*!40101 SET character_set_client = @saved_cs_client */;

--
-- Dumping data for table `abc_tax_classes`
--

LOCK TABLES `abc_tax_classes` WRITE;
/*!40000 ALTER TABLE `abc_tax_classes` DISABLE KEYS */;
INSERT INTO `abc_tax_classes` VALUES (1,'2019-07-12 07:21:52','2019-07-12 07:21:52');
/*!40000 ALTER TABLE `abc_tax_classes` ENABLE KEYS */;
UNLOCK TABLES;

--
-- Table structure for table `abc_tax_rate_descriptions`
--

DROP TABLE IF EXISTS `abc_tax_rate_descriptions`;
/*!40101 SET @saved_cs_client     = @@character_set_client */;
/*!40101 SET character_set_client = utf8 */;
CREATE TABLE `abc_tax_rate_descriptions` (
  `tax_rate_id` int(11) NOT NULL,
  `language_id` int(11) NOT NULL,
  `description` varchar(255) NOT NULL DEFAULT '' COMMENT 'translatable',
  PRIMARY KEY (`tax_rate_id`,`language_id`)
) ENGINE=MyISAM DEFAULT CHARSET=utf8;
/*!40101 SET character_set_client = @saved_cs_client */;

--
-- Dumping data for table `abc_tax_rate_descriptions`
--

LOCK TABLES `abc_tax_rate_descriptions` WRITE;
/*!40000 ALTER TABLE `abc_tax_rate_descriptions` DISABLE KEYS */;
INSERT INTO `abc_tax_rate_descriptions` VALUES (1,1,'Retail 8.5%');
/*!40000 ALTER TABLE `abc_tax_rate_descriptions` ENABLE KEYS */;
UNLOCK TABLES;

--
-- Table structure for table `abc_tax_rates`
--

DROP TABLE IF EXISTS `abc_tax_rates`;
/*!40101 SET @saved_cs_client     = @@character_set_client */;
/*!40101 SET character_set_client = utf8 */;
CREATE TABLE `abc_tax_rates` (
  `tax_rate_id` int(11) NOT NULL AUTO_INCREMENT,
  `location_id` int(11) NOT NULL DEFAULT '0',
  `zone_id` int(11) DEFAULT '0',
  `tax_class_id` int(11) NOT NULL,
  `priority` int(5) NOT NULL DEFAULT '1',
  `rate` decimal(15,4) NOT NULL DEFAULT '0.0000',
  `rate_prefix` char(1) NOT NULL DEFAULT '%',
  `threshold_condition` char(2) NOT NULL,
  `threshold` decimal(15,4) NOT NULL DEFAULT '0.0000',
  `tax_exempt_groups` text,
  `date_added` timestamp NOT NULL DEFAULT '0000-00-00 00:00:00',
  `date_modified` timestamp NOT NULL DEFAULT CURRENT_TIMESTAMP ON UPDATE CURRENT_TIMESTAMP,
  PRIMARY KEY (`tax_rate_id`),
  KEY `ac_tax_rates_idx` (`location_id`,`zone_id`,`tax_class_id`)
) ENGINE=MyISAM AUTO_INCREMENT=2 DEFAULT CHARSET=utf8;
/*!40101 SET character_set_client = @saved_cs_client */;

--
-- Dumping data for table `abc_tax_rates`
--

LOCK TABLES `abc_tax_rates` WRITE;
/*!40000 ALTER TABLE `abc_tax_rates` DISABLE KEYS */;
INSERT INTO `abc_tax_rates` VALUES (1,1,0,1,1,8.5000,'%','',0.0000,NULL,'0000-00-00 00:00:00','2019-07-12 07:21:52');
/*!40000 ALTER TABLE `abc_tax_rates` ENABLE KEYS */;
UNLOCK TABLES;

--
-- Table structure for table `abc_url_aliases`
--

DROP TABLE IF EXISTS `abc_url_aliases`;
/*!40101 SET @saved_cs_client     = @@character_set_client */;
/*!40101 SET character_set_client = utf8 */;
CREATE TABLE `abc_url_aliases` (
  `url_alias_id` int(11) NOT NULL AUTO_INCREMENT,
  `query` varchar(255) NOT NULL,
  `keyword` varchar(255) NOT NULL COMMENT 'translatable',
  `language_id` int(11) NOT NULL DEFAULT '1',
  PRIMARY KEY (`url_alias_id`),
  UNIQUE KEY `ac_url_aliases_idx` (`keyword`,`language_id`),
  UNIQUE KEY `ac_url_aliases_idx2` (`query`,`language_id`)
) ENGINE=MyISAM AUTO_INCREMENT=42 DEFAULT CHARSET=utf8;
/*!40101 SET character_set_client = @saved_cs_client */;

--
-- Dumping data for table `abc_url_aliases`
--

LOCK TABLES `abc_url_aliases` WRITE;
/*!40000 ALTER TABLE `abc_url_aliases` DISABLE KEYS */;
INSERT INTO `abc_url_aliases` VALUES (1,'category_id=36','makeup',1),(2,'content_id=1','about_us',1),(3,'product_id=101','pro-v_color_hair_solutions_color_preserve_shine_conditioner_with_pump',1),(4,'product_id=102','gucci_guilty',1),(5,'manufacturer_id=20','gucci',1),(6,'product_id=103','jasmin_noir_lessence_eau_de_parfum_spray',1),(7,'product_id=104','calvin_klein_obsession_for_women_edp_spray',1),(8,'product_id=105','bvlgari_aqua_eau_de_toilette_spray',1),(9,'product_id=106','omnia_eau_de_toilette',1),(10,'product_id=107','lancome_slimissime_360_slimming_activating_concentrate_unisex_treatment',1),(11,'product_id=108','lancome_hypnose_doll_lashes_mascara_4-piece_gift_set',1),(12,'product_id=109','lancome_visionnaire_advanced_skin_corrector',1),(13,'product_id=110','flora_by_gucci_eau_fraiche',1),(14,'category_id=65','books',1),(15,'category_id=66','audio-cd',1),(16,'category_id=67','paperback',1),(17,'product_id=111','new-french-with-ease-1-book--1-mp3-cd',1),(18,'product_id=112','the-miracle-morning-the-not-so-obvious-secret-guaranteed-to-transform-your-life',1),(19,'product_id=113','paper-towns-by-john-green',1),(20,'product_id=114','allegiant-by-veronica-roth',1),(21,'product_id=115','fiorella-purple-peep-toes',1),(22,'category_id=68','apparel--accessories',1),(23,'category_id=69','shoes',1),(24,'product_id=116','new-ladies-high-wedge-heel-toe-thong-diamante-flip-flop-sandals',1),(25,'product_id=117','ruby-shoo-women',1),(26,'product_id=118','women-high-heel-point-toe-stiletto-sandals-ankle-strap-court-shoes',1),(27,'category_id=70','t-shirts',1),(28,'product_id=119','fruit-of-the-loom-t-shirts-5-pack---super-premium',1),(29,'product_id=120','jersey-cotton-striped-polo-shirt',1),(30,'product_id=121','designer-men-casual-formal-double-cuffs-grandad-band-collar-shirt-elegant-tie',1),(31,'product_id=122','mens-fine-cotton-giraffe-polo-shirts',1),(32,'product_id=123','casual-sleeve-baseball-t-shirt',1),(33,'category_id=39','eyes',1),(34,'category_id=52','hair-care',1),(35,'manufacturer_id=11','mac',1),(36,'manufacturer_id=17','pantene',1),(37,'manufacturer_id=16','sephora',1),(38,'manufacturer_id=15','lancôme',1),(39,'manufacturer_id=19','giorgio-armani',1),(40,'manufacturer_id=12','benefit',1),(41,'manufacturer_id=13','calvin-klein',1);
/*!40000 ALTER TABLE `abc_url_aliases` ENABLE KEYS */;
UNLOCK TABLES;

--
-- Table structure for table `abc_user_groups`
--

DROP TABLE IF EXISTS `abc_user_groups`;
/*!40101 SET @saved_cs_client     = @@character_set_client */;
/*!40101 SET character_set_client = utf8 */;
CREATE TABLE `abc_user_groups` (
  `user_group_id` int(11) NOT NULL AUTO_INCREMENT,
  `name` varchar(64) NOT NULL,
  `permission` longtext NOT NULL,
  `date_added` timestamp NOT NULL DEFAULT '0000-00-00 00:00:00',
  `date_modified` timestamp NOT NULL DEFAULT CURRENT_TIMESTAMP ON UPDATE CURRENT_TIMESTAMP,
  PRIMARY KEY (`user_group_id`)
) ENGINE=MyISAM AUTO_INCREMENT=11 DEFAULT CHARSET=utf8;
/*!40101 SET character_set_client = @saved_cs_client */;

--
-- Dumping data for table `abc_user_groups`
--

LOCK TABLES `abc_user_groups` WRITE;
/*!40000 ALTER TABLE `abc_user_groups` DISABLE KEYS */;
INSERT INTO `abc_user_groups` VALUES (1,'Top Administrator','','0000-00-00 00:00:00','2019-07-12 07:21:52'),(10,'Demonstration','','0000-00-00 00:00:00','2019-07-12 07:21:52');
/*!40000 ALTER TABLE `abc_user_groups` ENABLE KEYS */;
UNLOCK TABLES;

--
-- Table structure for table `abc_user_notifications`
--

DROP TABLE IF EXISTS `abc_user_notifications`;
/*!40101 SET @saved_cs_client     = @@character_set_client */;
/*!40101 SET character_set_client = utf8 */;
CREATE TABLE `abc_user_notifications` (
  `user_id` int(11) NOT NULL,
  `store_id` int(11) NOT NULL,
  `section` tinyint(1) NOT NULL COMMENT '1 - admin, 0 - storefront',
  `sendpoint` varchar(255) NOT NULL,
  `protocol` varchar(30) NOT NULL,
  `uri` text NOT NULL,
  `date_added` timestamp NOT NULL DEFAULT '0000-00-00 00:00:00',
  `date_modified` timestamp NOT NULL DEFAULT CURRENT_TIMESTAMP ON UPDATE CURRENT_TIMESTAMP,
  PRIMARY KEY (`user_id`,`store_id`,`section`,`sendpoint`,`protocol`)
) ENGINE=MyISAM DEFAULT CHARSET=utf8;
/*!40101 SET character_set_client = @saved_cs_client */;

--
-- Dumping data for table `abc_user_notifications`
--

LOCK TABLES `abc_user_notifications` WRITE;
/*!40000 ALTER TABLE `abc_user_notifications` DISABLE KEYS */;
/*!40000 ALTER TABLE `abc_user_notifications` ENABLE KEYS */;
UNLOCK TABLES;

--
-- Table structure for table `abc_users`
--

DROP TABLE IF EXISTS `abc_users`;
/*!40101 SET @saved_cs_client     = @@character_set_client */;
/*!40101 SET character_set_client = utf8 */;
CREATE TABLE `abc_users` (
  `user_id` int(11) NOT NULL AUTO_INCREMENT,
  `user_group_id` int(11) NOT NULL,
  `username` varchar(20) NOT NULL DEFAULT '',
  `salt` varchar(8) NOT NULL DEFAULT '',
  `password` varchar(40) NOT NULL DEFAULT '',
  `firstname` varchar(32) NOT NULL DEFAULT '',
  `lastname` varchar(32) NOT NULL DEFAULT '',
  `email` varchar(96) NOT NULL DEFAULT '',
  `status` int(1) NOT NULL,
  `ip` varchar(50) NOT NULL DEFAULT '',
  `last_login` datetime NOT NULL DEFAULT '0000-00-00 00:00:00',
  `date_added` timestamp NOT NULL DEFAULT '0000-00-00 00:00:00',
  `date_modified` timestamp NOT NULL DEFAULT CURRENT_TIMESTAMP ON UPDATE CURRENT_TIMESTAMP,
  PRIMARY KEY (`user_id`)
) ENGINE=MyISAM AUTO_INCREMENT=2 DEFAULT CHARSET=utf8;
/*!40101 SET character_set_client = @saved_cs_client */;

--
-- Dumping data for table `abc_users`
--

LOCK TABLES `abc_users` WRITE;
/*!40000 ALTER TABLE `abc_users` DISABLE KEYS */;
INSERT INTO `abc_users` VALUES (1,1,'demo','dNT740Q7','b99792b54bc93c316ee3f52fe10961fe2edab100','','','demo@demo.com',1,'49.230.31.235','2019-07-17 05:53:41','2019-07-12 07:21:52','2019-07-17 06:21:20');
/*!40000 ALTER TABLE `abc_users` ENABLE KEYS */;
UNLOCK TABLES;

--
-- Table structure for table `abc_weight_class_descriptions`
--

DROP TABLE IF EXISTS `abc_weight_class_descriptions`;
/*!40101 SET @saved_cs_client     = @@character_set_client */;
/*!40101 SET character_set_client = utf8 */;
CREATE TABLE `abc_weight_class_descriptions` (
  `weight_class_id` int(11) NOT NULL,
  `language_id` int(11) NOT NULL,
  `title` varchar(32) NOT NULL COMMENT 'translatable',
  `unit` varchar(4) NOT NULL DEFAULT '' COMMENT 'translatable',
  PRIMARY KEY (`weight_class_id`,`language_id`)
) ENGINE=MyISAM DEFAULT CHARSET=utf8;
/*!40101 SET character_set_client = @saved_cs_client */;

--
-- Dumping data for table `abc_weight_class_descriptions`
--

LOCK TABLES `abc_weight_class_descriptions` WRITE;
/*!40000 ALTER TABLE `abc_weight_class_descriptions` DISABLE KEYS */;
INSERT INTO `abc_weight_class_descriptions` VALUES (1,1,'Kilogram','kg'),(2,1,'Gram','g'),(5,1,'Pound ','lb'),(6,1,'Ounce','oz');
/*!40000 ALTER TABLE `abc_weight_class_descriptions` ENABLE KEYS */;
UNLOCK TABLES;

--
-- Table structure for table `abc_weight_classes`
--

DROP TABLE IF EXISTS `abc_weight_classes`;
/*!40101 SET @saved_cs_client     = @@character_set_client */;
/*!40101 SET character_set_client = utf8 */;
CREATE TABLE `abc_weight_classes` (
  `weight_class_id` int(11) NOT NULL AUTO_INCREMENT,
  `value` decimal(15,8) NOT NULL DEFAULT '0.00000000',
  `iso_code` varchar(5) NOT NULL,
  `date_added` timestamp NOT NULL DEFAULT '0000-00-00 00:00:00',
  `date_modified` timestamp NOT NULL DEFAULT CURRENT_TIMESTAMP ON UPDATE CURRENT_TIMESTAMP,
  PRIMARY KEY (`weight_class_id`,`iso_code`)
) ENGINE=MyISAM AUTO_INCREMENT=7 DEFAULT CHARSET=utf8;
/*!40101 SET character_set_client = @saved_cs_client */;

--
-- Dumping data for table `abc_weight_classes`
--

LOCK TABLES `abc_weight_classes` WRITE;
/*!40000 ALTER TABLE `abc_weight_classes` DISABLE KEYS */;
INSERT INTO `abc_weight_classes` VALUES (1,1.00000000,'KILO','0000-00-00 00:00:00','2019-07-12 07:21:52'),(2,1000.00000000,'GRAM','0000-00-00 00:00:00','2019-07-12 07:21:52'),(5,2.20460000,'PUND','0000-00-00 00:00:00','2019-07-12 07:21:52'),(6,35.27400000,'USOU','0000-00-00 00:00:00','2019-07-12 07:21:52');
/*!40000 ALTER TABLE `abc_weight_classes` ENABLE KEYS */;
UNLOCK TABLES;

--
-- Table structure for table `abc_zone_descriptions`
--

DROP TABLE IF EXISTS `abc_zone_descriptions`;
/*!40101 SET @saved_cs_client     = @@character_set_client */;
/*!40101 SET character_set_client = utf8 */;
CREATE TABLE `abc_zone_descriptions` (
  `zone_id` int(11) NOT NULL,
  `language_id` int(11) NOT NULL,
  `name` varchar(128) NOT NULL COMMENT 'translatable',
  PRIMARY KEY (`zone_id`,`language_id`)
) ENGINE=MyISAM DEFAULT CHARSET=utf8;
/*!40101 SET character_set_client = @saved_cs_client */;

--
-- Dumping data for table `abc_zone_descriptions`
--

LOCK TABLES `abc_zone_descriptions` WRITE;
/*!40000 ALTER TABLE `abc_zone_descriptions` DISABLE KEYS */;
INSERT INTO `abc_zone_descriptions` VALUES (1,1,'Badakhshan'),(2,1,'Badghis'),(3,1,'Baghlan'),(4,1,'Balkh'),(5,1,'Bamian'),(6,1,'Farah'),(7,1,'Faryab'),(8,1,'Ghazni'),(9,1,'Ghowr'),(10,1,'Helmand'),(11,1,'Herat'),(12,1,'Jowzjan'),(13,1,'Kabul'),(14,1,'Kandahar'),(15,1,'Kapisa'),(16,1,'Khost'),(17,1,'Konar'),(18,1,'Kondoz'),(19,1,'Laghman'),(20,1,'Lowgar'),(21,1,'Nangrahar'),(22,1,'Nimruz'),(23,1,'Nurestan'),(24,1,'Oruzgan'),(25,1,'Paktia'),(26,1,'Paktika'),(27,1,'Parwan'),(28,1,'Samangan'),(29,1,'Sar-e Pol'),(30,1,'Takhar'),(31,1,'Wardak'),(32,1,'Zabol'),(33,1,'Berat'),(34,1,'Bulqize'),(35,1,'Delvine'),(36,1,'Devoll'),(37,1,'Diber'),(38,1,'Durres'),(39,1,'Elbasan'),(40,1,'Kolonje'),(41,1,'Fier'),(42,1,'Gjirokaster'),(43,1,'Gramsh'),(44,1,'Has'),(45,1,'Kavaje'),(46,1,'Kurbin'),(47,1,'Kucove'),(48,1,'Korce'),(49,1,'Kruje'),(50,1,'Kukes'),(51,1,'Librazhd'),(52,1,'Lezhe'),(53,1,'Lushnje'),(54,1,'Malesi e Madhe'),(55,1,'Mallakaster'),(56,1,'Mat'),(57,1,'Mirdite'),(58,1,'Peqin'),(59,1,'Permet'),(60,1,'Pogradec'),(61,1,'Puke'),(62,1,'Shkoder'),(63,1,'Skrapar'),(64,1,'Sarande'),(65,1,'Tepelene'),(66,1,'Tropoje'),(67,1,'Tirane'),(68,1,'Vlore'),(69,1,'Adrar'),(70,1,'Ain Defla'),(71,1,'Ain Temouchent'),(72,1,'Alger'),(73,1,'Annaba'),(74,1,'Batna'),(75,1,'Bechar'),(76,1,'Bejaia'),(77,1,'Biskra'),(78,1,'Blida'),(79,1,'Bordj Bou Arreridj'),(80,1,'Bouira'),(81,1,'Boumerdes'),(82,1,'Chlef'),(83,1,'Constantine'),(84,1,'Djelfa'),(85,1,'El Bayadh'),(86,1,'El Oued'),(87,1,'El Tarf'),(88,1,'Ghardaia'),(89,1,'Guelma'),(90,1,'Illizi'),(91,1,'Jijel'),(92,1,'Khenchela'),(93,1,'Laghouat'),(94,1,'Muaskar'),(95,1,'Medea'),(96,1,'Mila'),(97,1,'Mostaganem'),(98,1,'M\'Sila'),(99,1,'Naama'),(100,1,'Oran'),(101,1,'Ouargla'),(102,1,'Oum el-Bouaghi'),(103,1,'Relizane'),(104,1,'Saida'),(105,1,'Setif'),(106,1,'Sidi Bel Abbes'),(107,1,'Skikda'),(108,1,'Souk Ahras'),(109,1,'Tamanghasset'),(110,1,'Tebessa'),(111,1,'Tiaret'),(112,1,'Tindouf'),(113,1,'Tipaza'),(114,1,'Tissemsilt'),(115,1,'Tizi Ouzou'),(116,1,'Tlemcen'),(117,1,'Eastern'),(118,1,'Manu\'a'),(119,1,'Rose Island'),(120,1,'Swains Island'),(121,1,'Western'),(122,1,'Andorra la Vella'),(123,1,'Canillo'),(124,1,'Encamp'),(125,1,'Escaldes-Engordany'),(126,1,'La Massana'),(127,1,'Ordino'),(128,1,'Sant Julia de Loria'),(129,1,'Bengo'),(130,1,'Benguela'),(131,1,'Bie'),(132,1,'Cabinda'),(133,1,'Cuando-Cubango'),(134,1,'Cuanza Norte'),(135,1,'Cuanza Sul'),(136,1,'Cunene'),(137,1,'Huambo'),(138,1,'Huila'),(139,1,'Luanda'),(140,1,'Lunda Norte'),(141,1,'Lunda Sul'),(142,1,'Malange'),(143,1,'Moxico'),(144,1,'Namibe'),(145,1,'Uige'),(146,1,'Zaire'),(147,1,'Saint George'),(148,1,'Saint John'),(149,1,'Saint Mary'),(150,1,'Saint Paul'),(151,1,'Saint Peter'),(152,1,'Saint Philip'),(153,1,'Barbuda'),(154,1,'Redonda'),(155,1,'Antartida e Islas del Atlantico'),(156,1,'Buenos Aires'),(157,1,'Catamarca'),(158,1,'Chaco'),(159,1,'Chubut'),(160,1,'Cordoba'),(161,1,'Corrientes'),(162,1,'Distrito Federal'),(163,1,'Entre Rios'),(164,1,'Formosa'),(165,1,'Jujuy'),(166,1,'La Pampa'),(167,1,'La Rioja'),(168,1,'Mendoza'),(169,1,'Misiones'),(170,1,'Neuquen'),(171,1,'Rio Negro'),(172,1,'Salta'),(173,1,'San Juan'),(174,1,'San Luis'),(175,1,'Santa Cruz'),(176,1,'Santa Fe'),(177,1,'Santiago del Estero'),(178,1,'Tierra del Fuego'),(179,1,'Tucuman'),(180,1,'Aragatsotn'),(181,1,'Ararat'),(182,1,'Armavir'),(183,1,'Geghark\'unik\''),(184,1,'Kotayk\''),(185,1,'Lorri'),(186,1,'Shirak'),(187,1,'Syunik\''),(188,1,'Tavush'),(189,1,'Vayots\' Dzor'),(190,1,'Yerevan'),(191,1,'Australian Capital Territory'),(192,1,'New South Wales'),(193,1,'Northern Territory'),(194,1,'Queensland'),(195,1,'South Australia'),(196,1,'Tasmania'),(197,1,'Victoria'),(198,1,'Western Australia'),(199,1,'Burgenland'),(200,1,'Kärnten'),(201,1,'Nieder&ouml;sterreich'),(202,1,'Ober&ouml;sterreich'),(203,1,'Salzburg'),(204,1,'Steiermark'),(205,1,'Tirol'),(206,1,'Vorarlberg'),(207,1,'Wien'),(208,1,'Ali Bayramli'),(209,1,'Abseron'),(210,1,'AgcabAdi'),(211,1,'Agdam'),(212,1,'Agdas'),(213,1,'Agstafa'),(214,1,'Agsu'),(215,1,'Astara'),(216,1,'Baki'),(217,1,'BabAk'),(218,1,'BalakAn'),(219,1,'BArdA'),(220,1,'Beylaqan'),(221,1,'Bilasuvar'),(222,1,'Cabrayil'),(223,1,'Calilabab'),(224,1,'Culfa'),(225,1,'Daskasan'),(226,1,'Davaci'),(227,1,'Fuzuli'),(228,1,'Ganca'),(229,1,'Gadabay'),(230,1,'Goranboy'),(231,1,'Goycay'),(232,1,'Haciqabul'),(233,1,'Imisli'),(234,1,'Ismayilli'),(235,1,'Kalbacar'),(236,1,'Kurdamir'),(237,1,'Lankaran'),(238,1,'Lacin'),(239,1,'Lankaran'),(240,1,'Lerik'),(241,1,'Masalli'),(242,1,'Mingacevir'),(243,1,'Naftalan'),(244,1,'Neftcala'),(245,1,'Oguz'),(246,1,'Ordubad'),(247,1,'Qabala'),(248,1,'Qax'),(249,1,'Qazax'),(250,1,'Qobustan'),(251,1,'Quba'),(252,1,'Qubadli'),(253,1,'Qusar'),(254,1,'Saki'),(255,1,'Saatli'),(256,1,'Sabirabad'),(257,1,'Sadarak'),(258,1,'Sahbuz'),(259,1,'Saki'),(260,1,'Salyan'),(261,1,'Sumqayit'),(262,1,'Samaxi'),(263,1,'Samkir'),(264,1,'Samux'),(265,1,'Sarur'),(266,1,'Siyazan'),(267,1,'Susa'),(268,1,'Susa'),(269,1,'Tartar'),(270,1,'Tovuz'),(271,1,'Ucar'),(272,1,'Xankandi'),(273,1,'Xacmaz'),(274,1,'Xanlar'),(275,1,'Xizi'),(276,1,'Xocali'),(277,1,'Xocavand'),(278,1,'Yardimli'),(279,1,'Yevlax'),(280,1,'Zangilan'),(281,1,'Zaqatala'),(282,1,'Zardab'),(283,1,'Naxcivan'),(284,1,'Acklins'),(285,1,'Berry Islands'),(286,1,'Bimini'),(287,1,'Black Point'),(288,1,'Cat Island'),(289,1,'Central Abaco'),(290,1,'Central Andros'),(291,1,'Central Eleuthera'),(292,1,'City of Freeport'),(293,1,'Crooked Island'),(294,1,'East Grand Bahama'),(295,1,'Exuma'),(296,1,'Grand Cay'),(297,1,'Harbour Island'),(298,1,'Hope Town'),(299,1,'Inagua'),(300,1,'Long Island'),(301,1,'Mangrove Cay'),(302,1,'Mayaguana'),(303,1,'Moore\'s Island'),(304,1,'North Abaco'),(305,1,'North Andros'),(306,1,'North Eleuthera'),(307,1,'Ragged Island'),(308,1,'Rum Cay'),(309,1,'San Salvador'),(310,1,'South Abaco'),(311,1,'South Andros'),(312,1,'South Eleuthera'),(313,1,'Spanish Wells'),(314,1,'West Grand Bahama'),(315,1,'Capital'),(316,1,'Central'),(317,1,'Muharraq'),(318,1,'Northern'),(319,1,'Southern'),(320,1,'Barisal'),(321,1,'Chittagong'),(322,1,'Dhaka'),(323,1,'Khulna'),(324,1,'Rajshahi'),(325,1,'Sylhet'),(326,1,'Christ Church'),(327,1,'Saint Andrew'),(328,1,'Saint George'),(329,1,'Saint James'),(330,1,'Saint John'),(331,1,'Saint Joseph'),(332,1,'Saint Lucy'),(333,1,'Saint Michael'),(334,1,'Saint Peter'),(335,1,'Saint Philip'),(336,1,'Saint Thomas'),(337,1,'Brestskaya (Brest)'),(338,1,'Homyel\'skaya (Homyel\')'),(339,1,'Horad Minsk'),(340,1,'Hrodzyenskaya (Hrodna)'),(341,1,'Mahilyowskaya (Mahilyow)'),(342,1,'Minskaya'),(343,1,'Vitsyebskaya (Vitsyebsk)'),(344,1,'Antwerpen'),(345,1,'Brabant Wallon'),(346,1,'Hainaut'),(347,1,'Liege'),(348,1,'Limburg'),(349,1,'Luxembourg'),(350,1,'Namur'),(351,1,'Oost-Vlaanderen'),(352,1,'Vlaams Brabant'),(353,1,'West-Vlaanderen'),(354,1,'Belize'),(355,1,'Cayo'),(356,1,'Corozal'),(357,1,'Orange Walk'),(358,1,'Stann Creek'),(359,1,'Toledo'),(360,1,'Alibori'),(361,1,'Atakora'),(362,1,'Atlantique'),(363,1,'Borgou'),(364,1,'Collines'),(365,1,'Donga'),(366,1,'Kouffo'),(367,1,'Littoral'),(368,1,'Mono'),(369,1,'Oueme'),(370,1,'Plateau'),(371,1,'Zou'),(372,1,'Devonshire'),(373,1,'Hamilton City'),(374,1,'Hamilton'),(375,1,'Paget'),(376,1,'Pembroke'),(377,1,'Saint George City'),(378,1,'Saint George\'s'),(379,1,'Sandys'),(380,1,'Smith\'s'),(381,1,'Southampton'),(382,1,'Warwick'),(383,1,'Bumthang'),(384,1,'Chukha'),(385,1,'Dagana'),(386,1,'Gasa'),(387,1,'Haa'),(388,1,'Lhuntse'),(389,1,'Mongar'),(390,1,'Paro'),(391,1,'Pemagatshel'),(392,1,'Punakha'),(393,1,'Samdrup Jongkhar'),(394,1,'Samtse'),(395,1,'Sarpang'),(396,1,'Thimphu'),(397,1,'Trashigang'),(398,1,'Trashiyangste'),(399,1,'Trongsa'),(400,1,'Tsirang'),(401,1,'Wangdue Phodrang'),(402,1,'Zhemgang'),(403,1,'Beni'),(404,1,'Chuquisaca'),(405,1,'Cochabamba'),(406,1,'La Paz'),(407,1,'Oruro'),(408,1,'Pando'),(409,1,'Potosi'),(410,1,'Santa Cruz'),(411,1,'Tarija'),(412,1,'Brcko district'),(413,1,'Unsko-Sanski Kanton'),(414,1,'Posavski Kanton'),(415,1,'Tuzlanski Kanton'),(416,1,'Zenicko-Dobojski Kanton'),(417,1,'Bosanskopodrinjski Kanton'),(418,1,'Srednjebosanski Kanton'),(419,1,'Hercegovacko-neretvanski Kanton'),(420,1,'Zapadnohercegovacka Zupanija'),(421,1,'Kanton Sarajevo'),(422,1,'Zapadnobosanska'),(423,1,'Banja Luka'),(424,1,'Doboj'),(425,1,'Bijeljina'),(426,1,'Vlasenica'),(427,1,'Sarajevo-Romanija or Sokolac'),(428,1,'Foca'),(429,1,'Trebinje'),(430,1,'Central'),(431,1,'Ghanzi'),(432,1,'Kgalagadi'),(433,1,'Kgatleng'),(434,1,'Kweneng'),(435,1,'Ngamiland'),(436,1,'North East'),(437,1,'North West'),(438,1,'South East'),(439,1,'Southern'),(440,1,'Acre'),(441,1,'Alagoas'),(442,1,'Amapa'),(443,1,'Amazonas'),(444,1,'Bahia'),(445,1,'Ceara'),(446,1,'Distrito Federal'),(447,1,'Espirito Santo'),(448,1,'Goias'),(449,1,'Maranhao'),(450,1,'Mato Grosso'),(451,1,'Mato Grosso do Sul'),(452,1,'Minas Gerais'),(453,1,'Para'),(454,1,'Paraiba'),(455,1,'Parana'),(456,1,'Pernambuco'),(457,1,'Piaui'),(458,1,'Rio de Janeiro'),(459,1,'Rio Grande do Norte'),(460,1,'Rio Grande do Sul'),(461,1,'Rondonia'),(462,1,'Roraima'),(463,1,'Santa Catarina'),(464,1,'Sao Paulo'),(465,1,'Sergipe'),(466,1,'Tocantins'),(467,1,'Peros Banhos'),(468,1,'Salomon Islands'),(469,1,'Nelsons Island'),(470,1,'Three Brothers'),(471,1,'Eagle Islands'),(472,1,'Danger Island'),(473,1,'Egmont Islands'),(474,1,'Diego Garcia'),(475,1,'Belait'),(476,1,'Brunei and Muara'),(477,1,'Temburong'),(478,1,'Tutong'),(479,1,'Blagoevgrad'),(480,1,'Burgas'),(481,1,'Dobrich'),(482,1,'Gabrovo'),(483,1,'Haskovo'),(484,1,'Kardjali'),(485,1,'Kyustendil'),(486,1,'Lovech'),(487,1,'Montana'),(488,1,'Pazardjik'),(489,1,'Pernik'),(490,1,'Pleven'),(491,1,'Plovdiv'),(492,1,'Razgrad'),(493,1,'Shumen'),(494,1,'Silistra'),(495,1,'Sliven'),(496,1,'Smolyan'),(497,1,'Sofia'),(498,1,'Sofia - town'),(499,1,'Stara Zagora'),(500,1,'Targovishte'),(501,1,'Varna'),(502,1,'Veliko Tarnovo'),(503,1,'Vidin'),(504,1,'Vratza'),(505,1,'Yambol'),(506,1,'Bale'),(507,1,'Bam'),(508,1,'Banwa'),(509,1,'Bazega'),(510,1,'Bougouriba'),(511,1,'Boulgou'),(512,1,'Boulkiemde'),(513,1,'Comoe'),(514,1,'Ganzourgou'),(515,1,'Gnagna'),(516,1,'Gourma'),(517,1,'Houet'),(518,1,'Ioba'),(519,1,'Kadiogo'),(520,1,'Kenedougou'),(521,1,'Komondjari'),(522,1,'Kompienga'),(523,1,'Kossi'),(524,1,'Koulpelogo'),(525,1,'Kouritenga'),(526,1,'Kourweogo'),(527,1,'Leraba'),(528,1,'Loroum'),(529,1,'Mouhoun'),(530,1,'Nahouri'),(531,1,'Namentenga'),(532,1,'Nayala'),(533,1,'Noumbiel'),(534,1,'Oubritenga'),(535,1,'Oudalan'),(536,1,'Passore'),(537,1,'Poni'),(538,1,'Sanguie'),(539,1,'Sanmatenga'),(540,1,'Seno'),(541,1,'Sissili'),(542,1,'Soum'),(543,1,'Sourou'),(544,1,'Tapoa'),(545,1,'Tuy'),(546,1,'Yagha'),(547,1,'Yatenga'),(548,1,'Ziro'),(549,1,'Zondoma'),(550,1,'Zoundweogo'),(551,1,'Bubanza'),(552,1,'Bujumbura'),(553,1,'Bururi'),(554,1,'Cankuzo'),(555,1,'Cibitoke'),(556,1,'Gitega'),(557,1,'Karuzi'),(558,1,'Kayanza'),(559,1,'Kirundo'),(560,1,'Makamba'),(561,1,'Muramvya'),(562,1,'Muyinga'),(563,1,'Mwaro'),(564,1,'Ngozi'),(565,1,'Rutana'),(566,1,'Ruyigi'),(567,1,'Phnom Penh'),(568,1,'Preah Seihanu (Kompong Som or Sihanoukville)'),(569,1,'Pailin'),(570,1,'Keb'),(571,1,'Banteay Meanchey'),(572,1,'Battambang'),(573,1,'Kampong Cham'),(574,1,'Kampong Chhnang'),(575,1,'Kampong Speu'),(576,1,'Kampong Som'),(577,1,'Kampong Thom'),(578,1,'Kampot'),(579,1,'Kandal'),(580,1,'Kaoh Kong'),(581,1,'Kratie'),(582,1,'Mondul Kiri'),(583,1,'Oddar Meancheay'),(584,1,'Pursat'),(585,1,'Preah Vihear'),(586,1,'Prey Veng'),(587,1,'Ratanak Kiri'),(588,1,'Siemreap'),(589,1,'Stung Treng'),(590,1,'Svay Rieng'),(591,1,'Takeo'),(592,1,'Adamawa (Adamaoua)'),(593,1,'Centre'),(594,1,'East (Est)'),(595,1,'Extreme North (Extreme-Nord)'),(596,1,'Littoral'),(597,1,'North (Nord)'),(598,1,'Northwest (Nord-Ouest)'),(599,1,'West (Ouest)'),(600,1,'South (Sud)'),(601,1,'Southwest (Sud-Ouest).'),(602,1,'Alberta'),(603,1,'British Columbia'),(604,1,'Manitoba'),(605,1,'New Brunswick'),(606,1,'Newfoundland and Labrador'),(607,1,'Northwest Territories'),(608,1,'Nova Scotia'),(609,1,'Nunavut'),(610,1,'Ontario'),(611,1,'Prince Edward Island'),(612,1,'Qu&eacute;bec'),(613,1,'Saskatchewan'),(614,1,'Yukon Territory'),(615,1,'Boa Vista'),(616,1,'Brava'),(617,1,'Calheta de Sao Miguel'),(618,1,'Maio'),(619,1,'Mosteiros'),(620,1,'Paul'),(621,1,'Porto Novo'),(622,1,'Praia'),(623,1,'Ribeira Grande'),(624,1,'Sal'),(625,1,'Santa Catarina'),(626,1,'Santa Cruz'),(627,1,'Sao Domingos'),(628,1,'Sao Filipe'),(629,1,'Sao Nicolau'),(630,1,'Sao Vicente'),(631,1,'Tarrafal'),(632,1,'Creek'),(633,1,'Eastern'),(634,1,'Midland'),(635,1,'South Town'),(636,1,'Spot Bay'),(637,1,'Stake Bay'),(638,1,'West End'),(639,1,'Western'),(640,1,'Bamingui-Bangoran'),(641,1,'Basse-Kotto'),(642,1,'Haute-Kotto'),(643,1,'Haut-Mbomou'),(644,1,'Kemo'),(645,1,'Lobaye'),(646,1,'Mambere-KadeÔ'),(647,1,'Mbomou'),(648,1,'Nana-Mambere'),(649,1,'Ombella-M\'Poko'),(650,1,'Ouaka'),(651,1,'Ouham'),(652,1,'Ouham-Pende'),(653,1,'Vakaga'),(654,1,'Nana-Grebizi'),(655,1,'Sangha-Mbaere'),(656,1,'Bangui'),(657,1,'Batha'),(658,1,'Biltine'),(659,1,'Borkou-Ennedi-Tibesti'),(660,1,'Chari-Baguirmi'),(661,1,'Guera'),(662,1,'Kanem'),(663,1,'Lac'),(664,1,'Logone Occidental'),(665,1,'Logone Oriental'),(666,1,'Mayo-Kebbi'),(667,1,'Moyen-Chari'),(668,1,'Ouaddai'),(669,1,'Salamat'),(670,1,'Tandjile'),(671,1,'Aisen del General Carlos Ibanez'),(672,1,'Antofagasta'),(673,1,'Araucania'),(674,1,'Atacama'),(675,1,'Bio-Bio'),(676,1,'Coquimbo'),(677,1,'Libertador General Bernardo O\'Hi'),(678,1,'Los Lagos'),(679,1,'Magallanes y de la Antartica Chi'),(680,1,'Maule'),(681,1,'Region Metropolitana'),(682,1,'Tarapaca'),(683,1,'Valparaiso'),(684,1,'Anhui'),(685,1,'Beijing'),(686,1,'Chongqing'),(687,1,'Fujian'),(688,1,'Gansu'),(689,1,'Guangdong'),(690,1,'Guangxi'),(691,1,'Guizhou'),(692,1,'Hainan'),(693,1,'Hebei'),(694,1,'Heilongjiang'),(695,1,'Henan'),(696,1,'Hong Kong'),(697,1,'Hubei'),(698,1,'Hunan'),(699,1,'Inner Mongolia'),(700,1,'Jiangsu'),(701,1,'Jiangxi'),(702,1,'Jilin'),(703,1,'Liaoning'),(704,1,'Macau'),(705,1,'Ningxia'),(706,1,'Shaanxi'),(707,1,'Shandong'),(708,1,'Shanghai'),(709,1,'Shanxi'),(710,1,'Sichuan'),(711,1,'Tianjin'),(712,1,'Xinjiang'),(713,1,'Yunnan'),(714,1,'Zhejiang'),(715,1,'Direction Island'),(716,1,'Home Island'),(717,1,'Horsburgh Island'),(718,1,'South Island'),(719,1,'West Island'),(720,1,'Amazonas'),(721,1,'Antioquia'),(722,1,'Arauca'),(723,1,'Atlantico'),(724,1,'Bogota D.C.'),(725,1,'Bolivar'),(726,1,'Boyaca'),(727,1,'Caldas'),(728,1,'Caqueta'),(729,1,'Casanare'),(730,1,'Cauca'),(731,1,'Cesar'),(732,1,'Choco'),(733,1,'Cordoba'),(734,1,'Cundinamarca'),(735,1,'Guainia'),(736,1,'Guajira'),(737,1,'Guaviare'),(738,1,'Huila'),(739,1,'Magdalena'),(740,1,'Meta'),(741,1,'Narino'),(742,1,'Norte de Santander'),(743,1,'Putumayo'),(744,1,'Quindio'),(745,1,'Risaralda'),(746,1,'San Andres y Providencia'),(747,1,'Santander'),(748,1,'Sucre'),(749,1,'Tolima'),(750,1,'Valle del Cauca'),(751,1,'Vaupes'),(752,1,'Vichada'),(753,1,'Grande Comore'),(754,1,'Anjouan'),(755,1,'Moheli'),(756,1,'Bouenza'),(757,1,'Brazzaville'),(758,1,'Cuvette'),(759,1,'Cuvette-Ouest'),(760,1,'Kouilou'),(761,1,'Lekoumou'),(762,1,'Likouala'),(763,1,'Niari'),(764,1,'Plateaux'),(765,1,'Pool'),(766,1,'Sangha'),(767,1,'Pukapuka'),(768,1,'Rakahanga'),(769,1,'Manihiki'),(770,1,'Penrhyn'),(771,1,'Nassau Island'),(772,1,'Surwarrow'),(773,1,'Palmerston'),(774,1,'Aitutaki'),(775,1,'Manuae'),(776,1,'Takutea'),(777,1,'Mitiaro'),(778,1,'Atiu'),(779,1,'Mauke'),(780,1,'Rarotonga'),(781,1,'Mangaia'),(782,1,'Alajuela'),(783,1,'Cartago'),(784,1,'Guanacaste'),(785,1,'Heredia'),(786,1,'Limon'),(787,1,'Puntarenas'),(788,1,'San Jose'),(789,1,'Abengourou'),(790,1,'Abidjan'),(791,1,'Aboisso'),(792,1,'Adiake'),(793,1,'Adzope'),(794,1,'Agboville'),(795,1,'Agnibilekrou'),(796,1,'Alepe'),(797,1,'Bocanda'),(798,1,'Bangolo'),(799,1,'Beoumi'),(800,1,'Biankouma'),(801,1,'Bondoukou'),(802,1,'Bongouanou'),(803,1,'Bouafle'),(804,1,'Bouake'),(805,1,'Bouna'),(806,1,'Boundiali'),(807,1,'Dabakala'),(808,1,'Dabou'),(809,1,'Daloa'),(810,1,'Danane'),(811,1,'Daoukro'),(812,1,'Dimbokro'),(813,1,'Divo'),(814,1,'Duekoue'),(815,1,'Ferkessedougou'),(816,1,'Gagnoa'),(817,1,'Grand-Bassam'),(818,1,'Grand-Lahou'),(819,1,'Guiglo'),(820,1,'Issia'),(821,1,'Jacqueville'),(822,1,'Katiola'),(823,1,'Korhogo'),(824,1,'Lakota'),(825,1,'Man'),(826,1,'Mankono'),(827,1,'Mbahiakro'),(828,1,'Odienne'),(829,1,'Oume'),(830,1,'Sakassou'),(831,1,'San-Pedro'),(832,1,'Sassandra'),(833,1,'Seguela'),(834,1,'Sinfra'),(835,1,'Soubre'),(836,1,'Tabou'),(837,1,'Tanda'),(838,1,'Tiebissou'),(839,1,'Tingrela'),(840,1,'Tiassale'),(841,1,'Touba'),(842,1,'Toulepleu'),(843,1,'Toumodi'),(844,1,'Vavoua'),(845,1,'Yamoussoukro'),(846,1,'Zuenoula'),(847,1,'Bjelovar-Bilogora'),(848,1,'City of Zagreb'),(849,1,'Dubrovnik-Neretva'),(850,1,'Istra'),(851,1,'Karlovac'),(852,1,'Koprivnica-Krizevci'),(853,1,'Krapina-Zagorje'),(854,1,'Lika-Senj'),(855,1,'Medimurje'),(856,1,'Osijek-Baranja'),(857,1,'Pozega-Slavonia'),(858,1,'Primorje-Gorski Kotar'),(859,1,'Sibenik'),(860,1,'Sisak-Moslavina'),(861,1,'Slavonski Brod-Posavina'),(862,1,'Split-Dalmatia'),(863,1,'Varazdin'),(864,1,'Virovitica-Podravina'),(865,1,'Vukovar-Srijem'),(866,1,'Zadar-Knin'),(867,1,'Zagreb'),(868,1,'Camaguey'),(869,1,'Ciego de Avila'),(870,1,'Cienfuegos'),(871,1,'Ciudad de La Habana'),(872,1,'Granma'),(873,1,'Guantanamo'),(874,1,'Holguin'),(875,1,'Isla de la Juventud'),(876,1,'La Habana'),(877,1,'Las Tunas'),(878,1,'Matanzas'),(879,1,'Pinar del Rio'),(880,1,'Sancti Spiritus'),(881,1,'Santiago de Cuba'),(882,1,'Villa Clara'),(883,1,'Famagusta'),(884,1,'Kyrenia'),(885,1,'Larnaca'),(886,1,'Limassol'),(887,1,'Nicosia'),(888,1,'Paphos'),(889,1,'Ustecky'),(890,1,'Jihocesky'),(891,1,'Jihomoravsky'),(892,1,'Karlovarsky'),(893,1,'Kralovehradecky'),(894,1,'Liberecky'),(895,1,'Moravskoslezsky'),(896,1,'Olomoucky'),(897,1,'Pardubicky'),(898,1,'Plzensky'),(899,1,'Praha'),(900,1,'Stredocesky'),(901,1,'Vysocina'),(902,1,'Zlinsky'),(903,1,'Arhus'),(904,1,'Bornholm'),(905,1,'Copenhagen'),(906,1,'Faroe Islands'),(907,1,'Frederiksborg'),(908,1,'Fyn'),(909,1,'Kobenhavn'),(910,1,'Nordjylland'),(911,1,'Ribe'),(912,1,'Ringkobing'),(913,1,'Roskilde'),(914,1,'Sonderjylland'),(915,1,'Storstrom'),(916,1,'Vejle'),(917,1,'Vestj&aelig;lland'),(918,1,'Viborg'),(919,1,'\'Ali Sabih'),(920,1,'Dikhil'),(921,1,'Djibouti'),(922,1,'Obock'),(923,1,'Tadjoura'),(924,1,'Saint Andrew Parish'),(925,1,'Saint David Parish'),(926,1,'Saint George Parish'),(927,1,'Saint John Parish'),(928,1,'Saint Joseph Parish'),(929,1,'Saint Luke Parish'),(930,1,'Saint Mark Parish'),(931,1,'Saint Patrick Parish'),(932,1,'Saint Paul Parish'),(933,1,'Saint Peter Parish'),(934,1,'Distrito Nacional'),(935,1,'Azua'),(936,1,'Baoruco'),(937,1,'Barahona'),(938,1,'Dajabon'),(939,1,'Duarte'),(940,1,'Elias Pina'),(941,1,'El Seybo'),(942,1,'Espaillat'),(943,1,'Hato Mayor'),(944,1,'Independencia'),(945,1,'La Altagracia'),(946,1,'La Romana'),(947,1,'La Vega'),(948,1,'Maria Trinidad Sanchez'),(949,1,'Monsenor Nouel'),(950,1,'Monte Cristi'),(951,1,'Monte Plata'),(952,1,'Pedernales'),(953,1,'Peravia (Bani)'),(954,1,'Puerto Plata'),(955,1,'Salcedo'),(956,1,'Samana'),(957,1,'Sanchez Ramirez'),(958,1,'San Cristobal'),(959,1,'San Jose de Ocoa'),(960,1,'San Juan'),(961,1,'San Pedro de Macoris'),(962,1,'Santiago'),(963,1,'Santiago Rodriguez'),(964,1,'Santo Domingo'),(965,1,'Valverde'),(966,1,'Aileu'),(967,1,'Ainaro'),(968,1,'Baucau'),(969,1,'Bobonaro'),(970,1,'Cova Lima'),(971,1,'Dili'),(972,1,'Ermera'),(973,1,'Lautem'),(974,1,'Liquica'),(975,1,'Manatuto'),(976,1,'Manufahi'),(977,1,'Oecussi'),(978,1,'Viqueque'),(979,1,'Azuay'),(980,1,'Bolivar'),(981,1,'Ca&ntilde;ar'),(982,1,'Carchi'),(983,1,'Chimborazo'),(984,1,'Cotopaxi'),(985,1,'El Oro'),(986,1,'Esmeraldas'),(987,1,'Gal&aacute;pagos'),(988,1,'Guayas'),(989,1,'Imbabura'),(990,1,'Loja'),(991,1,'Los Rios'),(992,1,'Manab&iacute;'),(993,1,'Morona Santiago'),(994,1,'Napo'),(995,1,'Orellana'),(996,1,'Pastaza'),(997,1,'Pichincha'),(998,1,'Sucumb&iacute;os'),(999,1,'Tungurahua'),(1000,1,'Zamora Chinchipe'),(1001,1,'Ad Daqahliyah'),(1002,1,'Al Bahr al Ahmar'),(1003,1,'Al Buhayrah'),(1004,1,'Al Fayyum'),(1005,1,'Al Gharbiyah'),(1006,1,'Al Iskandariyah'),(1007,1,'Al Isma\'iliyah'),(1008,1,'Al Jizah'),(1009,1,'Al Minufiyah'),(1010,1,'Al Minya'),(1011,1,'Al Qahirah'),(1012,1,'Al Qalyubiyah'),(1013,1,'Al Wadi al Jadid'),(1014,1,'Ash Sharqiyah'),(1015,1,'As Suways'),(1016,1,'Aswan'),(1017,1,'Asyut'),(1018,1,'Bani Suwayf'),(1019,1,'Bur Sa\'id'),(1020,1,'Dumyat'),(1021,1,'Janub Sina\''),(1022,1,'Kafr ash Shaykh'),(1023,1,'Matruh'),(1024,1,'Qina'),(1025,1,'Shamal Sina\''),(1026,1,'Suhaj'),(1027,1,'Ahuachapan'),(1028,1,'Cabanas'),(1029,1,'Chalatenango'),(1030,1,'Cuscatlan'),(1031,1,'La Libertad'),(1032,1,'La Paz'),(1033,1,'La Union'),(1034,1,'Morazan'),(1035,1,'San Miguel'),(1036,1,'San Salvador'),(1037,1,'San Vicente'),(1038,1,'Santa Ana'),(1039,1,'Sonsonate'),(1040,1,'Usulutan'),(1041,1,'Provincia Annobon'),(1042,1,'Provincia Bioko Norte'),(1043,1,'Provincia Bioko Sur'),(1044,1,'Provincia Centro Sur'),(1045,1,'Provincia Kie-Ntem'),(1046,1,'Provincia Litoral'),(1047,1,'Provincia Wele-Nzas'),(1048,1,'Central (Maekel)'),(1049,1,'Anseba (Keren)'),(1050,1,'Southern Red Sea (Debub-Keih-Bahri)'),(1051,1,'Northern Red Sea (Semien-Keih-Bahri)'),(1052,1,'Southern (Debub)'),(1053,1,'Gash-Barka (Barentu)'),(1054,1,'Harjumaa (Tallinn)'),(1055,1,'Hiiumaa (Kardla)'),(1056,1,'Ida-Virumaa (Johvi)'),(1057,1,'Jarvamaa (Paide)'),(1058,1,'Jogevamaa (Jogeva)'),(1059,1,'Laane-Virumaa (Rakvere)'),(1060,1,'Laanemaa (Haapsalu)'),(1061,1,'Parnumaa (Parnu)'),(1062,1,'Polvamaa (Polva)'),(1063,1,'Raplamaa (Rapla)'),(1064,1,'Saaremaa (Kuessaare)'),(1065,1,'Tartumaa (Tartu)'),(1066,1,'Valgamaa (Valga)'),(1067,1,'Viljandimaa (Viljandi)'),(1068,1,'Vorumaa (Voru)'),(1069,1,'Afar'),(1070,1,'Amhara'),(1071,1,'Benishangul-Gumaz'),(1072,1,'Gambela'),(1073,1,'Hariai'),(1074,1,'Oromia'),(1075,1,'Somali'),(1076,1,'Southern Nations - Nationalities and Peoples Region'),(1077,1,'Tigray'),(1078,1,'Addis Ababa'),(1079,1,'Dire Dawa'),(1080,1,'Central Division'),(1081,1,'Northern Division'),(1082,1,'Eastern Division'),(1083,1,'Western Division'),(1084,1,'Rotuma'),(1085,1,'Ahvenanmaan Laani'),(1086,1,'Etela-Suomen Laani'),(1087,1,'Ita-Suomen Laani'),(1088,1,'Lansi-Suomen Laani'),(1089,1,'Lapin Lanani'),(1090,1,'Oulun Laani'),(1091,1,'Alsace'),(1092,1,'Aquitaine'),(1093,1,'Auvergne'),(1094,1,'Brittany'),(1095,1,'Burgundy'),(1096,1,'Center Loire Valley'),(1097,1,'Champagne'),(1098,1,'Corse'),(1099,1,'France Comte'),(1100,1,'Languedoc Roussillon'),(1101,1,'Limousin'),(1102,1,'Lorraine'),(1103,1,'Midi Pyrenees'),(1104,1,'Nord Pas de Calais'),(1105,1,'Normandy'),(1106,1,'Paris / Ill de France'),(1107,1,'Picardie'),(1108,1,'Poitou Charente'),(1109,1,'Provence'),(1110,1,'Rhone Alps'),(1111,1,'Riviera'),(1112,1,'Western Loire Valley'),(1113,1,'Etranger'),(1114,1,'Ain'),(1115,1,'Aisne'),(1116,1,'Allier'),(1117,1,'Alpes de Haute Provence'),(1118,1,'Hautes-Alpes'),(1119,1,'Alpes Maritimes'),(1120,1,'Ard&egrave;che'),(1121,1,'Ardennes'),(1122,1,'Ari&egrave;ge'),(1123,1,'Aube'),(1124,1,'Aude'),(1125,1,'Aveyron'),(1126,1,'Bouches du Rh&ocirc;ne'),(1127,1,'Calvados'),(1128,1,'Cantal'),(1129,1,'Charente'),(1130,1,'Charente Maritime'),(1131,1,'Cher'),(1132,1,'Corr&egrave;ze'),(1133,1,'Corse du Sud'),(1134,1,'Haute Corse'),(1135,1,'C&ocirc;te d&#039;or'),(1136,1,'C&ocirc;tes d&#039;Armor'),(1137,1,'Creuse'),(1138,1,'Dordogne'),(1139,1,'Doubs'),(1140,1,'Dr&ocirc;me'),(1141,1,'Eure'),(1142,1,'Eure et Loir'),(1143,1,'Finist&egrave;re'),(1144,1,'Gard'),(1145,1,'Haute Garonne'),(1146,1,'Gers'),(1147,1,'Gironde'),(1148,1,'H&eacute;rault'),(1149,1,'Ille et Vilaine'),(1150,1,'Indre'),(1151,1,'Indre et Loire'),(1152,1,'Is&eacute;re'),(1153,1,'Jura'),(1154,1,'Landes'),(1155,1,'Loir et Cher'),(1156,1,'Loire'),(1157,1,'Haute Loire'),(1158,1,'Loire Atlantique'),(1159,1,'Loiret'),(1160,1,'Lot'),(1161,1,'Lot et Garonne'),(1162,1,'Loz&egrave;re'),(1163,1,'Maine et Loire'),(1164,1,'Manche'),(1165,1,'Marne'),(1166,1,'Haute Marne'),(1167,1,'Mayenne'),(1168,1,'Meurthe et Moselle'),(1169,1,'Meuse'),(1170,1,'Morbihan'),(1171,1,'Moselle'),(1172,1,'Ni&egrave;vre'),(1173,1,'Nord'),(1174,1,'Oise'),(1175,1,'Orne'),(1176,1,'Pas de Calais'),(1177,1,'Puy de D&ocirc;me'),(1178,1,'Pyr&eacute;n&eacute;es Atlantiques'),(1179,1,'Hautes Pyr&eacute;n&eacute;es'),(1180,1,'Pyr&eacute;n&eacute;es Orientales'),(1181,1,'Bas Rhin'),(1182,1,'Haut Rhin'),(1183,1,'Rh&ocirc;ne'),(1184,1,'Haute Sa&ocirc;ne'),(1185,1,'Sa&ocirc;ne et Loire'),(1186,1,'Sarthe'),(1187,1,'Savoie'),(1188,1,'Haute Savoie'),(1189,1,'Paris'),(1190,1,'Seine Maritime'),(1191,1,'Seine et Marne'),(1192,1,'Yvelines'),(1193,1,'Deux S&egrave;vres'),(1194,1,'Somme'),(1195,1,'Tarn'),(1196,1,'Tarn et Garonne'),(1197,1,'Var'),(1198,1,'Vaucluse'),(1199,1,'Vend&eacute;e'),(1200,1,'Vienne'),(1201,1,'Haute Vienne'),(1202,1,'Vosges'),(1203,1,'Yonne'),(1204,1,'Territoire de Belfort'),(1205,1,'Essonne'),(1206,1,'Hauts de Seine'),(1207,1,'Seine St-Denis'),(1208,1,'Val de Marne'),(1209,1,'Val d\'Oise'),(1210,1,'Archipel des Marquises'),(1211,1,'Archipel des Tuamotu'),(1212,1,'Archipel des Tubuai'),(1213,1,'Iles du Vent'),(1214,1,'Iles Sous-le-Vent'),(1215,1,'Iles Crozet'),(1216,1,'Iles Kerguelen'),(1217,1,'Ile Amsterdam'),(1218,1,'Ile Saint-Paul'),(1219,1,'Adelie Land'),(1220,1,'Estuaire'),(1221,1,'Haut-Ogooue'),(1222,1,'Moyen-Ogooue'),(1223,1,'Ngounie'),(1224,1,'Nyanga'),(1225,1,'Ogooue-Ivindo'),(1226,1,'Ogooue-Lolo'),(1227,1,'Ogooue-Maritime'),(1228,1,'Woleu-Ntem'),(1229,1,'Banjul'),(1230,1,'Basse'),(1231,1,'Brikama'),(1232,1,'Janjangbure'),(1233,1,'Kanifeng'),(1234,1,'Kerewan'),(1235,1,'Kuntaur'),(1236,1,'Mansakonko'),(1237,1,'Lower River'),(1238,1,'Central River'),(1239,1,'North Bank'),(1240,1,'Upper River'),(1241,1,'Western'),(1242,1,'Abkhazia'),(1243,1,'Ajaria'),(1244,1,'Tbilisi'),(1245,1,'Guria'),(1246,1,'Imereti'),(1247,1,'Kakheti'),(1248,1,'Kvemo Kartli'),(1249,1,'Mtskheta-Mtianeti'),(1250,1,'Racha Lechkhumi and Kvemo Svanet'),(1251,1,'Samegrelo-Zemo Svaneti'),(1252,1,'Samtskhe-Javakheti'),(1253,1,'Shida Kartli'),(1254,1,'Baden-W&uuml;rttemberg'),(1255,1,'Bayern'),(1256,1,'Berlin'),(1257,1,'Brandenburg'),(1258,1,'Bremen'),(1259,1,'Hamburg'),(1260,1,'Hessen'),(1261,1,'Mecklenburg-Vorpommern'),(1262,1,'Niedersachsen'),(1263,1,'Nordrhein-Westfalen'),(1264,1,'Rheinland-Pfalz'),(1265,1,'Saarland'),(1266,1,'Sachsen'),(1267,1,'Sachsen-Anhalt'),(1268,1,'Schleswig-Holstein'),(1269,1,'Th&uuml;ringen'),(1270,1,'Ashanti Region'),(1271,1,'Brong-Ahafo Region'),(1272,1,'Central Region'),(1273,1,'Eastern Region'),(1274,1,'Greater Accra Region'),(1275,1,'Northern Region'),(1276,1,'Upper East Region'),(1277,1,'Upper West Region'),(1278,1,'Volta Region'),(1279,1,'Western Region'),(1280,1,'Attica'),(1281,1,'Central Greece'),(1282,1,'Central Macedonia'),(1283,1,'Crete'),(1284,1,'East Macedonia and Thrace'),(1285,1,'Epirus'),(1286,1,'Ionian Islands'),(1287,1,'North Aegean'),(1288,1,'Peloponnesos'),(1289,1,'South Aegean'),(1290,1,'Thessaly'),(1291,1,'West Greece'),(1292,1,'West Macedonia'),(1293,1,'Avannaa'),(1294,1,'Tunu'),(1295,1,'Kitaa'),(1296,1,'Saint Andrew'),(1297,1,'Saint David'),(1298,1,'Saint George'),(1299,1,'Saint John'),(1300,1,'Saint Mark'),(1301,1,'Saint Patrick'),(1302,1,'Carriacou'),(1303,1,'Petit Martinique'),(1304,1,'Alta Verapaz'),(1305,1,'Baja Verapaz'),(1306,1,'Chimaltenango'),(1307,1,'Chiquimula'),(1308,1,'El Peten'),(1309,1,'El Progreso'),(1310,1,'El Quiche'),(1311,1,'Escuintla'),(1312,1,'Guatemala'),(1313,1,'Huehuetenango'),(1314,1,'Izabal'),(1315,1,'Jalapa'),(1316,1,'Jutiapa'),(1317,1,'Quetzaltenango'),(1318,1,'Retalhuleu'),(1319,1,'Sacatepequez'),(1320,1,'San Marcos'),(1321,1,'Santa Rosa'),(1322,1,'Solola'),(1323,1,'Suchitepequez'),(1324,1,'Totonicapan'),(1325,1,'Zacapa'),(1326,1,'Conakry'),(1327,1,'Beyla'),(1328,1,'Boffa'),(1329,1,'Boke'),(1330,1,'Coyah'),(1331,1,'Dabola'),(1332,1,'Dalaba'),(1333,1,'Dinguiraye'),(1334,1,'Dubreka'),(1335,1,'Faranah'),(1336,1,'Forecariah'),(1337,1,'Fria'),(1338,1,'Gaoual'),(1339,1,'Gueckedou'),(1340,1,'Kankan'),(1341,1,'Kerouane'),(1342,1,'Kindia'),(1343,1,'Kissidougou'),(1344,1,'Koubia'),(1345,1,'Koundara'),(1346,1,'Kouroussa'),(1347,1,'Labe'),(1348,1,'Lelouma'),(1349,1,'Lola'),(1350,1,'Macenta'),(1351,1,'Mali'),(1352,1,'Mamou'),(1353,1,'Mandiana'),(1354,1,'Nzerekore'),(1355,1,'Pita'),(1356,1,'Siguiri'),(1357,1,'Telimele'),(1358,1,'Tougue'),(1359,1,'Yomou'),(1360,1,'Bafata Region'),(1361,1,'Biombo Region'),(1362,1,'Bissau Region'),(1363,1,'Bolama Region'),(1364,1,'Cacheu Region'),(1365,1,'Gabu Region'),(1366,1,'Oio Region'),(1367,1,'Quinara Region'),(1368,1,'Tombali Region'),(1369,1,'Barima-Waini'),(1370,1,'Cuyuni-Mazaruni'),(1371,1,'Demerara-Mahaica'),(1372,1,'East Berbice-Corentyne'),(1373,1,'Essequibo Islands-West Demerara'),(1374,1,'Mahaica-Berbice'),(1375,1,'Pomeroon-Supenaam'),(1376,1,'Potaro-Siparuni'),(1377,1,'Upper Demerara-Berbice'),(1378,1,'Upper Takutu-Upper Essequibo'),(1379,1,'Artibonite'),(1380,1,'Centre'),(1381,1,'Grand\'Anse'),(1382,1,'Nord'),(1383,1,'Nord-Est'),(1384,1,'Nord-Ouest'),(1385,1,'Ouest'),(1386,1,'Sud'),(1387,1,'Sud-Est'),(1388,1,'Flat Island'),(1389,1,'McDonald Island'),(1390,1,'Shag Island'),(1391,1,'Heard Island'),(1392,1,'Atlantida'),(1393,1,'Choluteca'),(1394,1,'Colon'),(1395,1,'Comayagua'),(1396,1,'Copan'),(1397,1,'Cortes'),(1398,1,'El Paraiso'),(1399,1,'Francisco Morazan'),(1400,1,'Gracias a Dios'),(1401,1,'Intibuca'),(1402,1,'Islas de la Bahia (Bay Islands)'),(1403,1,'La Paz'),(1404,1,'Lempira'),(1405,1,'Ocotepeque'),(1406,1,'Olancho'),(1407,1,'Santa Barbara'),(1408,1,'Valle'),(1409,1,'Yoro'),(1410,1,'Central and Western Hong Kong Island'),(1411,1,'Eastern Hong Kong Island'),(1412,1,'Southern Hong Kong Island'),(1413,1,'Wan Chai Hong Kong Island'),(1414,1,'Kowloon City Kowloon'),(1415,1,'Kwun Tong Kowloon'),(1416,1,'Sham Shui Po Kowloon'),(1417,1,'Wong Tai Sin Kowloon'),(1418,1,'Yau Tsim Mong Kowloon'),(1419,1,'Islands New Territories'),(1420,1,'Kwai Tsing New Territories'),(1421,1,'North New Territories'),(1422,1,'Sai Kung New Territories'),(1423,1,'Sha Tin New Territories'),(1424,1,'Tai Po New Territories'),(1425,1,'Tsuen Wan New Territories'),(1426,1,'Tuen Mun New Territories'),(1427,1,'Yuen Long New Territories'),(1428,1,'Bacs-Kiskun'),(1429,1,'Baranya'),(1430,1,'Bekes'),(1431,1,'Bekescsaba'),(1432,1,'Borsod-Abauj-Zemplen'),(1433,1,'Budapest'),(1434,1,'Csongrad'),(1435,1,'Debrecen'),(1436,1,'Dunaujvaros'),(1437,1,'Eger'),(1438,1,'Fejer'),(1439,1,'Gyor'),(1440,1,'Gyor-Moson-Sopron'),(1441,1,'Hajdu-Bihar'),(1442,1,'Heves'),(1443,1,'Hodmezovasarhely'),(1444,1,'Jasz-Nagykun-Szolnok'),(1445,1,'Kaposvar'),(1446,1,'Kecskemet'),(1447,1,'Komarom-Esztergom'),(1448,1,'Miskolc'),(1449,1,'Nagykanizsa'),(1450,1,'Nograd'),(1451,1,'Nyiregyhaza'),(1452,1,'Pecs'),(1453,1,'Pest'),(1454,1,'Somogy'),(1455,1,'Sopron'),(1456,1,'Szabolcs-Szatmar-Bereg'),(1457,1,'Szeged'),(1458,1,'Szekesfehervar'),(1459,1,'Szolnok'),(1460,1,'Szombathely'),(1461,1,'Tatabanya'),(1462,1,'Tolna'),(1463,1,'Vas'),(1464,1,'Veszprem'),(1465,1,'Zala'),(1466,1,'Zalaegerszeg'),(1467,1,'Austurland'),(1468,1,'Hofuoborgarsvaeoi'),(1469,1,'Norourland eystra'),(1470,1,'Norourland vestra'),(1471,1,'Suourland'),(1472,1,'Suournes'),(1473,1,'Vestfiroir'),(1474,1,'Vesturland'),(1475,1,'Andaman and Nicobar Islands'),(1476,1,'Andhra Pradesh'),(1477,1,'Arunachal Pradesh'),(1478,1,'Assam'),(1479,1,'Bihar'),(1480,1,'Chandigarh'),(1481,1,'Dadra and Nagar Haveli'),(1482,1,'Daman and Diu'),(1483,1,'Delhi'),(1484,1,'Goa'),(1485,1,'Gujarat'),(1486,1,'Haryana'),(1487,1,'Himachal Pradesh'),(1488,1,'Jammu and Kashmir'),(1489,1,'Karnataka'),(1490,1,'Kerala'),(1491,1,'Lakshadweep Islands'),(1492,1,'Madhya Pradesh'),(1493,1,'Maharashtra'),(1494,1,'Manipur'),(1495,1,'Meghalaya'),(1496,1,'Mizoram'),(1497,1,'Nagaland'),(1498,1,'Orissa'),(1499,1,'Pondicherry'),(1500,1,'Punjab'),(1501,1,'Rajasthan'),(1502,1,'Sikkim'),(1503,1,'Tamil Nadu'),(1504,1,'Tripura'),(1505,1,'Uttar Pradesh'),(1506,1,'West Bengal'),(1507,1,'Aceh'),(1508,1,'Bali'),(1509,1,'Banten'),(1510,1,'Bengkulu'),(1511,1,'BoDeTaBek'),(1512,1,'Gorontalo'),(1513,1,'Jakarta Raya'),(1514,1,'Jambi'),(1515,1,'Jawa Barat'),(1516,1,'Jawa Tengah'),(1517,1,'Jawa Timur'),(1518,1,'Kalimantan Barat'),(1519,1,'Kalimantan Selatan'),(1520,1,'Kalimantan Tengah'),(1521,1,'Kalimantan Timur'),(1522,1,'Kepulauan Bangka Belitung'),(1523,1,'Lampung'),(1524,1,'Maluku'),(1525,1,'Maluku Utara'),(1526,1,'Nusa Tenggara Barat'),(1527,1,'Nusa Tenggara Timur'),(1528,1,'Papua'),(1529,1,'Riau'),(1530,1,'Sulawesi Selatan'),(1531,1,'Sulawesi Tengah'),(1532,1,'Sulawesi Tenggara'),(1533,1,'Sulawesi Utara'),(1534,1,'Sumatera Barat'),(1535,1,'Sumatera Selatan'),(1536,1,'Sumatera Utara'),(1537,1,'Yogyakarta'),(1538,1,'Tehran'),(1539,1,'Qom'),(1540,1,'Markazi'),(1541,1,'Qazvin'),(1542,1,'Gilan'),(1543,1,'Ardabil'),(1544,1,'Zanjan'),(1545,1,'East Azarbaijan'),(1546,1,'West Azarbaijan'),(1547,1,'Kurdistan'),(1548,1,'Hamadan'),(1549,1,'Kermanshah'),(1550,1,'Ilam'),(1551,1,'Lorestan'),(1552,1,'Khuzestan'),(1553,1,'Chahar Mahaal and Bakhtiari'),(1554,1,'Kohkiluyeh and Buyer Ahmad'),(1555,1,'Bushehr'),(1556,1,'Fars'),(1557,1,'Hormozgan'),(1558,1,'Sistan and Baluchistan'),(1559,1,'Kerman'),(1560,1,'Yazd'),(1561,1,'Esfahan'),(1562,1,'Semnan'),(1563,1,'Mazandaran'),(1564,1,'Golestan'),(1565,1,'North Khorasan'),(1566,1,'Razavi Khorasan'),(1567,1,'South Khorasan'),(1568,1,'Baghdad'),(1569,1,'Salah ad Din'),(1570,1,'Diyala'),(1571,1,'Wasit'),(1572,1,'Maysan'),(1573,1,'Al Basrah'),(1574,1,'Dhi Qar'),(1575,1,'Al Muthanna'),(1576,1,'Al Qadisyah'),(1577,1,'Babil'),(1578,1,'Al Karbala'),(1579,1,'An Najaf'),(1580,1,'Al Anbar'),(1581,1,'Ninawa'),(1582,1,'Dahuk'),(1583,1,'Arbil'),(1584,1,'At Ta\'mim'),(1585,1,'As Sulaymaniyah'),(1586,1,'Carlow'),(1587,1,'Cavan'),(1588,1,'Clare'),(1589,1,'Cork'),(1590,1,'Donegal'),(1591,1,'Dublin'),(1592,1,'Galway'),(1593,1,'Kerry'),(1594,1,'Kildare'),(1595,1,'Kilkenny'),(1596,1,'Laois'),(1597,1,'Leitrim'),(1598,1,'Limerick'),(1599,1,'Longford'),(1600,1,'Louth'),(1601,1,'Mayo'),(1602,1,'Meath'),(1603,1,'Monaghan'),(1604,1,'Offaly'),(1605,1,'Roscommon'),(1606,1,'Sligo'),(1607,1,'Tipperary'),(1608,1,'Waterford'),(1609,1,'Westmeath'),(1610,1,'Wexford'),(1611,1,'Wicklow'),(1612,1,'Be\'er Sheva'),(1613,1,'Bika\'at Hayarden'),(1614,1,'Eilat and Arava'),(1615,1,'Galil'),(1616,1,'Haifa'),(1617,1,'Jehuda Mountains'),(1618,1,'Jerusalem'),(1619,1,'Negev'),(1620,1,'Semaria'),(1621,1,'Sharon'),(1622,1,'Tel Aviv (Gosh Dan)'),(3860,1,'Caltanissetta'),(3842,1,'Agrigento'),(3843,1,'Alessandria'),(3844,1,'Ancona'),(3845,1,'Aosta'),(3846,1,'Arezzo'),(3847,1,'Ascoli Piceno'),(3848,1,'Asti'),(3849,1,'Avellino'),(3850,1,'Bari'),(3851,1,'Belluno'),(3852,1,'Benevento'),(3853,1,'Bergamo'),(3854,1,'Biella'),(3855,1,'Bologna'),(3856,1,'Bolzano'),(3857,1,'Brescia'),(3858,1,'Brindisi'),(3859,1,'Cagliari'),(1643,1,'Clarendon Parish'),(1644,1,'Hanover Parish'),(1645,1,'Kingston Parish'),(1646,1,'Manchester Parish'),(1647,1,'Portland Parish'),(1648,1,'Saint Andrew Parish'),(1649,1,'Saint Ann Parish'),(1650,1,'Saint Catherine Parish'),(1651,1,'Saint Elizabeth Parish'),(1652,1,'Saint James Parish'),(1653,1,'Saint Mary Parish'),(1654,1,'Saint Thomas Parish'),(1655,1,'Trelawny Parish'),(1656,1,'Westmoreland Parish'),(1657,1,'Aichi'),(1658,1,'Akita'),(1659,1,'Aomori'),(1660,1,'Chiba'),(1661,1,'Ehime'),(1662,1,'Fukui'),(1663,1,'Fukuoka'),(1664,1,'Fukushima'),(1665,1,'Gifu'),(1666,1,'Gumma'),(1667,1,'Hiroshima'),(1668,1,'Hokkaido'),(1669,1,'Hyogo'),(1670,1,'Ibaraki'),(1671,1,'Ishikawa'),(1672,1,'Iwate'),(1673,1,'Kagawa'),(1674,1,'Kagoshima'),(1675,1,'Kanagawa'),(1676,1,'Kochi'),(1677,1,'Kumamoto'),(1678,1,'Kyoto'),(1679,1,'Mie'),(1680,1,'Miyagi'),(1681,1,'Miyazaki'),(1682,1,'Nagano'),(1683,1,'Nagasaki'),(1684,1,'Nara'),(1685,1,'Niigata'),(1686,1,'Oita'),(1687,1,'Okayama'),(1688,1,'Okinawa'),(1689,1,'Osaka'),(1690,1,'Saga'),(1691,1,'Saitama'),(1692,1,'Shiga'),(1693,1,'Shimane'),(1694,1,'Shizuoka'),(1695,1,'Tochigi'),(1696,1,'Tokushima'),(1697,1,'Tokyo'),(1698,1,'Tottori'),(1699,1,'Toyama'),(1700,1,'Wakayama'),(1701,1,'Yamagata'),(1702,1,'Yamaguchi'),(1703,1,'Yamanashi'),(1704,1,'\'Amman'),(1705,1,'Ajlun'),(1706,1,'Al \'Aqabah'),(1707,1,'Al Balqa\''),(1708,1,'Al Karak'),(1709,1,'Al Mafraq'),(1710,1,'At Tafilah'),(1711,1,'Az Zarqa\''),(1712,1,'Irbid'),(1713,1,'Jarash'),(1714,1,'Ma\'an'),(1715,1,'Madaba'),(1716,1,'Almaty'),(1717,1,'Almaty City'),(1718,1,'Aqmola'),(1719,1,'Aqtobe'),(1720,1,'Astana City'),(1721,1,'Atyrau'),(1722,1,'Batys Qazaqstan'),(1723,1,'Bayqongyr City'),(1724,1,'Mangghystau'),(1725,1,'Ongtustik Qazaqstan'),(1726,1,'Pavlodar'),(1727,1,'Qaraghandy'),(1728,1,'Qostanay'),(1729,1,'Qyzylorda'),(1730,1,'Shyghys Qazaqstan'),(1731,1,'Soltustik Qazaqstan'),(1732,1,'Zhambyl'),(1733,1,'Central'),(1734,1,'Coast'),(1735,1,'Eastern'),(1736,1,'Nairobi Area'),(1737,1,'North Eastern'),(1738,1,'Nyanza'),(1739,1,'Rift Valley'),(1740,1,'Western'),(1741,1,'Abaiang'),(1742,1,'Abemama'),(1743,1,'Aranuka'),(1744,1,'Arorae'),(1745,1,'Banaba'),(1746,1,'Beru'),(1747,1,'Butaritari'),(1748,1,'Kanton'),(1749,1,'Kiritimati'),(1750,1,'Kuria'),(1751,1,'Maiana'),(1752,1,'Makin'),(1753,1,'Marakei'),(1754,1,'Nikunau'),(1755,1,'Nonouti'),(1756,1,'Onotoa'),(1757,1,'Tabiteuea'),(1758,1,'Tabuaeran'),(1759,1,'Tamana'),(1760,1,'Tarawa'),(1761,1,'Teraina'),(1762,1,'Chagang-do'),(1763,1,'Hamgyong-bukto'),(1764,1,'Hamgyong-namdo'),(1765,1,'Hwanghae-bukto'),(1766,1,'Hwanghae-namdo'),(1767,1,'Kangwon-do'),(1768,1,'P\'yongan-bukto'),(1769,1,'P\'yongan-namdo'),(1770,1,'Ryanggang-do (Yanggang-do)'),(1771,1,'Rason Directly Governed City'),(1772,1,'P\'yongyang Special City'),(1773,1,'Ch\'ungch\'ong-bukto'),(1774,1,'Ch\'ungch\'ong-namdo'),(1775,1,'Cheju-do'),(1776,1,'Cholla-bukto'),(1777,1,'Cholla-namdo'),(1778,1,'Inch\'on-gwangyoksi'),(1779,1,'Kangwon-do'),(1780,1,'Kwangju-gwangyoksi'),(1781,1,'Kyonggi-do'),(1782,1,'Kyongsang-bukto'),(1783,1,'Kyongsang-namdo'),(1784,1,'Pusan-gwangyoksi'),(1785,1,'Soul-t\'ukpyolsi'),(1786,1,'Taegu-gwangyoksi'),(1787,1,'Taejon-gwangyoksi'),(1788,1,'Al \'Asimah'),(1789,1,'Al Ahmadi'),(1790,1,'Al Farwaniyah'),(1791,1,'Al Jahra\''),(1792,1,'Hawalli'),(1793,1,'Bishkek'),(1794,1,'Batken'),(1795,1,'Chu'),(1796,1,'Jalal-Abad'),(1797,1,'Naryn'),(1798,1,'Osh'),(1799,1,'Talas'),(1800,1,'Ysyk-Kol'),(1801,1,'Vientiane'),(1802,1,'Attapu'),(1803,1,'Bokeo'),(1804,1,'Bolikhamxai'),(1805,1,'Champasak'),(1806,1,'Houaphan'),(1807,1,'Khammouan'),(1808,1,'Louang Namtha'),(1809,1,'Louangphabang'),(1810,1,'Oudomxai'),(1811,1,'Phongsali'),(1812,1,'Salavan'),(1813,1,'Savannakhet'),(1814,1,'Vientiane'),(1815,1,'Xaignabouli'),(1816,1,'Xekong'),(1817,1,'Xiangkhoang'),(1818,1,'Xaisomboun'),(1819,1,'Aizkraukles Rajons'),(1820,1,'Aluksnes Rajons'),(1821,1,'Balvu Rajons'),(1822,1,'Bauskas Rajons'),(1823,1,'Cesu Rajons'),(1824,1,'Daugavpils Rajons'),(1825,1,'Dobeles Rajons'),(1826,1,'Gulbenes Rajons'),(1827,1,'Jekabpils Rajons'),(1828,1,'Jelgavas Rajons'),(1829,1,'Kraslavas Rajons'),(1830,1,'Kuldigas Rajons'),(1831,1,'Liepajas Rajons'),(1832,1,'Limbazu Rajons'),(1833,1,'Ludzas Rajons'),(1834,1,'Madonas Rajons'),(1835,1,'Ogres Rajons'),(1836,1,'Preilu Rajons'),(1837,1,'Rezeknes Rajons'),(1838,1,'Rigas Rajons'),(1839,1,'Saldus Rajons'),(1840,1,'Talsu Rajons'),(1841,1,'Tukuma Rajons'),(1842,1,'Valkas Rajons'),(1843,1,'Valmieras Rajons'),(1844,1,'Ventspils Rajons'),(1845,1,'Daugavpils'),(1846,1,'Jelgava'),(1847,1,'Jurmala'),(1848,1,'Liepaja'),(1849,1,'Rezekne'),(1850,1,'Riga'),(1851,1,'Ventspils'),(1852,1,'Berea'),(1853,1,'Butha-Buthe'),(1854,1,'Leribe'),(1855,1,'Mafeteng'),(1856,1,'Maseru'),(1857,1,'Mohale\'s Hoek'),(1858,1,'Mokhotlong'),(1859,1,'Qacha\'s Nek'),(1860,1,'Quthing'),(1861,1,'Thaba-Tseka'),(1862,1,'Bomi'),(1863,1,'Bong'),(1864,1,'Grand Bassa'),(1865,1,'Grand Cape Mount'),(1866,1,'Grand Gedeh'),(1867,1,'Grand Kru'),(1868,1,'Lofa'),(1869,1,'Margibi'),(1870,1,'Maryland'),(1871,1,'Montserrado'),(1872,1,'Nimba'),(1873,1,'River Cess'),(1874,1,'Sinoe'),(1875,1,'Ajdabiya'),(1876,1,'Al \'Aziziyah'),(1877,1,'Al Fatih'),(1878,1,'Al Jabal al Akhdar'),(1879,1,'Al Jufrah'),(1880,1,'Al Khums'),(1881,1,'Al Kufrah'),(1882,1,'An Nuqat al Khams'),(1883,1,'Ash Shati\''),(1884,1,'Awbari'),(1885,1,'Az Zawiyah'),(1886,1,'Banghazi'),(1887,1,'Darnah'),(1888,1,'Ghadamis'),(1889,1,'Gharyan'),(1890,1,'Misratah'),(1891,1,'Murzuq'),(1892,1,'Sabha'),(1893,1,'Sawfajjin'),(1894,1,'Surt'),(1895,1,'Tarabulus (Tripoli)'),(1896,1,'Tarhunah'),(1897,1,'Tubruq'),(1898,1,'Yafran'),(1899,1,'Zlitan'),(1900,1,'Vaduz'),(1901,1,'Schaan'),(1902,1,'Balzers'),(1903,1,'Triesen'),(1904,1,'Eschen'),(1905,1,'Mauren'),(1906,1,'Triesenberg'),(1907,1,'Ruggell'),(1908,1,'Gamprin'),(1909,1,'Schellenberg'),(1910,1,'Planken'),(1911,1,'Alytus'),(1912,1,'Kaunas'),(1913,1,'Klaipeda'),(1914,1,'Marijampole'),(1915,1,'Panevezys'),(1916,1,'Siauliai'),(1917,1,'Taurage'),(1918,1,'Telsiai'),(1919,1,'Utena'),(1920,1,'Vilnius'),(1921,1,'Diekirch'),(1922,1,'Clervaux'),(1923,1,'Redange'),(1924,1,'Vianden'),(1925,1,'Wiltz'),(1926,1,'Grevenmacher'),(1927,1,'Echternach'),(1928,1,'Remich'),(1929,1,'Luxembourg'),(1930,1,'Capellen'),(1931,1,'Esch-sur-Alzette'),(1932,1,'Mersch'),(1933,1,'Our Lady Fatima Parish'),(1934,1,'St. Anthony Parish'),(1935,1,'St. Lazarus Parish'),(1936,1,'Cathedral Parish'),(1937,1,'St. Lawrence Parish'),(1938,1,'Antananarivo'),(1939,1,'Antsiranana'),(1940,1,'Fianarantsoa'),(1941,1,'Mahajanga'),(1942,1,'Toamasina'),(1943,1,'Toliara'),(1944,1,'Balaka'),(1945,1,'Blantyre'),(1946,1,'Chikwawa'),(1947,1,'Chiradzulu'),(1948,1,'Chitipa'),(1949,1,'Dedza'),(1950,1,'Dowa'),(1951,1,'Karonga'),(1952,1,'Kasungu'),(1953,1,'Likoma'),(1954,1,'Lilongwe'),(1955,1,'Machinga'),(1956,1,'Mangochi'),(1957,1,'Mchinji'),(1958,1,'Mulanje'),(1959,1,'Mwanza'),(1960,1,'Mzimba'),(1961,1,'Ntcheu'),(1962,1,'Nkhata Bay'),(1963,1,'Nkhotakota'),(1964,1,'Nsanje'),(1965,1,'Ntchisi'),(1966,1,'Phalombe'),(1967,1,'Rumphi'),(1968,1,'Salima'),(1969,1,'Thyolo'),(1970,1,'Zomba'),(1971,1,'Johor'),(1972,1,'Kedah'),(1973,1,'Kelantan'),(1974,1,'Labuan'),(1975,1,'Melaka'),(1976,1,'Negeri Sembilan'),(1977,1,'Pahang'),(1978,1,'Perak'),(1979,1,'Perlis'),(1980,1,'Pulau Pinang'),(1981,1,'Sabah'),(1982,1,'Sarawak'),(1983,1,'Selangor'),(1984,1,'Terengganu'),(1985,1,'Wilayah Persekutuan'),(1986,1,'Thiladhunmathi Uthuru'),(1987,1,'Thiladhunmathi Dhekunu'),(1988,1,'Miladhunmadulu Uthuru'),(1989,1,'Miladhunmadulu Dhekunu'),(1990,1,'Maalhosmadulu Uthuru'),(1991,1,'Maalhosmadulu Dhekunu'),(1992,1,'Faadhippolhu'),(1993,1,'Male Atoll'),(1994,1,'Ari Atoll Uthuru'),(1995,1,'Ari Atoll Dheknu'),(1996,1,'Felidhe Atoll'),(1997,1,'Mulaku Atoll'),(1998,1,'Nilandhe Atoll Uthuru'),(1999,1,'Nilandhe Atoll Dhekunu'),(2000,1,'Kolhumadulu'),(2001,1,'Hadhdhunmathi'),(2002,1,'Huvadhu Atoll Uthuru'),(2003,1,'Huvadhu Atoll Dhekunu'),(2004,1,'Fua Mulaku'),(2005,1,'Addu'),(2006,1,'Gao'),(2007,1,'Kayes'),(2008,1,'Kidal'),(2009,1,'Koulikoro'),(2010,1,'Mopti'),(2011,1,'Segou'),(2012,1,'Sikasso'),(2013,1,'Tombouctou'),(2014,1,'Bamako Capital District'),(2015,1,'Attard'),(2016,1,'Balzan'),(2017,1,'Birgu'),(2018,1,'Birkirkara'),(2019,1,'Birzebbuga'),(2020,1,'Bormla'),(2021,1,'Dingli'),(2022,1,'Fgura'),(2023,1,'Floriana'),(2024,1,'Gudja'),(2025,1,'Gzira'),(2026,1,'Gargur'),(2027,1,'Gaxaq'),(2028,1,'Hamrun'),(2029,1,'Iklin'),(2030,1,'Isla'),(2031,1,'Kalkara'),(2032,1,'Kirkop'),(2033,1,'Lija'),(2034,1,'Luqa'),(2035,1,'Marsa'),(2036,1,'Marsaskala'),(2037,1,'Marsaxlokk'),(2038,1,'Mdina'),(2039,1,'Melliea'),(2040,1,'Mgarr'),(2041,1,'Mosta'),(2042,1,'Mqabba'),(2043,1,'Msida'),(2044,1,'Mtarfa'),(2045,1,'Naxxar'),(2046,1,'Paola'),(2047,1,'Pembroke'),(2048,1,'Pieta'),(2049,1,'Qormi'),(2050,1,'Qrendi'),(2051,1,'Rabat'),(2052,1,'Safi'),(2053,1,'San Giljan'),(2054,1,'Santa Lucija'),(2055,1,'San Pawl il-Bahar'),(2056,1,'San Gwann'),(2057,1,'Santa Venera'),(2058,1,'Siggiewi'),(2059,1,'Sliema'),(2060,1,'Swieqi'),(2061,1,'Ta Xbiex'),(2062,1,'Tarxien'),(2063,1,'Valletta'),(2064,1,'Xgajra'),(2065,1,'Zabbar'),(2066,1,'Zebbug'),(2067,1,'Zejtun'),(2068,1,'Zurrieq'),(2069,1,'Fontana'),(2070,1,'Ghajnsielem'),(2071,1,'Gharb'),(2072,1,'Ghasri'),(2073,1,'Kercem'),(2074,1,'Munxar'),(2075,1,'Nadur'),(2076,1,'Qala'),(2077,1,'Victoria'),(2078,1,'San Lawrenz'),(2079,1,'Sannat'),(2080,1,'Xagra'),(2081,1,'Xewkija'),(2082,1,'Zebbug'),(2083,1,'Ailinginae'),(2084,1,'Ailinglaplap'),(2085,1,'Ailuk'),(2086,1,'Arno'),(2087,1,'Aur'),(2088,1,'Bikar'),(2089,1,'Bikini'),(2090,1,'Bokak'),(2091,1,'Ebon'),(2092,1,'Enewetak'),(2093,1,'Erikub'),(2094,1,'Jabat'),(2095,1,'Jaluit'),(2096,1,'Jemo'),(2097,1,'Kili'),(2098,1,'Kwajalein'),(2099,1,'Lae'),(2100,1,'Lib'),(2101,1,'Likiep'),(2102,1,'Majuro'),(2103,1,'Maloelap'),(2104,1,'Mejit'),(2105,1,'Mili'),(2106,1,'Namorik'),(2107,1,'Namu'),(2108,1,'Rongelap'),(2109,1,'Rongrik'),(2110,1,'Toke'),(2111,1,'Ujae'),(2112,1,'Ujelang'),(2113,1,'Utirik'),(2114,1,'Wotho'),(2115,1,'Wotje'),(2116,1,'Adrar'),(2117,1,'Assaba'),(2118,1,'Brakna'),(2119,1,'Dakhlet Nouadhibou'),(2120,1,'Gorgol'),(2121,1,'Guidimaka'),(2122,1,'Hodh Ech Chargui'),(2123,1,'Hodh El Gharbi'),(2124,1,'Inchiri'),(2125,1,'Tagant'),(2126,1,'Tiris Zemmour'),(2127,1,'Trarza'),(2128,1,'Nouakchott'),(2129,1,'Beau Bassin-Rose Hill'),(2130,1,'Curepipe'),(2131,1,'Port Louis'),(2132,1,'Quatre Bornes'),(2133,1,'Vacoas-Phoenix'),(2134,1,'Agalega Islands'),(2135,1,'Cargados Carajos Shoals (Saint Brandon Islands)'),(2136,1,'Rodrigues'),(2137,1,'Black River'),(2138,1,'Flacq'),(2139,1,'Grand Port'),(2140,1,'Moka'),(2141,1,'Pamplemousses'),(2142,1,'Plaines Wilhems'),(2143,1,'Port Louis'),(2144,1,'Riviere du Rempart'),(2145,1,'Savanne'),(2146,1,'Baja California Norte'),(2147,1,'Baja California Sur'),(2148,1,'Campeche'),(2149,1,'Chiapas'),(2150,1,'Chihuahua'),(2151,1,'Coahuila de Zaragoza'),(2152,1,'Colima'),(2153,1,'Distrito Federal'),(2154,1,'Durango'),(2155,1,'Guanajuato'),(2156,1,'Guerrero'),(2157,1,'Hidalgo'),(2158,1,'Jalisco'),(2159,1,'Mexico'),(2160,1,'Michoacan de Ocampo'),(2161,1,'Morelos'),(2162,1,'Nayarit'),(2163,1,'Nuevo Leon'),(2164,1,'Oaxaca'),(2165,1,'Puebla'),(2166,1,'Queretaro de Arteaga'),(2167,1,'Quintana Roo'),(2168,1,'San Luis Potosi'),(2169,1,'Sinaloa'),(2170,1,'Sonora'),(2171,1,'Tabasco'),(2172,1,'Tamaulipas'),(2173,1,'Tlaxcala'),(2174,1,'Veracruz-Llave'),(2175,1,'Yucatan'),(2176,1,'Zacatecas'),(2177,1,'Chuuk'),(2178,1,'Kosrae'),(2179,1,'Pohnpei'),(2180,1,'Yap'),(2181,1,'Gagauzia'),(2182,1,'Chisinau'),(2183,1,'Balti'),(2184,1,'Cahul'),(2185,1,'Edinet'),(2186,1,'Lapusna'),(2187,1,'Orhei'),(2188,1,'Soroca'),(2189,1,'Tighina'),(2190,1,'Ungheni'),(2191,1,'St‚nga Nistrului'),(2192,1,'Fontvieille'),(2193,1,'La Condamine'),(2194,1,'Monaco-Ville'),(2195,1,'Monte-Carlo'),(2196,1,'Ulanbaatar'),(2197,1,'Orhon'),(2198,1,'Darhan uul'),(2199,1,'Hentiy'),(2200,1,'Hovsgol'),(2201,1,'Hovd'),(2202,1,'Uvs'),(2203,1,'Tov'),(2204,1,'Selenge'),(2205,1,'Suhbaatar'),(2206,1,'Omnogovi'),(2207,1,'Ovorhangay'),(2208,1,'Dzavhan'),(2209,1,'DundgovL'),(2210,1,'Dornod'),(2211,1,'Dornogov'),(2212,1,'Govi-Sumber'),(2213,1,'Govi-Altay'),(2214,1,'Bulgan'),(2215,1,'Bayanhongor'),(2216,1,'Bayan-Olgiy'),(2217,1,'Arhangay'),(2218,1,'Saint Anthony'),(2219,1,'Saint Georges'),(2220,1,'Saint Peter'),(2221,1,'Agadir'),(2222,1,'Al Hoceima'),(2223,1,'Azilal'),(2224,1,'Beni Mellal'),(2225,1,'Ben Slimane'),(2226,1,'Boulemane'),(2227,1,'Casablanca'),(2228,1,'Chaouen'),(2229,1,'El Jadida'),(2230,1,'El Kelaa des Sraghna'),(2231,1,'Er Rachidia'),(2232,1,'Essaouira'),(2233,1,'Fes'),(2234,1,'Figuig'),(2235,1,'Guelmim'),(2236,1,'Ifrane'),(2237,1,'Kenitra'),(2238,1,'Khemisset'),(2239,1,'Khenifra'),(2240,1,'Khouribga'),(2241,1,'Laayoune'),(2242,1,'Larache'),(2243,1,'Marrakech'),(2244,1,'Meknes'),(2245,1,'Nador'),(2246,1,'Ouarzazate'),(2247,1,'Oujda'),(2248,1,'Rabat-Sale'),(2249,1,'Safi'),(2250,1,'Settat'),(2251,1,'Sidi Kacem'),(2252,1,'Tangier'),(2253,1,'Tan-Tan'),(2254,1,'Taounate'),(2255,1,'Taroudannt'),(2256,1,'Tata'),(2257,1,'Taza'),(2258,1,'Tetouan'),(2259,1,'Tiznit'),(2260,1,'Ad Dakhla'),(2261,1,'Boujdour'),(2262,1,'Es Smara'),(2263,1,'Cabo Delgado'),(2264,1,'Gaza'),(2265,1,'Inhambane'),(2266,1,'Manica'),(2267,1,'Maputo (city)'),(2268,1,'Maputo'),(2269,1,'Nampula'),(2270,1,'Niassa'),(2271,1,'Sofala'),(2272,1,'Tete'),(2273,1,'Zambezia'),(2274,1,'Ayeyarwady'),(2275,1,'Bago'),(2276,1,'Magway'),(2277,1,'Mandalay'),(2278,1,'Sagaing'),(2279,1,'Tanintharyi'),(2280,1,'Yangon'),(2281,1,'Chin State'),(2282,1,'Kachin State'),(2283,1,'Kayah State'),(2284,1,'Kayin State'),(2285,1,'Mon State'),(2286,1,'Rakhine State'),(2287,1,'Shan State'),(2288,1,'Caprivi'),(2289,1,'Erongo'),(2290,1,'Hardap'),(2291,1,'Karas'),(2292,1,'Kavango'),(2293,1,'Khomas'),(2294,1,'Kunene'),(2295,1,'Ohangwena'),(2296,1,'Omaheke'),(2297,1,'Omusati'),(2298,1,'Oshana'),(2299,1,'Oshikoto'),(2300,1,'Otjozondjupa'),(2301,1,'Aiwo'),(2302,1,'Anabar'),(2303,1,'Anetan'),(2304,1,'Anibare'),(2305,1,'Baiti'),(2306,1,'Boe'),(2307,1,'Buada'),(2308,1,'Denigomodu'),(2309,1,'Ewa'),(2310,1,'Ijuw'),(2311,1,'Meneng'),(2312,1,'Nibok'),(2313,1,'Uaboe'),(2314,1,'Yaren'),(2315,1,'Bagmati'),(2316,1,'Bheri'),(2317,1,'Dhawalagiri'),(2318,1,'Gandaki'),(2319,1,'Janakpur'),(2320,1,'Karnali'),(2321,1,'Kosi'),(2322,1,'Lumbini'),(2323,1,'Mahakali'),(2324,1,'Mechi'),(2325,1,'Narayani'),(2326,1,'Rapti'),(2327,1,'Sagarmatha'),(2328,1,'Seti'),(2329,1,'Drenthe'),(2330,1,'Flevoland'),(2331,1,'Friesland'),(2332,1,'Gelderland'),(2333,1,'Groningen'),(2334,1,'Limburg'),(2335,1,'Noord Brabant'),(2336,1,'Noord Holland'),(2337,1,'Overijssel'),(2338,1,'Utrecht'),(2339,1,'Zeeland'),(2340,1,'Zuid Holland'),(2341,1,'Iles Loyaute'),(2342,1,'Nord'),(2343,1,'Sud'),(2344,1,'Auckland'),(2345,1,'Bay of Plenty'),(2346,1,'Canterbury'),(2347,1,'Coromandel'),(2348,1,'Gisborne'),(2349,1,'Fiordland'),(2350,1,'Hawke\'s Bay'),(2351,1,'Marlborough'),(2352,1,'Manawatu-Wanganui'),(2353,1,'Mt Cook-Mackenzie'),(2354,1,'Nelson'),(2355,1,'Northland'),(2356,1,'Otago'),(2357,1,'Southland'),(2358,1,'Taranaki'),(2359,1,'Wellington'),(2360,1,'Waikato'),(2361,1,'Wairprarapa'),(2362,1,'West Coast'),(2363,1,'Atlantico Norte'),(2364,1,'Atlantico Sur'),(2365,1,'Boaco'),(2366,1,'Carazo'),(2367,1,'Chinandega'),(2368,1,'Chontales'),(2369,1,'Esteli'),(2370,1,'Granada'),(2371,1,'Jinotega'),(2372,1,'Leon'),(2373,1,'Madriz'),(2374,1,'Managua'),(2375,1,'Masaya'),(2376,1,'Matagalpa'),(2377,1,'Nuevo Segovia'),(2378,1,'Rio San Juan'),(2379,1,'Rivas'),(2380,1,'Agadez'),(2381,1,'Diffa'),(2382,1,'Dosso'),(2383,1,'Maradi'),(2384,1,'Niamey'),(2385,1,'Tahoua'),(2386,1,'Tillaberi'),(2387,1,'Zinder'),(2388,1,'Abia'),(2389,1,'Abuja Federal Capital Territory'),(2390,1,'Adamawa'),(2391,1,'Akwa Ibom'),(2392,1,'Anambra'),(2393,1,'Bauchi'),(2394,1,'Bayelsa'),(2395,1,'Benue'),(2396,1,'Borno'),(2397,1,'Cross River'),(2398,1,'Delta'),(2399,1,'Ebonyi'),(2400,1,'Edo'),(2401,1,'Ekiti'),(2402,1,'Enugu'),(2403,1,'Gombe'),(2404,1,'Imo'),(2405,1,'Jigawa'),(2406,1,'Kaduna'),(2407,1,'Kano'),(2408,1,'Katsina'),(2409,1,'Kebbi'),(2410,1,'Kogi'),(2411,1,'Kwara'),(2412,1,'Lagos'),(2413,1,'Nassarawa'),(2414,1,'Niger'),(2415,1,'Ogun'),(2416,1,'Ondo'),(2417,1,'Osun'),(2418,1,'Oyo'),(2419,1,'Plateau'),(2420,1,'Rivers'),(2421,1,'Sokoto'),(2422,1,'Taraba'),(2423,1,'Yobe'),(2424,1,'Zamfara'),(2425,1,'Northern Islands'),(2426,1,'Rota'),(2427,1,'Saipan'),(2428,1,'Tinian'),(2429,1,'Akershus'),(2430,1,'Aust-Agder'),(2431,1,'Buskerud'),(2432,1,'Finnmark'),(2433,1,'Hedmark'),(2434,1,'Hordaland'),(2435,1,'More og Romdal'),(2436,1,'Nord-Trondelag'),(2437,1,'Nordland'),(2438,1,'Ostfold'),(2439,1,'Oppland'),(2440,1,'Oslo'),(2441,1,'Rogaland'),(2442,1,'Sor-Trondelag'),(2443,1,'Sogn og Fjordane'),(2444,1,'Svalbard'),(2445,1,'Telemark'),(2446,1,'Troms'),(2447,1,'Vest-Agder'),(2448,1,'Vestfold'),(2449,1,'Ad Dakhiliyah'),(2450,1,'Al Batinah'),(2451,1,'Al Wusta'),(2452,1,'Ash Sharqiyah'),(2453,1,'Az Zahirah'),(2454,1,'Masqat'),(2455,1,'Musandam'),(2456,1,'Zufar'),(2457,1,'Balochistan'),(2458,1,'Federally Administered Tribal Areas'),(2459,1,'Islamabad Capital Territory'),(2460,1,'North-West Frontier'),(2461,1,'Punjab'),(2462,1,'Sindh'),(2463,1,'Aimeliik'),(2464,1,'Airai'),(2465,1,'Angaur'),(2466,1,'Hatohobei'),(2467,1,'Kayangel'),(2468,1,'Koror'),(2469,1,'Melekeok'),(2470,1,'Ngaraard'),(2471,1,'Ngarchelong'),(2472,1,'Ngardmau'),(2473,1,'Ngatpang'),(2474,1,'Ngchesar'),(2475,1,'Ngeremlengui'),(2476,1,'Ngiwal'),(2477,1,'Peleliu'),(2478,1,'Sonsorol'),(2479,1,'Bocas del Toro'),(2480,1,'Chiriqui'),(2481,1,'Cocle'),(2482,1,'Colon'),(2483,1,'Darien'),(2484,1,'Herrera'),(2485,1,'Los Santos'),(2486,1,'Panama'),(2487,1,'San Blas'),(2488,1,'Veraguas'),(2489,1,'Bougainville'),(2490,1,'Central'),(2491,1,'Chimbu'),(2492,1,'Eastern Highlands'),(2493,1,'East New Britain'),(2494,1,'East Sepik'),(2495,1,'Enga'),(2496,1,'Gulf'),(2497,1,'Madang'),(2498,1,'Manus'),(2499,1,'Milne Bay'),(2500,1,'Morobe'),(2501,1,'National Capital'),(2502,1,'New Ireland'),(2503,1,'Northern'),(2504,1,'Sandaun'),(2505,1,'Southern Highlands'),(2506,1,'Western'),(2507,1,'Western Highlands'),(2508,1,'West New Britain'),(2509,1,'Alto Paraguay'),(2510,1,'Alto Parana'),(2511,1,'Amambay'),(2512,1,'Asuncion'),(2513,1,'Boqueron'),(2514,1,'Caaguazu'),(2515,1,'Caazapa'),(2516,1,'Canindeyu'),(2517,1,'Central'),(2518,1,'Concepcion'),(2519,1,'Cordillera'),(2520,1,'Guaira'),(2521,1,'Itapua'),(2522,1,'Misiones'),(2523,1,'Neembucu'),(2524,1,'Paraguari'),(2525,1,'Presidente Hayes'),(2526,1,'San Pedro'),(2527,1,'Amazonas'),(2528,1,'Ancash'),(2529,1,'Apurimac'),(2530,1,'Arequipa'),(2531,1,'Ayacucho'),(2532,1,'Cajamarca'),(2533,1,'Callao'),(2534,1,'Cusco'),(2535,1,'Huancavelica'),(2536,1,'Huanuco'),(2537,1,'Ica'),(2538,1,'Junin'),(2539,1,'La Libertad'),(2540,1,'Lambayeque'),(2541,1,'Lima'),(2542,1,'Loreto'),(2543,1,'Madre de Dios'),(2544,1,'Moquegua'),(2545,1,'Pasco'),(2546,1,'Piura'),(2547,1,'Puno'),(2548,1,'San Martin'),(2549,1,'Tacna'),(2550,1,'Tumbes'),(2551,1,'Ucayali'),(2552,1,'Abra'),(2553,1,'Agusan del Norte'),(2554,1,'Agusan del Sur'),(2555,1,'Aklan'),(2556,1,'Albay'),(2557,1,'Antique'),(2558,1,'Apayao'),(2559,1,'Aurora'),(2560,1,'Basilan'),(2561,1,'Bataan'),(2562,1,'Batanes'),(2563,1,'Batangas'),(2564,1,'Biliran'),(2565,1,'Benguet'),(2566,1,'Bohol'),(2567,1,'Bukidnon'),(2568,1,'Bulacan'),(2569,1,'Cagayan'),(2570,1,'Camarines Norte'),(2571,1,'Camarines Sur'),(2572,1,'Camiguin'),(2573,1,'Capiz'),(2574,1,'Catanduanes'),(2575,1,'Cavite'),(2576,1,'Cebu'),(2577,1,'Compostela'),(2578,1,'Davao del Norte'),(2579,1,'Davao del Sur'),(2580,1,'Davao Oriental'),(2581,1,'Eastern Samar'),(2582,1,'Guimaras'),(2583,1,'Ifugao'),(2584,1,'Ilocos Norte'),(2585,1,'Ilocos Sur'),(2586,1,'Iloilo'),(2587,1,'Isabela'),(2588,1,'Kalinga'),(2589,1,'Laguna'),(2590,1,'Lanao del Norte'),(2591,1,'Lanao del Sur'),(2592,1,'La Union'),(2593,1,'Leyte'),(2594,1,'Maguindanao'),(2595,1,'Marinduque'),(2596,1,'Masbate'),(2597,1,'Mindoro Occidental'),(2598,1,'Mindoro Oriental'),(2599,1,'Misamis Occidental'),(2600,1,'Misamis Oriental'),(2601,1,'Mountain'),(2602,1,'Negros Occidental'),(2603,1,'Negros Oriental'),(2604,1,'North Cotabato'),(2605,1,'Northern Samar'),(2606,1,'Nueva Ecija'),(2607,1,'Nueva Vizcaya'),(2608,1,'Palawan'),(2609,1,'Pampanga'),(2610,1,'Pangasinan'),(2611,1,'Quezon'),(2612,1,'Quirino'),(2613,1,'Rizal'),(2614,1,'Romblon'),(2615,1,'Samar'),(2616,1,'Sarangani'),(2617,1,'Siquijor'),(2618,1,'Sorsogon'),(2619,1,'South Cotabato'),(2620,1,'Southern Leyte'),(2621,1,'Sultan Kudarat'),(2622,1,'Sulu'),(2623,1,'Surigao del Norte'),(2624,1,'Surigao del Sur'),(2625,1,'Tarlac'),(2626,1,'Tawi-Tawi'),(2627,1,'Zambales'),(2628,1,'Zamboanga del Norte'),(2629,1,'Zamboanga del Sur'),(2630,1,'Zamboanga Sibugay'),(2631,1,'Dolnoslaskie'),(2632,1,'Kujawsko-Pomorskie'),(2633,1,'Lodzkie'),(2634,1,'Lubelskie'),(2635,1,'Lubuskie'),(2636,1,'Malopolskie'),(2637,1,'Mazowieckie'),(2638,1,'Opolskie'),(2639,1,'Podkarpackie'),(2640,1,'Podlaskie'),(2641,1,'Pomorskie'),(2642,1,'Slaskie'),(2643,1,'Swietokrzyskie'),(2644,1,'Warminsko-Mazurskie'),(2645,1,'Wielkopolskie'),(2646,1,'Zachodniopomorskie'),(2647,1,'Saint Pierre'),(2648,1,'Miquelon'),(2649,1,'A&ccedil;ores'),(2650,1,'Aveiro'),(2651,1,'Beja'),(2652,1,'Braga'),(2653,1,'Bragan&ccedil;a'),(2654,1,'Castelo Branco'),(2655,1,'Coimbra'),(2656,1,'&Eacute;vora'),(2657,1,'Faro'),(2658,1,'Guarda'),(2659,1,'Leiria'),(2660,1,'Lisboa'),(2661,1,'Madeira'),(2662,1,'Portalegre'),(2663,1,'Porto'),(2664,1,'Santar&eacute;m'),(2665,1,'Set&uacute;bal'),(2666,1,'Viana do Castelo'),(2667,1,'Vila Real'),(2668,1,'Viseu'),(2669,1,'Ad Dawhah'),(2670,1,'Al Ghuwayriyah'),(2671,1,'Al Jumayliyah'),(2672,1,'Al Khawr'),(2673,1,'Al Wakrah'),(2674,1,'Ar Rayyan'),(2675,1,'Jarayan al Batinah'),(2676,1,'Madinat ash Shamal'),(2677,1,'Umm Sa\'id'),(2678,1,'Umm Salal'),(2679,1,'Alba'),(2680,1,'Arad'),(2681,1,'Arges'),(2682,1,'Bacau'),(2683,1,'Bihor'),(2684,1,'Bistrita-Nasaud'),(2685,1,'Botosani'),(2686,1,'Brasov'),(2687,1,'Braila'),(2688,1,'Bucuresti'),(2689,1,'Buzau'),(2690,1,'Caras-Severin'),(2691,1,'Calarasi'),(2692,1,'Cluj'),(2693,1,'Constanta'),(2694,1,'Covasna'),(2695,1,'Dimbovita'),(2696,1,'Dolj'),(2697,1,'Galati'),(2698,1,'Giurgiu'),(2699,1,'Gorj'),(2700,1,'Harghita'),(2701,1,'Hunedoara'),(2702,1,'Ialomita'),(2703,1,'Iasi'),(2704,1,'Ilfov'),(2705,1,'Maramures'),(2706,1,'Mehedinti'),(2707,1,'Mures'),(2708,1,'Neamt'),(2709,1,'Olt'),(2710,1,'Prahova'),(2711,1,'Satu-Mare'),(2712,1,'Salaj'),(2713,1,'Sibiu'),(2714,1,'Suceava'),(2715,1,'Teleorman'),(2716,1,'Timis'),(2717,1,'Tulcea'),(2718,1,'Vaslui'),(2719,1,'Valcea'),(2720,1,'Vrancea'),(2721,1,'Republic of Khakassia'),(2722,1,'Aginsky Buryatsky AO'),(2723,1,'Chukotka Autonomous Okrug'),(2724,1,'Arkhangelsk Region'),(2725,1,'Astrakhan Oblast'),(2726,1,'Altai Krai'),(2727,1,'Belgorod Oblast'),(2728,1,'Jewish Autonomous Oblast'),(2729,1,'Amur Region'),(2730,1,'Bryansk Oblast'),(2731,1,'Chuvash Republic'),(2732,1,'Chelyabinsk Region'),(2733,1,'Karachay-Cherkess Republic'),(2734,1,'Zabaykalsky Krai'),(2735,1,'Taymyr Dolgano-Nenets Autonomous Okrug'),(2736,1,'Republic of Kalmykia'),(2737,1,'Moscow Oblast'),(2738,1,'Altai Republic'),(2739,1,'Chechen Republic'),(2740,1,'Irkutsk Oblast'),(2741,1,'Ivanovo Oblast'),(2742,1,'Udmurtia'),(2743,1,'Kaliningrad Oblast'),(2744,1,'Kaluzhskaya oblast'),(2745,1,'Kirov Oblast'),(2746,1,'Republic of Tatarstan'),(2747,1,'Kemerovo region'),(2748,1,'Khabarovsk Krai'),(2749,1,'Khanty–Mansi Autonomous Okrug – Yugra'),(2750,1,'Kostroma Oblast'),(2751,1,'Krasnodar Krai'),(2752,1,'Krasnoyarsk Krai'),(2753,1,'Komi-Permyatsky AO'),(2754,1,'Kurgan Oblast'),(2755,1,'Kursk Region'),(2756,1,'Respublika Tyva'),(2757,1,'Lipetsk Region'),(2758,1,'Magadan Oblast'),(2759,1,'Republic of Dagestan'),(2760,1,'Republic of Adygea'),(2761,1,'Moscow'),(2762,1,'Murmansk Oblast'),(2763,1,'Kabardino-Balkar Republic'),(2764,1,'Nenets Autonomous Okrug'),(2765,1,'Republic of Ingushetia'),(2766,1,'Nizhegorodskaya oblast'),(2767,1,'Novgorod Oblast'),(2768,1,'Novosibirsk Oblast'),(2769,1,'Omsk Oblast'),(2770,1,'Oryol Oblast'),(2771,1,'Orenburg Oblast'),(2772,1,'Leningrad Oblast'),(2773,1,'Penza Oblast'),(2774,1,'Perm Krai'),(2775,1,'Kamchatka Krai'),(2776,1,'Republic of Karelia'),(2777,1,'Pskov Oblast'),(2778,1,'Rostov Region'),(2779,1,'Ryazan Oblast'),(2780,1,'Yamalo-Nenets Autonomous Okrug'),(2781,1,'Samara Region'),(2782,1,'Republic of Mordovia'),(2783,1,'Saratov Region'),(2784,1,'Smolensk Oblast'),(2785,1,'Saint Petersburg'),(2786,1,'Stavropol Krai'),(2787,1,'Komi Republic'),(2788,1,'Tambov Region'),(2789,1,'Tomsk Oblast'),(2790,1,'Tula Region'),(2791,1,'Evenkysky AO'),(2792,1,'Tver Oblast'),(2793,1,'Tyumen Oblast'),(2794,1,'Republic of Bashkortostan'),(2795,1,'Ulyanovsk Oblast'),(2796,1,'Republic of Buryatia'),(2797,1,'Ust-Orda Buryat Okrug'),(2798,1,'North Ossetia-Alania'),(2799,1,'Vladimir Oblast'),(2800,1,'Primorsky Krai'),(2801,1,'Volgograd Oblast'),(2802,1,'Vologda Oblast'),(2803,1,'Voronezh Oblast'),(2804,1,'Sakhalin Oblast'),(2805,1,'Sakha Republic'),(2806,1,'Yaroslavl Oblast'),(2807,1,'Sverdlovsk Oblast'),(2808,1,'Mari El Republic'),(2809,1,'Butare'),(2810,1,'Byumba'),(2811,1,'Cyangugu'),(2812,1,'Gikongoro'),(2813,1,'Gisenyi'),(2814,1,'Gitarama'),(2815,1,'Kibungo'),(2816,1,'Kibuye'),(2817,1,'Kigali Rurale'),(2818,1,'Kigali-ville'),(2819,1,'Ruhengeri'),(2820,1,'Umutara'),(2821,1,'Christ Church Nichola Town'),(2822,1,'Saint Anne Sandy Point'),(2823,1,'Saint George Basseterre'),(2824,1,'Saint George Gingerland'),(2825,1,'Saint James Windward'),(2826,1,'Saint John Capesterre'),(2827,1,'Saint John Figtree'),(2828,1,'Saint Mary Cayon'),(2829,1,'Saint Paul Capesterre'),(2830,1,'Saint Paul Charlestown'),(2831,1,'Saint Peter Basseterre'),(2832,1,'Saint Thomas Lowland'),(2833,1,'Saint Thomas Middle Island'),(2834,1,'Trinity Palmetto Point'),(2835,1,'Anse-la-Raye'),(2836,1,'Castries'),(2837,1,'Choiseul'),(2838,1,'Dauphin'),(2839,1,'Dennery'),(2840,1,'Gros-Islet'),(2841,1,'Laborie'),(2842,1,'Micoud'),(2843,1,'Praslin'),(2844,1,'Soufriere'),(2845,1,'Vieux-Fort'),(2846,1,'Charlotte'),(2847,1,'Grenadines'),(2848,1,'Saint Andrew'),(2849,1,'Saint David'),(2850,1,'Saint George'),(2851,1,'Saint Patrick'),(2852,1,'A\'ana'),(2853,1,'Aiga-i-le-Tai'),(2854,1,'Atua'),(2855,1,'Fa\'asaleleaga'),(2856,1,'Gaga\'emauga'),(2857,1,'Gagaifomauga'),(2858,1,'Palauli'),(2859,1,'Satupa\'itea'),(2860,1,'Tuamasaga'),(2861,1,'Va\'a-o-Fonoti'),(2862,1,'Vaisigano'),(2863,1,'Acquaviva'),(2864,1,'Borgo Maggiore'),(2865,1,'Chiesanuova'),(2866,1,'Domagnano'),(2867,1,'Faetano'),(2868,1,'Fiorentino'),(2869,1,'Montegiardino'),(2870,1,'Citta di San Marino'),(2871,1,'Serravalle'),(2872,1,'Sao Tome'),(2873,1,'Principe'),(2874,1,'Al Bahah'),(2875,1,'Al Hudud ash Shamaliyah'),(2876,1,'Al Jawf'),(2877,1,'Al Madinah'),(2878,1,'Al Qasim'),(2879,1,'Ar Riyad'),(2880,1,'Ash Sharqiyah (Eastern)'),(2881,1,'\'Asir'),(2882,1,'Ha\'il'),(2883,1,'Jizan'),(2884,1,'Makkah'),(2885,1,'Najran'),(2886,1,'Tabuk'),(2887,1,'Dakar'),(2888,1,'Diourbel'),(2889,1,'Fatick'),(2890,1,'Kaolack'),(2891,1,'Kolda'),(2892,1,'Louga'),(2893,1,'Matam'),(2894,1,'Saint-Louis'),(2895,1,'Tambacounda'),(2896,1,'Thies'),(2897,1,'Ziguinchor'),(2898,1,'Anse aux Pins'),(2899,1,'Anse Boileau'),(2900,1,'Anse Etoile'),(2901,1,'Anse Louis'),(2902,1,'Anse Royale'),(2903,1,'Baie Lazare'),(2904,1,'Baie Sainte Anne'),(2905,1,'Beau Vallon'),(2906,1,'Bel Air'),(2907,1,'Bel Ombre'),(2908,1,'Cascade'),(2909,1,'Glacis'),(2910,1,'Grand\' Anse (on Mahe)'),(2911,1,'Grand\' Anse (on Praslin)'),(2912,1,'La Digue'),(2913,1,'La Riviere Anglaise'),(2914,1,'Mont Buxton'),(2915,1,'Mont Fleuri'),(2916,1,'Plaisance'),(2917,1,'Pointe La Rue'),(2918,1,'Port Glaud'),(2919,1,'Saint Louis'),(2920,1,'Takamaka'),(2921,1,'Eastern'),(2922,1,'Northern'),(2923,1,'Southern'),(2924,1,'Western'),(2925,1,'Banskobystrický'),(2926,1,'Bratislavský'),(2927,1,'Košický'),(2928,1,'Nitriansky'),(2929,1,'Prešovský'),(2930,1,'Trenčiansky'),(2931,1,'Trnavský'),(2932,1,'Žilinský'),(2933,1,'Central'),(2934,1,'Choiseul'),(2935,1,'Guadalcanal'),(2936,1,'Honiara'),(2937,1,'Isabel'),(2938,1,'Makira'),(2939,1,'Malaita'),(2940,1,'Rennell and Bellona'),(2941,1,'Temotu'),(2942,1,'Western'),(2943,1,'Awdal'),(2944,1,'Bakool'),(2945,1,'Banaadir'),(2946,1,'Bari'),(2947,1,'Bay'),(2948,1,'Galguduud'),(2949,1,'Gedo'),(2950,1,'Hiiraan'),(2951,1,'Jubbada Dhexe'),(2952,1,'Jubbada Hoose'),(2953,1,'Mudug'),(2954,1,'Nugaal'),(2955,1,'Sanaag'),(2956,1,'Shabeellaha Dhexe'),(2957,1,'Shabeellaha Hoose'),(2958,1,'Sool'),(2959,1,'Togdheer'),(2960,1,'Woqooyi Galbeed'),(2961,1,'Eastern Cape'),(2962,1,'Free State'),(2963,1,'Gauteng'),(2964,1,'KwaZulu-Natal'),(2965,1,'Limpopo'),(2966,1,'Mpumalanga'),(2967,1,'North West'),(2968,1,'Northern Cape'),(2969,1,'Western Cape'),(2970,1,'La Coru&ntilde;a'),(2971,1,'&Aacute;lava'),(2972,1,'Albacete'),(2973,1,'Alicante'),(2974,1,'Almeria'),(2975,1,'Asturias'),(2976,1,'&Aacute;vila'),(2977,1,'Badajoz'),(2978,1,'Baleares'),(2979,1,'Barcelona'),(2980,1,'Burgos'),(2981,1,'C&aacute;ceres'),(2982,1,'C&aacute;diz'),(2983,1,'Cantabria'),(2984,1,'Castell&oacute;n'),(2985,1,'Ceuta'),(2986,1,'Ciudad Real'),(2987,1,'C&oacute;rdoba'),(2988,1,'Cuenca'),(2989,1,'Girona'),(2990,1,'Granada'),(2991,1,'Guadalajara'),(2992,1,'Guip&uacute;zcoa'),(2993,1,'Huelva'),(2994,1,'Huesca'),(2995,1,'Ja&eacute;n'),(2996,1,'La Rioja'),(2997,1,'Las Palmas'),(2998,1,'Leon'),(2999,1,'Lleida'),(3000,1,'Lugo'),(3001,1,'Madrid'),(3002,1,'Malaga'),(3003,1,'Melilla'),(3004,1,'Murcia'),(3005,1,'Navarra'),(3006,1,'Ourense'),(3007,1,'Palencia'),(3008,1,'Pontevedra'),(3009,1,'Salamanca'),(3010,1,'Santa Cruz de Tenerife'),(3011,1,'Segovia'),(3012,1,'Sevilla'),(3013,1,'Soria'),(3014,1,'Tarragona'),(3015,1,'Teruel'),(3016,1,'Toledo'),(3017,1,'Valencia'),(3018,1,'Valladolid'),(3019,1,'Vizcaya'),(3020,1,'Zamora'),(3021,1,'Zaragoza'),(3022,1,'Central'),(3023,1,'Eastern'),(3024,1,'North Central'),(3025,1,'Northern'),(3026,1,'North Western'),(3027,1,'Sabaragamuwa'),(3028,1,'Southern'),(3029,1,'Uva'),(3030,1,'Western'),(3031,1,'Ascension'),(3032,1,'Saint Helena'),(3033,1,'Tristan da Cunha'),(3034,1,'A\'ali an Nil'),(3035,1,'Al Bahr al Ahmar'),(3036,1,'Al Buhayrat'),(3037,1,'Al Jazirah'),(3038,1,'Al Khartum'),(3039,1,'Al Qadarif'),(3040,1,'Al Wahdah'),(3041,1,'An Nil al Abyad'),(3042,1,'An Nil al Azraq'),(3043,1,'Ash Shamaliyah'),(3044,1,'Bahr al Jabal'),(3045,1,'Gharb al Istiwa\'iyah'),(3046,1,'Gharb Bahr al Ghazal'),(3047,1,'Gharb Darfur'),(3048,1,'Gharb Kurdufan'),(3049,1,'Janub Darfur'),(3050,1,'Janub Kurdufan'),(3051,1,'Junqali'),(3052,1,'Kassala'),(3053,1,'Nahr an Nil'),(3054,1,'Shamal Bahr al Ghazal'),(3055,1,'Shamal Darfur'),(3056,1,'Shamal Kurdufan'),(3057,1,'Sharq al Istiwa\'iyah'),(3058,1,'Sinnar'),(3059,1,'Warab'),(3060,1,'Brokopondo'),(3061,1,'Commewijne'),(3062,1,'Coronie'),(3063,1,'Marowijne'),(3064,1,'Nickerie'),(3065,1,'Para'),(3066,1,'Paramaribo'),(3067,1,'Saramacca'),(3068,1,'Sipaliwini'),(3069,1,'Wanica'),(3070,1,'Hhohho'),(3071,1,'Lubombo'),(3072,1,'Manzini'),(3073,1,'Shishelweni'),(3074,1,'Blekinge'),(3075,1,'Dalama'),(3076,1,'G&auml;vleborg'),(3077,1,'Gotland'),(3078,1,'Halland'),(3079,1,'J&auml;mtland'),(3080,1,'J&ouml;nk&ouml;ping'),(3081,1,'Kalmar'),(3082,1,'Kronoberg'),(3083,1,'Norrbotten'),(3084,1,'&Ouml;rebro'),(3085,1,'&Ouml;sterg&ouml;tland'),(3086,1,'Sk&aring;ne'),(3087,1,'S&ouml;dermanland'),(3088,1,'Stockholm'),(3089,1,'Uppsala'),(3090,1,'V&auml;rmland'),(3091,1,'V&auml;sterbotten'),(3092,1,'V&auml;sternorrland'),(3093,1,'V&auml;stmanland'),(3094,1,'V&auml;stra G&ouml;taland'),(3095,1,'Aargau'),(3096,1,'Appenzell Ausserrhoden'),(3097,1,'Appenzell Innerrhoden'),(3098,1,'Basel-Stadt'),(3099,1,'Basel-Landschaft'),(3100,1,'Bern'),(3101,1,'Fribourg'),(3102,1,'Gen&egrave;ve'),(3103,1,'Glarus'),(3104,1,'Graub&uuml;nden'),(3105,1,'Jura'),(3106,1,'Luzern'),(3107,1,'Neuch&acirc;tel'),(3108,1,'Nidwald'),(3109,1,'Obwald'),(3110,1,'St. Gallen'),(3111,1,'Schaffhausen'),(3112,1,'Schwyz'),(3113,1,'Solothurn'),(3114,1,'Thurgau'),(3115,1,'Ticino'),(3116,1,'Uri'),(3117,1,'Valais'),(3118,1,'Vaud'),(3119,1,'Zug'),(3120,1,'Z&uuml;rich'),(3121,1,'Al Hasakah'),(3122,1,'Al Ladhiqiyah'),(3123,1,'Al Qunaytirah'),(3124,1,'Ar Raqqah'),(3125,1,'As Suwayda'),(3126,1,'Dara'),(3127,1,'Dayr az Zawr'),(3128,1,'Dimashq'),(3129,1,'Halab'),(3130,1,'Hamah'),(3131,1,'Hims'),(3132,1,'Idlib'),(3133,1,'Rif Dimashq'),(3134,1,'Tartus'),(3135,1,'Chang-hua'),(3136,1,'Chia-i'),(3137,1,'Hsin-chu'),(3138,1,'Hua-lien'),(3139,1,'I-lan'),(3140,1,'Kao-hsiung county'),(3141,1,'Kin-men'),(3142,1,'Lien-chiang'),(3143,1,'Miao-li'),(3144,1,'Nan-t\'ou'),(3145,1,'P\'eng-hu'),(3146,1,'P\'ing-tung'),(3147,1,'T\'ai-chung'),(3148,1,'T\'ai-nan'),(3149,1,'T\'ai-pei county'),(3150,1,'T\'ai-tung'),(3151,1,'T\'ao-yuan'),(3152,1,'Yun-lin'),(3153,1,'Chia-i city'),(3154,1,'Chi-lung'),(3155,1,'Hsin-chu'),(3156,1,'T\'ai-chung'),(3157,1,'T\'ai-nan'),(3158,1,'Kao-hsiung city'),(3159,1,'T\'ai-pei city'),(3160,1,'Gorno-Badakhstan'),(3161,1,'Khatlon'),(3162,1,'Sughd'),(3163,1,'Arusha'),(3164,1,'Dar es Salaam'),(3165,1,'Dodoma'),(3166,1,'Iringa'),(3167,1,'Kagera'),(3168,1,'Kigoma'),(3169,1,'Kilimanjaro'),(3170,1,'Lindi'),(3171,1,'Manyara'),(3172,1,'Mara'),(3173,1,'Mbeya'),(3174,1,'Morogoro'),(3175,1,'Mtwara'),(3176,1,'Mwanza'),(3177,1,'Pemba North'),(3178,1,'Pemba South'),(3179,1,'Pwani'),(3180,1,'Rukwa'),(3181,1,'Ruvuma'),(3182,1,'Shinyanga'),(3183,1,'Singida'),(3184,1,'Tabora'),(3185,1,'Tanga'),(3186,1,'Zanzibar Central/South'),(3187,1,'Zanzibar North'),(3188,1,'Zanzibar Urban/West'),(3189,1,'Amnat Charoen'),(3190,1,'Ang Thong'),(3191,1,'Ayutthaya'),(3192,1,'Bangkok'),(3193,1,'Buriram'),(3194,1,'Chachoengsao'),(3195,1,'Chai Nat'),(3196,1,'Chaiyaphum'),(3197,1,'Chanthaburi'),(3198,1,'Chiang Mai'),(3199,1,'Chiang Rai'),(3200,1,'Chon Buri'),(3201,1,'Chumphon'),(3202,1,'Kalasin'),(3203,1,'Kamphaeng Phet'),(3204,1,'Kanchanaburi'),(3205,1,'Khon Kaen'),(3206,1,'Krabi'),(3207,1,'Lampang'),(3208,1,'Lamphun'),(3209,1,'Loei'),(3210,1,'Lop Buri'),(3211,1,'Mae Hong Son'),(3212,1,'Maha Sarakham'),(3213,1,'Mukdahan'),(3214,1,'Nakhon Nayok'),(3215,1,'Nakhon Pathom'),(3216,1,'Nakhon Phanom'),(3217,1,'Nakhon Ratchasima'),(3218,1,'Nakhon Sawan'),(3219,1,'Nakhon Si Thammarat'),(3220,1,'Nan'),(3221,1,'Narathiwat'),(3222,1,'Nong Bua Lamphu'),(3223,1,'Nong Khai'),(3224,1,'Nonthaburi'),(3225,1,'Pathum Thani'),(3226,1,'Pattani'),(3227,1,'Phangnga'),(3228,1,'Phatthalung'),(3229,1,'Phayao'),(3230,1,'Phetchabun'),(3231,1,'Phetchaburi'),(3232,1,'Phichit'),(3233,1,'Phitsanulok'),(3234,1,'Phrae'),(3235,1,'Phuket'),(3236,1,'Prachin Buri'),(3237,1,'Prachuap Khiri Khan'),(3238,1,'Ranong'),(3239,1,'Ratchaburi'),(3240,1,'Rayong'),(3241,1,'Roi Et'),(3242,1,'Sa Kaeo'),(3243,1,'Sakon Nakhon'),(3244,1,'Samut Prakan'),(3245,1,'Samut Sakhon'),(3246,1,'Samut Songkhram'),(3247,1,'Sara Buri'),(3248,1,'Satun'),(3249,1,'Sing Buri'),(3250,1,'Sisaket'),(3251,1,'Songkhla'),(3252,1,'Sukhothai'),(3253,1,'Suphan Buri'),(3254,1,'Surat Thani'),(3255,1,'Surin'),(3256,1,'Tak'),(3257,1,'Trang'),(3258,1,'Trat'),(3259,1,'Ubon Ratchathani'),(3260,1,'Udon Thani'),(3261,1,'Uthai Thani'),(3262,1,'Uttaradit'),(3263,1,'Yala'),(3264,1,'Yasothon'),(3265,1,'Kara'),(3266,1,'Plateaux'),(3267,1,'Savanes'),(3268,1,'Centrale'),(3269,1,'Maritime'),(3270,1,'Atafu'),(3271,1,'Fakaofo'),(3272,1,'Nukunonu'),(3273,1,'Ha\'apai'),(3274,1,'Tongatapu'),(3275,1,'Vava\'u'),(3276,1,'Couva/Tabaquite/Talparo'),(3277,1,'Diego Martin'),(3278,1,'Mayaro/Rio Claro'),(3279,1,'Penal/Debe'),(3280,1,'Princes Town'),(3281,1,'Sangre Grande'),(3282,1,'San Juan/Laventille'),(3283,1,'Siparia'),(3284,1,'Tunapuna/Piarco'),(3285,1,'Port of Spain'),(3286,1,'San Fernando'),(3287,1,'Arima'),(3288,1,'Point Fortin'),(3289,1,'Chaguanas'),(3290,1,'Tobago'),(3291,1,'Ariana'),(3292,1,'Beja'),(3293,1,'Ben Arous'),(3294,1,'Bizerte'),(3295,1,'Gabes'),(3296,1,'Gafsa'),(3297,1,'Jendouba'),(3298,1,'Kairouan'),(3299,1,'Kasserine'),(3300,1,'Kebili'),(3301,1,'Kef'),(3302,1,'Mahdia'),(3303,1,'Manouba'),(3304,1,'Medenine'),(3305,1,'Monastir'),(3306,1,'Nabeul'),(3307,1,'Sfax'),(3308,1,'Sidi'),(3309,1,'Siliana'),(3310,1,'Sousse'),(3311,1,'Tataouine'),(3312,1,'Tozeur'),(3313,1,'Tunis'),(3314,1,'Zaghouan'),(3315,1,'Adana'),(3316,1,'Adiyaman'),(3317,1,'Afyonkarahisar'),(3318,1,'Agri'),(3319,1,'Aksaray'),(3320,1,'Amasya'),(3321,1,'Ankara'),(3322,1,'Antalya'),(3323,1,'Ardahan'),(3324,1,'Artvin'),(3325,1,'Aydin'),(3326,1,'Balikesir'),(3327,1,'Bartin'),(3328,1,'Batman'),(3329,1,'Bayburt'),(3330,1,'Bilecik'),(3331,1,'Bingol'),(3332,1,'Bitlis'),(3333,1,'Bolu'),(3334,1,'Burdur'),(3335,1,'Bursa'),(3336,1,'Canakkale'),(3337,1,'Cankiri'),(3338,1,'Corum'),(3339,1,'Denizli'),(3340,1,'Diyarbakir'),(3341,1,'Duzce'),(3342,1,'Edirne'),(3343,1,'Elazig'),(3344,1,'Erzincan'),(3345,1,'Erzurum'),(3346,1,'Eskisehir'),(3347,1,'Gaziantep'),(3348,1,'Giresun'),(3349,1,'Gumushane'),(3350,1,'Hakkari'),(3351,1,'Hatay'),(3352,1,'Igdir'),(3353,1,'Isparta'),(3354,1,'Istanbul'),(3355,1,'Izmir'),(3356,1,'Kahramanmaras'),(3357,1,'Karabuk'),(3358,1,'Karaman'),(3359,1,'Kars'),(3360,1,'Kastamonu'),(3361,1,'Kayseri'),(3362,1,'Kilis'),(3363,1,'Kirikkale'),(3364,1,'Kirklareli'),(3365,1,'Kirsehir'),(3366,1,'Kocaeli'),(3367,1,'Konya'),(3368,1,'Kutahya'),(3369,1,'Malatya'),(3370,1,'Manisa'),(3371,1,'Mardin'),(3372,1,'Mersin'),(3373,1,'Mugla'),(3374,1,'Mus'),(3375,1,'Nevsehir'),(3376,1,'Nigde'),(3377,1,'Ordu'),(3378,1,'Osmaniye'),(3379,1,'Rize'),(3380,1,'Sakarya'),(3381,1,'Samsun'),(3382,1,'Sanliurfa'),(3383,1,'Siirt'),(3384,1,'Sinop'),(3385,1,'Sirnak'),(3386,1,'Sivas'),(3387,1,'Tekirdag'),(3388,1,'Tokat'),(3389,1,'Trabzon'),(3390,1,'Tunceli'),(3391,1,'Usak'),(3392,1,'Van'),(3393,1,'Yalova'),(3394,1,'Yozgat'),(3395,1,'Zonguldak'),(3396,1,'Ahal Welayaty'),(3397,1,'Balkan Welayaty'),(3398,1,'Dashhowuz Welayaty'),(3399,1,'Lebap Welayaty'),(3400,1,'Mary Welayaty'),(3401,1,'Ambergris Cays'),(3402,1,'Dellis Cay'),(3403,1,'French Cay'),(3404,1,'Little Water Cay'),(3405,1,'Parrot Cay'),(3406,1,'Pine Cay'),(3407,1,'Salt Cay'),(3408,1,'Grand Turk'),(3409,1,'South Caicos'),(3410,1,'East Caicos'),(3411,1,'Middle Caicos'),(3412,1,'North Caicos'),(3413,1,'Providenciales'),(3414,1,'West Caicos'),(3415,1,'Nanumanga'),(3416,1,'Niulakita'),(3417,1,'Niutao'),(3418,1,'Funafuti'),(3419,1,'Nanumea'),(3420,1,'Nui'),(3421,1,'Nukufetau'),(3422,1,'Nukulaelae'),(3423,1,'Vaitupu'),(3424,1,'Kalangala'),(3425,1,'Kampala'),(3426,1,'Kayunga'),(3427,1,'Kiboga'),(3428,1,'Luwero'),(3429,1,'Masaka'),(3430,1,'Mpigi'),(3431,1,'Mubende'),(3432,1,'Mukono'),(3433,1,'Nakasongola'),(3434,1,'Rakai'),(3435,1,'Sembabule'),(3436,1,'Wakiso'),(3437,1,'Bugiri'),(3438,1,'Busia'),(3439,1,'Iganga'),(3440,1,'Jinja'),(3441,1,'Kaberamaido'),(3442,1,'Kamuli'),(3443,1,'Kapchorwa'),(3444,1,'Katakwi'),(3445,1,'Kumi'),(3446,1,'Mayuge'),(3447,1,'Mbale'),(3448,1,'Pallisa'),(3449,1,'Sironko'),(3450,1,'Soroti'),(3451,1,'Tororo'),(3452,1,'Adjumani'),(3453,1,'Apac'),(3454,1,'Arua'),(3455,1,'Gulu'),(3456,1,'Kitgum'),(3457,1,'Kotido'),(3458,1,'Lira'),(3459,1,'Moroto'),(3460,1,'Moyo'),(3461,1,'Nakapiripirit'),(3462,1,'Nebbi'),(3463,1,'Pader'),(3464,1,'Yumbe'),(3465,1,'Bundibugyo'),(3466,1,'Bushenyi'),(3467,1,'Hoima'),(3468,1,'Kabale'),(3469,1,'Kabarole'),(3470,1,'Kamwenge'),(3471,1,'Kanungu'),(3472,1,'Kasese'),(3473,1,'Kibaale'),(3474,1,'Kisoro'),(3475,1,'Kyenjojo'),(3476,1,'Masindi'),(3477,1,'Mbarara'),(3478,1,'Ntungamo'),(3479,1,'Rukungiri'),(3480,1,'Cherkasy'),(3481,1,'Chernihiv'),(3482,1,'Chernivtsi'),(3483,1,'Crimea'),(3484,1,'Dnipro'),(3485,1,'Donets\'k'),(3486,1,'Ivano-Frankivs\'k'),(3487,1,'Kharkiv'),(3488,1,'Khmel\'nyts\'kyy'),(3489,1,'Kirovohrad'),(3490,1,'Kyiv'),(3491,1,'Kherson'),(3492,1,'Luhans\'k'),(3493,1,'L\'viv'),(3494,1,'Mykolaiv'),(3495,1,'Odesa'),(3496,1,'Poltava'),(3497,1,'Rivne'),(3498,1,'Sevastopol'),(3499,1,'Sumy'),(3500,1,'Ternopil\''),(3501,1,'Vinnytsya'),(3502,1,'Volyn\''),(3503,1,'Zakarpattya'),(3504,1,'Zaporizhzhya'),(3505,1,'Zhytomyr'),(3506,1,'Abu Zaby'),(3507,1,'\'Ajman'),(3508,1,'Al Fujayrah'),(3509,1,'Ash Shariqah'),(3510,1,'Dubayy'),(3511,1,'R\'as al Khaymah'),(3512,1,'Umm al Qaywayn'),(3513,1,'Aberdeen'),(3514,1,'Aberdeenshire'),(3515,1,'Anglesey'),(3516,1,'Angus'),(3517,1,'Argyll and Bute'),(3518,1,'Bedfordshire'),(3519,1,'Berkshire'),(3520,1,'Blaenau Gwent'),(3521,1,'Bridgend'),(3522,1,'Bristol'),(3523,1,'Buckinghamshire'),(3524,1,'Caerphilly'),(3525,1,'Cambridgeshire'),(3526,1,'Cardiff'),(3527,1,'Carmarthenshire'),(3528,1,'Ceredigion'),(3529,1,'Cheshire'),(3530,1,'Clackmannanshire'),(3531,1,'Conwy'),(3532,1,'Cornwall'),(3533,1,'Denbighshire'),(3534,1,'Derbyshire'),(3535,1,'Devon'),(3536,1,'Dorset'),(3537,1,'Dumfries and Galloway'),(3538,1,'Dundee'),(3539,1,'Durham'),(3540,1,'East Ayrshire'),(3541,1,'East Dunbartonshire'),(3542,1,'East Lothian'),(3543,1,'East Renfrewshire'),(3544,1,'East Riding of Yorkshire'),(3545,1,'East Sussex'),(3546,1,'Edinburgh'),(3547,1,'Essex'),(3548,1,'Falkirk'),(3549,1,'Fife'),(3550,1,'Flintshire'),(3551,1,'Glasgow'),(3552,1,'Gloucestershire'),(3553,1,'Greater London'),(3554,1,'Greater Manchester'),(3555,1,'Gwynedd'),(3556,1,'Hampshire'),(3557,1,'Herefordshire'),(3558,1,'Hertfordshire'),(3559,1,'Highlands'),(3560,1,'Inverclyde'),(3561,1,'Isle of Wight'),(3562,1,'Kent'),(3563,1,'Lancashire'),(3564,1,'Leicestershire'),(3565,1,'Lincolnshire'),(3566,1,'Merseyside'),(3567,1,'Merthyr Tydfil'),(3568,1,'Midlothian'),(3569,1,'Monmouthshire'),(3570,1,'Moray'),(3571,1,'Neath Port Talbot'),(3572,1,'Newport'),(3573,1,'Norfolk'),(3574,1,'North Ayrshire'),(3575,1,'North Lanarkshire'),(3576,1,'North Yorkshire'),(3577,1,'Northamptonshire'),(3578,1,'Northumberland'),(3579,1,'Nottinghamshire'),(3580,1,'Orkney Islands'),(3581,1,'Oxfordshire'),(3582,1,'Pembrokeshire'),(3583,1,'Perth and Kinross'),(3584,1,'Powys'),(3585,1,'Renfrewshire'),(3586,1,'Rhondda Cynon Taff'),(3587,1,'Rutland'),(3588,1,'Scottish Borders'),(3589,1,'Shetland Islands'),(3590,1,'Shropshire'),(3591,1,'Somerset'),(3592,1,'South Ayrshire'),(3593,1,'South Lanarkshire'),(3594,1,'South Yorkshire'),(3595,1,'Staffordshire'),(3596,1,'Stirling'),(3597,1,'Suffolk'),(3598,1,'Surrey'),(3599,1,'Swansea'),(3600,1,'Torfaen'),(3601,1,'Tyne and Wear'),(3602,1,'Vale of Glamorgan'),(3603,1,'Warwickshire'),(3604,1,'West Dunbartonshire'),(3605,1,'West Lothian'),(3606,1,'West Midlands'),(3607,1,'West Sussex'),(3608,1,'West Yorkshire'),(3609,1,'Western Isles'),(3610,1,'Wiltshire'),(3611,1,'Worcestershire'),(3612,1,'Wrexham'),(3613,1,'Alabama'),(3614,1,'Alaska'),(3615,1,'American Samoa'),(3616,1,'Arizona'),(3617,1,'Arkansas'),(3618,1,'Armed Forces Africa'),(3619,1,'Armed Forces Americas'),(3620,1,'Armed Forces Canada'),(3621,1,'Armed Forces Europe'),(3622,1,'Armed Forces Middle East'),(3623,1,'Armed Forces Pacific'),(3624,1,'California'),(3625,1,'Colorado'),(3626,1,'Connecticut'),(3627,1,'Delaware'),(3628,1,'District of Columbia'),(3629,1,'Federated States Of Micronesia'),(3630,1,'Florida'),(3631,1,'Georgia'),(3632,1,'Guam'),(3633,1,'Hawaii'),(3634,1,'Idaho'),(3635,1,'Illinois'),(3636,1,'Indiana'),(3637,1,'Iowa'),(3638,1,'Kansas'),(3639,1,'Kentucky'),(3640,1,'Louisiana'),(3641,1,'Maine'),(3642,1,'Marshall Islands'),(3643,1,'Maryland'),(3644,1,'Massachusetts'),(3645,1,'Michigan'),(3646,1,'Minnesota'),(3647,1,'Mississippi'),(3648,1,'Missouri'),(3649,1,'Montana'),(3650,1,'Nebraska'),(3651,1,'Nevada'),(3652,1,'New Hampshire'),(3653,1,'New Jersey'),(3654,1,'New Mexico'),(3655,1,'New York'),(3656,1,'North Carolina'),(3657,1,'North Dakota'),(3658,1,'Northern Mariana Islands'),(3659,1,'Ohio'),(3660,1,'Oklahoma'),(3661,1,'Oregon'),(3662,1,'Palau'),(3663,1,'Pennsylvania'),(3664,1,'Puerto Rico'),(3665,1,'Rhode Island'),(3666,1,'South Carolina'),(3667,1,'South Dakota'),(3668,1,'Tennessee'),(3669,1,'Texas'),(3670,1,'Utah'),(3671,1,'Vermont'),(3672,1,'Virgin Islands'),(3673,1,'Virginia'),(3674,1,'Washington'),(3675,1,'West Virginia'),(3676,1,'Wisconsin'),(3677,1,'Wyoming'),(3678,1,'Baker Island'),(3679,1,'Howland Island'),(3680,1,'Jarvis Island'),(3681,1,'Johnston Atoll'),(3682,1,'Kingman Reef'),(3683,1,'Midway Atoll'),(3684,1,'Navassa Island'),(3685,1,'Palmyra Atoll'),(3686,1,'Wake Island'),(3687,1,'Artigas'),(3688,1,'Canelones'),(3689,1,'Cerro Largo'),(3690,1,'Colonia'),(3691,1,'Durazno'),(3692,1,'Flores'),(3693,1,'Florida'),(3694,1,'Lavalleja'),(3695,1,'Maldonado'),(3696,1,'Montevideo'),(3697,1,'Paysandu'),(3698,1,'Rio Negro'),(3699,1,'Rivera'),(3700,1,'Rocha'),(3701,1,'Salto'),(3702,1,'San Jose'),(3703,1,'Soriano'),(3704,1,'Tacuarembo'),(3705,1,'Treinta y Tres'),(3706,1,'Andijon'),(3707,1,'Buxoro'),(3708,1,'Farg\'ona'),(3709,1,'Jizzax'),(3710,1,'Namangan'),(3711,1,'Navoiy'),(3712,1,'Qashqadaryo'),(3713,1,'Qoraqalpog\'iston Republikasi'),(3714,1,'Samarqand'),(3715,1,'Sirdaryo'),(3716,1,'Surxondaryo'),(3717,1,'Toshkent City'),(3718,1,'Toshkent Region'),(3719,1,'Xorazm'),(3720,1,'Malampa'),(3721,1,'Penama'),(3722,1,'Sanma'),(3723,1,'Shefa'),(3724,1,'Tafea'),(3725,1,'Torba'),(3726,1,'Amazonas'),(3727,1,'Anzoategui'),(3728,1,'Apure'),(3729,1,'Aragua'),(3730,1,'Barinas'),(3731,1,'Bolivar'),(3732,1,'Carabobo'),(3733,1,'Cojedes'),(3734,1,'Delta Amacuro'),(3735,1,'Dependencias Federales'),(3736,1,'Distrito Federal'),(3737,1,'Falcon'),(3738,1,'Guarico'),(3739,1,'Lara'),(3740,1,'Merida'),(3741,1,'Miranda'),(3742,1,'Monagas'),(3743,1,'Nueva Esparta'),(3744,1,'Portuguesa'),(3745,1,'Sucre'),(3746,1,'Tachira'),(3747,1,'Trujillo'),(3748,1,'Vargas'),(3749,1,'Yaracuy'),(3750,1,'Zulia'),(3751,1,'An Giang'),(3752,1,'Bac Giang'),(3753,1,'Bac Kan'),(3754,1,'Bac Lieu'),(3755,1,'Bac Ninh'),(3756,1,'Ba Ria-Vung Tau'),(3757,1,'Ben Tre'),(3758,1,'Binh Dinh'),(3759,1,'Binh Duong'),(3760,1,'Binh Phuoc'),(3761,1,'Binh Thuan'),(3762,1,'Ca Mau'),(3763,1,'Can Tho'),(3764,1,'Cao Bang'),(3765,1,'Dak Lak'),(3766,1,'Dak Nong'),(3767,1,'Da Nang'),(3768,1,'Dien Bien'),(3769,1,'Dong Nai'),(3770,1,'Dong Thap'),(3771,1,'Gia Lai'),(3772,1,'Ha Giang'),(3773,1,'Hai Duong'),(3774,1,'Hai Phong'),(3775,1,'Ha Nam'),(3776,1,'Ha Noi'),(3777,1,'Ha Tay'),(3778,1,'Ha Tinh'),(3779,1,'Hoa Binh'),(3780,1,'Ho Chi Minh City'),(3781,1,'Hau Giang'),(3782,1,'Hung Yen'),(3783,1,'Saint Croix'),(3784,1,'Saint John'),(3785,1,'Saint Thomas'),(3786,1,'Alo'),(3787,1,'Sigave'),(3788,1,'Wallis'),(3789,1,'Abyan'),(3790,1,'Adan'),(3791,1,'Amran'),(3792,1,'Al Bayda'),(3793,1,'Ad Dali'),(3794,1,'Dhamar'),(3795,1,'Hadramawt'),(3796,1,'Hajjah'),(3797,1,'Al Hudaydah'),(3798,1,'Ibb'),(3799,1,'Al Jawf'),(3800,1,'Lahij'),(3801,1,'Ma\'rib'),(3802,1,'Al Mahrah'),(3803,1,'Al Mahwit'),(3804,1,'Sa\'dah'),(3805,1,'San\'a'),(3806,1,'Shabwah'),(3807,1,'Ta\'izz'),(3808,1,'Kosovo'),(3809,1,'Montenegro'),(3810,1,'Serbia'),(3811,1,'Vojvodina'),(3812,1,'Bas-Congo'),(3813,1,'Bandundu'),(3814,1,'Equateur'),(3815,1,'Katanga'),(3816,1,'Kasai-Oriental'),(3817,1,'Kinshasa'),(3818,1,'Kasai-Occidental'),(3819,1,'Maniema'),(3820,1,'Nord-Kivu'),(3821,1,'Orientale'),(3822,1,'Sud-Kivu'),(3823,1,'Central'),(3824,1,'Copperbelt'),(3825,1,'Eastern'),(3826,1,'Luapula'),(3827,1,'Lusaka'),(3828,1,'Northern'),(3829,1,'North-Western'),(3830,1,'Southern'),(3831,1,'Western'),(3832,1,'Bulawayo'),(3833,1,'Harare'),(3834,1,'Manicaland'),(3835,1,'Mashonaland Central'),(3836,1,'Mashonaland East'),(3837,1,'Mashonaland West'),(3838,1,'Masvingo'),(3839,1,'Matabeleland North'),(3840,1,'Matabeleland South'),(3841,1,'Midlands'),(3861,1,'Campobasso'),(3862,1,'Carbonia-Iglesias'),(3863,1,'Caserta'),(3864,1,'Catania'),(3865,1,'Catanzaro'),(3866,1,'Chieti'),(3867,1,'Como'),(3868,1,'Cosenza'),(3869,1,'Cremona'),(3870,1,'Crotone'),(3871,1,'Cuneo'),(3872,1,'Enna'),(3873,1,'Ferrara'),(3874,1,'Firenze'),(3875,1,'Foggia'),(3876,1,'Forli-Cesena'),(3877,1,'Frosinone'),(3878,1,'Genova'),(3879,1,'Gorizia'),(3880,1,'Grosseto'),(3881,1,'Imperia'),(3882,1,'Isernia'),(3883,1,'L&#39;Aquila'),(3884,1,'La Spezia'),(3885,1,'Latina'),(3886,1,'Lecce'),(3887,1,'Lecco'),(3888,1,'Livorno'),(3889,1,'Lodi'),(3890,1,'Lucca'),(3891,1,'Macerata'),(3892,1,'Mantova'),(3893,1,'Massa-Carrara'),(3894,1,'Matera'),(3895,1,'Medio Campidano'),(3896,1,'Messina'),(3897,1,'Milano'),(3898,1,'Modena'),(3899,1,'Napoli'),(3900,1,'Novara'),(3901,1,'Nuoro'),(3902,1,'Ogliastra'),(3903,1,'Olbia-Tempio'),(3904,1,'Oristano'),(3905,1,'Padova'),(3906,1,'Palermo'),(3907,1,'Parma'),(3908,1,'Pavia'),(3909,1,'Perugia'),(3910,1,'Pesaro e Urbino'),(3911,1,'Pescara'),(3912,1,'Piacenza'),(3913,1,'Pisa'),(3914,1,'Pistoia'),(3915,1,'Pordenone'),(3916,1,'Potenza'),(3917,1,'Prato'),(3918,1,'Ragusa'),(3919,1,'Ravenna'),(3920,1,'Reggio Calabria'),(3921,1,'Reggio Emilia'),(3922,1,'Rieti'),(3923,1,'Rimini'),(3924,1,'Roma'),(3925,1,'Rovigo'),(3926,1,'Salerno'),(3927,1,'Sassari'),(3928,1,'Savona'),(3929,1,'Siena'),(3930,1,'Siracusa'),(3931,1,'Sondrio'),(3932,1,'Taranto'),(3933,1,'Teramo'),(3934,1,'Terni'),(3935,1,'Torino'),(3936,1,'Trapani'),(3937,1,'Trento'),(3938,1,'Treviso'),(3939,1,'Trieste'),(3940,1,'Udine'),(3941,1,'Varese'),(3942,1,'Venezia'),(3943,1,'Verbano-Cusio-Ossola'),(3944,1,'Vercelli'),(3945,1,'Verona'),(3946,1,'Vibo Valentia'),(3947,1,'Vicenza'),(3948,1,'Viterbo'),(3949,1,'Antrim'),(3950,1,'Armagh'),(3951,1,'Down'),(3952,1,'Fermanagh'),(3953,1,'Derry'),(3954,1,'Tyrone'),(3955,1,'Mura'),(3956,1,'Drava'),(3957,1,'Carinthia'),(3958,1,'Savinja'),(3959,1,'Central Sava'),(3960,1,'Lower Sava'),(3961,1,'Southeast Slovenia'),(3962,1,'Littoral–Inner Carniola'),(3963,1,'Central Slovenia'),(3964,1,'Upper Carniola'),(3965,1,'Gorizia'),(3966,1,'Coastal–Karst'),(3967,1,'Singapore'),(3968,1,'Metro Manila');
/*!40000 ALTER TABLE `abc_zone_descriptions` ENABLE KEYS */;
UNLOCK TABLES;

--
-- Table structure for table `abc_zones`
--

DROP TABLE IF EXISTS `abc_zones`;
/*!40101 SET @saved_cs_client     = @@character_set_client */;
/*!40101 SET character_set_client = utf8 */;
CREATE TABLE `abc_zones` (
  `zone_id` int(11) NOT NULL AUTO_INCREMENT,
  `country_id` int(11) NOT NULL,
  `code` varchar(32) NOT NULL DEFAULT '',
  `status` int(1) NOT NULL DEFAULT '1',
  `sort_order` int(3) NOT NULL DEFAULT '0',
  PRIMARY KEY (`zone_id`,`country_id`)
) ENGINE=MyISAM AUTO_INCREMENT=3969 DEFAULT CHARSET=utf8;
/*!40101 SET character_set_client = @saved_cs_client */;

--
-- Dumping data for table `abc_zones`
--

LOCK TABLES `abc_zones` WRITE;
/*!40000 ALTER TABLE `abc_zones` DISABLE KEYS */;
INSERT INTO `abc_zones` VALUES (1,1,'BDS',1,0),(2,1,'BDG',1,0),(3,1,'BGL',1,0),(4,1,'BAL',1,0),(5,1,'BAM',1,0),(6,1,'FRA',1,0),(7,1,'FYB',1,0),(8,1,'GHA',1,0),(9,1,'GHO',1,0),(10,1,'HEL',1,0),(11,1,'HER',1,0),(12,1,'JOW',1,0),(13,1,'KAB',1,0),(14,1,'KAN',1,0),(15,1,'KAP',1,0),(16,1,'KHO',1,0),(17,1,'KNR',1,0),(18,1,'KDZ',1,0),(19,1,'LAG',1,0),(20,1,'LOW',1,0),(21,1,'NAN',1,0),(22,1,'NIM',1,0),(23,1,'NUR',1,0),(24,1,'ORU',1,0),(25,1,'PIA',1,0),(26,1,'PKA',1,0),(27,1,'PAR',1,0),(28,1,'SAM',1,0),(29,1,'SAR',1,0),(30,1,'TAK',1,0),(31,1,'WAR',1,0),(32,1,'ZAB',1,0),(33,2,'BR',1,0),(34,2,'BU',1,0),(35,2,'DL',1,0),(36,2,'DV',1,0),(37,2,'DI',1,0),(38,2,'DR',1,0),(39,2,'EL',1,0),(40,2,'ER',1,0),(41,2,'FR',1,0),(42,2,'GJ',1,0),(43,2,'GR',1,0),(44,2,'HA',1,0),(45,2,'KA',1,0),(46,2,'KB',1,0),(47,2,'KC',1,0),(48,2,'KO',1,0),(49,2,'KR',1,0),(50,2,'KU',1,0),(51,2,'LB',1,0),(52,2,'LE',1,0),(53,2,'LU',1,0),(54,2,'MM',1,0),(55,2,'MK',1,0),(56,2,'MT',1,0),(57,2,'MR',1,0),(58,2,'PQ',1,0),(59,2,'PR',1,0),(60,2,'PG',1,0),(61,2,'PU',1,0),(62,2,'SH',1,0),(63,2,'SK',1,0),(64,2,'SR',1,0),(65,2,'TE',1,0),(66,2,'TP',1,0),(67,2,'TR',1,0),(68,2,'VL',1,0),(69,3,'ADR',1,0),(70,3,'ADE',1,0),(71,3,'ATE',1,0),(72,3,'ALG',1,0),(73,3,'ANN',1,0),(74,3,'BAT',1,0),(75,3,'BEC',1,0),(76,3,'BEJ',1,0),(77,3,'BIS',1,0),(78,3,'BLI',1,0),(79,3,'BBA',1,0),(80,3,'BOA',1,0),(81,3,'BMD',1,0),(82,3,'CHL',1,0),(83,3,'CON',1,0),(84,3,'DJE',1,0),(85,3,'EBA',1,0),(86,3,'EOU',1,0),(87,3,'ETA',1,0),(88,3,'GHA',1,0),(89,3,'GUE',1,0),(90,3,'ILL',1,0),(91,3,'JIJ',1,0),(92,3,'KHE',1,0),(93,3,'LAG',1,0),(94,3,'MUA',1,0),(95,3,'MED',1,0),(96,3,'MIL',1,0),(97,3,'MOS',1,0),(98,3,'MSI',1,0),(99,3,'NAA',1,0),(100,3,'ORA',1,0),(101,3,'OUA',1,0),(102,3,'OEB',1,0),(103,3,'REL',1,0),(104,3,'SAI',1,0),(105,3,'SET',1,0),(106,3,'SBA',1,0),(107,3,'SKI',1,0),(108,3,'SAH',1,0),(109,3,'TAM',1,0),(110,3,'TEB',1,0),(111,3,'TIA',1,0),(112,3,'TIN',1,0),(113,3,'TIP',1,0),(114,3,'TIS',1,0),(115,3,'TOU',1,0),(116,3,'TLE',1,0),(117,4,'E',1,0),(118,4,'M',1,0),(119,4,'R',1,0),(120,4,'S',1,0),(121,4,'W',1,0),(122,5,'ALV',1,0),(123,5,'CAN',1,0),(124,5,'ENC',1,0),(125,5,'ESE',1,0),(126,5,'LMA',1,0),(127,5,'ORD',1,0),(128,5,'SJL',1,0),(129,6,'BGO',1,0),(130,6,'BGU',1,0),(131,6,'BIE',1,0),(132,6,'CAB',1,0),(133,6,'CCU',1,0),(134,6,'CNO',1,0),(135,6,'CUS',1,0),(136,6,'CNN',1,0),(137,6,'HUA',1,0),(138,6,'HUI',1,0),(139,6,'LUA',1,0),(140,6,'LNO',1,0),(141,6,'LSU',1,0),(142,6,'MAL',1,0),(143,6,'MOX',1,0),(144,6,'NAM',1,0),(145,6,'UIG',1,0),(146,6,'ZAI',1,0),(147,9,'ASG',1,0),(148,9,'ASJ',1,0),(149,9,'ASM',1,0),(150,9,'ASL',1,0),(151,9,'ASR',1,0),(152,9,'ASH',1,0),(153,9,'BAR',1,0),(154,9,'RED',1,0),(155,10,'AN',1,0),(156,10,'BA',1,0),(157,10,'CA',1,0),(158,10,'CH',1,0),(159,10,'CU',1,0),(160,10,'CO',1,0),(161,10,'CR',1,0),(162,10,'DF',1,0),(163,10,'ER',1,0),(164,10,'FO',1,0),(165,10,'JU',1,0),(166,10,'LP',1,0),(167,10,'LR',1,0),(168,10,'ME',1,0),(169,10,'MI',1,0),(170,10,'NE',1,0),(171,10,'RN',1,0),(172,10,'SA',1,0),(173,10,'SJ',1,0),(174,10,'SL',1,0),(175,10,'SC',1,0),(176,10,'SF',1,0),(177,10,'SD',1,0),(178,10,'TF',1,0),(179,10,'TU',1,0),(180,11,'AGT',1,0),(181,11,'ARR',1,0),(182,11,'ARM',1,0),(183,11,'GEG',1,0),(184,11,'KOT',1,0),(185,11,'LOR',1,0),(186,11,'SHI',1,0),(187,11,'SYU',1,0),(188,11,'TAV',1,0),(189,11,'VAY',1,0),(190,11,'YER',1,0),(191,13,'ACT',1,0),(192,13,'NSW',1,0),(193,13,'NT',1,0),(194,13,'QLD',1,0),(195,13,'SA',1,0),(196,13,'TAS',1,0),(197,13,'VIC',1,0),(198,13,'WA',1,0),(199,14,'BUR',1,0),(200,14,'KAR',1,0),(201,14,'NOS',1,0),(202,14,'OOS',1,0),(203,14,'SAL',1,0),(204,14,'STE',1,0),(205,14,'TIR',1,0),(206,14,'VOR',1,0),(207,14,'WIE',1,0),(208,15,'AB',1,0),(209,15,'ABS',1,0),(210,15,'AGC',1,0),(211,15,'AGM',1,0),(212,15,'AGS',1,0),(213,15,'AGA',1,0),(214,15,'AGU',1,0),(215,15,'AST',1,0),(216,15,'BA',1,0),(217,15,'BAB',1,0),(218,15,'BAL',1,0),(219,15,'BAR',1,0),(220,15,'BEY',1,0),(221,15,'BIL',1,0),(222,15,'CAB',1,0),(223,15,'CAL',1,0),(224,15,'CUL',1,0),(225,15,'DAS',1,0),(226,15,'DAV',1,0),(227,15,'FUZ',1,0),(228,15,'GA',1,0),(229,15,'GAD',1,0),(230,15,'GOR',1,0),(231,15,'GOY',1,0),(232,15,'HAC',1,0),(233,15,'IMI',1,0),(234,15,'ISM',1,0),(235,15,'KAL',1,0),(236,15,'KUR',1,0),(237,15,'LA',1,0),(238,15,'LAC',1,0),(239,15,'LAN',1,0),(240,15,'LER',1,0),(241,15,'MAS',1,0),(242,15,'MI',1,0),(243,15,'NA',1,0),(244,15,'NEF',1,0),(245,15,'OGU',1,0),(246,15,'ORD',1,0),(247,15,'QAB',1,0),(248,15,'QAX',1,0),(249,15,'QAZ',1,0),(250,15,'QOB',1,0),(251,15,'QBA',1,0),(252,15,'QBI',1,0),(253,15,'QUS',1,0),(254,15,'SA',1,0),(255,15,'SAT',1,0),(256,15,'SAB',1,0),(257,15,'SAD',1,0),(258,15,'SAH',1,0),(259,15,'SAK',1,0),(260,15,'SAL',1,0),(261,15,'SM',1,0),(262,15,'SMI',1,0),(263,15,'SKR',1,0),(264,15,'SMX',1,0),(265,15,'SAR',1,0),(266,15,'SIY',1,0),(267,15,'SS',1,0),(268,15,'SUS',1,0),(269,15,'TAR',1,0),(270,15,'TOV',1,0),(271,15,'UCA',1,0),(272,15,'XA',1,0),(273,15,'XAC',1,0),(274,15,'XAN',1,0),(275,15,'XIZ',1,0),(276,15,'XCI',1,0),(277,15,'XVD',1,0),(278,15,'YAR',1,0),(279,15,'YEV',1,0),(280,15,'ZAN',1,0),(281,15,'ZAQ',1,0),(282,15,'ZAR',1,0),(283,15,'NX',1,0),(284,16,'ACK',1,0),(285,16,'BER',1,0),(286,16,'BIM',1,0),(287,16,'BLK',1,0),(288,16,'CAT',1,0),(289,16,'CAB',1,0),(290,16,'CAN',1,0),(291,16,'CEL',1,0),(292,16,'FRE',1,0),(293,16,'CRO',1,0),(294,16,'EGB',1,0),(295,16,'EXU',1,0),(296,16,'GRD',1,0),(297,16,'HAR',1,0),(298,16,'HOP',1,0),(299,16,'INA',1,0),(300,16,'LNG',1,0),(301,16,'MAN',1,0),(302,16,'MAY',1,0),(303,16,'MOO',1,0),(304,16,'NAB',1,0),(305,16,'NAN',1,0),(306,16,'NEL',1,0),(307,16,'RAG',1,0),(308,16,'RUM',1,0),(309,16,'SAL',1,0),(310,16,'SAB',1,0),(311,16,'SAN',1,0),(312,16,'SEL',1,0),(313,16,'SWE',1,0),(314,16,'WGB',1,0),(315,17,'CAP',1,0),(316,17,'CEN',1,0),(317,17,'MUH',1,0),(318,17,'NOR',1,0),(319,17,'SOU',1,0),(320,18,'BAR',1,0),(321,18,'CHI',1,0),(322,18,'DHA',1,0),(323,18,'KHU',1,0),(324,18,'RAJ',1,0),(325,18,'SYL',1,0),(326,19,'CC',1,0),(327,19,'AND',1,0),(328,19,'GEO',1,0),(329,19,'JAM',1,0),(330,19,'JOH',1,0),(331,19,'JOS',1,0),(332,19,'LUC',1,0),(333,19,'MIC',1,0),(334,19,'PET',1,0),(335,19,'PHI',1,0),(336,19,'THO',1,0),(337,20,'BR',1,0),(338,20,'HO',1,0),(339,20,'HM',1,0),(340,20,'HR',1,0),(341,20,'MA',1,0),(342,20,'MI',1,0),(343,20,'VI',1,0),(344,21,'VAN',1,0),(345,21,'WBR',1,0),(346,21,'WHT',1,0),(347,21,'WLG',1,0),(348,21,'VLI',1,0),(349,21,'WLX',1,0),(350,21,'WNA',1,0),(351,21,'VOV',1,0),(352,21,'VBR',1,0),(353,21,'VWV',1,0),(354,22,'BZ',1,0),(355,22,'CY',1,0),(356,22,'CR',1,0),(357,22,'OW',1,0),(358,22,'SC',1,0),(359,22,'TO',1,0),(360,23,'AL',1,0),(361,23,'AK',1,0),(362,23,'AQ',1,0),(363,23,'BO',1,0),(364,23,'CO',1,0),(365,23,'DO',1,0),(366,23,'KO',1,0),(367,23,'LI',1,0),(368,23,'MO',1,0),(369,23,'OU',1,0),(370,23,'PL',1,0),(371,23,'ZO',1,0),(372,24,'DS',1,0),(373,24,'HC',1,0),(374,24,'HA',1,0),(375,24,'PG',1,0),(376,24,'PB',1,0),(377,24,'GC',1,0),(378,24,'SG',1,0),(379,24,'SA',1,0),(380,24,'SM',1,0),(381,24,'SH',1,0),(382,24,'WA',1,0),(383,25,'BUM',1,0),(384,25,'CHU',1,0),(385,25,'DAG',1,0),(386,25,'GAS',1,0),(387,25,'HAA',1,0),(388,25,'LHU',1,0),(389,25,'MON',1,0),(390,25,'PAR',1,0),(391,25,'PEM',1,0),(392,25,'PUN',1,0),(393,25,'SJO',1,0),(394,25,'SAT',1,0),(395,25,'SAR',1,0),(396,25,'THI',1,0),(397,25,'TRG',1,0),(398,25,'TRY',1,0),(399,25,'TRO',1,0),(400,25,'TSI',1,0),(401,25,'WPH',1,0),(402,25,'ZHE',1,0),(403,26,'BEN',1,0),(404,26,'CHU',1,0),(405,26,'COC',1,0),(406,26,'LPZ',1,0),(407,26,'ORU',1,0),(408,26,'PAN',1,0),(409,26,'POT',1,0),(410,26,'SCZ',1,0),(411,26,'TAR',1,0),(412,27,'BRO',1,0),(413,27,'FUS',1,0),(414,27,'FPO',1,0),(415,27,'FTU',1,0),(416,27,'FZE',1,0),(417,27,'FBP',1,0),(418,27,'FSB',1,0),(419,27,'FHN',1,0),(420,27,'FZH',1,0),(421,27,'FSA',1,0),(422,27,'FZA',1,0),(423,27,'SBL',1,0),(424,27,'SDO',1,0),(425,27,'SBI',1,0),(426,27,'SVL',1,0),(427,27,'SSR',1,0),(428,27,'SFO',1,0),(429,27,'STR',1,0),(430,28,'CE',1,0),(431,28,'GH',1,0),(432,28,'KD',1,0),(433,28,'KT',1,0),(434,28,'KW',1,0),(435,28,'NG',1,0),(436,28,'NE',1,0),(437,28,'NW',1,0),(438,28,'SE',1,0),(439,28,'SO',1,0),(440,30,'AC',1,0),(441,30,'AL',1,0),(442,30,'AP',1,0),(443,30,'AM',1,0),(444,30,'BA',1,0),(445,30,'CE',1,0),(446,30,'DF',1,0),(447,30,'ES',1,0),(448,30,'GO',1,0),(449,30,'MA',1,0),(450,30,'MT',1,0),(451,30,'MS',1,0),(452,30,'MG',1,0),(453,30,'PA',1,0),(454,30,'PB',1,0),(455,30,'PR',1,0),(456,30,'PE',1,0),(457,30,'PI',1,0),(458,30,'RJ',1,0),(459,30,'RN',1,0),(460,30,'RS',1,0),(461,30,'RO',1,0),(462,30,'RR',1,0),(463,30,'SC',1,0),(464,30,'SP',1,0),(465,30,'SE',1,0),(466,30,'TO',1,0),(467,31,'PB',1,0),(468,31,'SI',1,0),(469,31,'NI',1,0),(470,31,'TB',1,0),(471,31,'EA',1,0),(472,31,'DI',1,0),(473,31,'EG',1,0),(474,31,'DG',1,0),(475,32,'BEL',1,0),(476,32,'BRM',1,0),(477,32,'TEM',1,0),(478,32,'TUT',1,0),(479,33,'',1,0),(480,33,'',1,0),(481,33,'',1,0),(482,33,'',1,0),(483,33,'',1,0),(484,33,'',1,0),(485,33,'',1,0),(486,33,'',1,0),(487,33,'',1,0),(488,33,'',1,0),(489,33,'',1,0),(490,33,'',1,0),(491,33,'',1,0),(492,33,'',1,0),(493,33,'',1,0),(494,33,'',1,0),(495,33,'',1,0),(496,33,'',1,0),(497,33,'',1,0),(498,33,'',1,0),(499,33,'',1,0),(500,33,'',1,0),(501,33,'',1,0),(502,33,'',1,0),(503,33,'',1,0),(504,33,'',1,0),(505,33,'',1,0),(506,34,'BAL',1,0),(507,34,'BAM',1,0),(508,34,'BAN',1,0),(509,34,'BAZ',1,0),(510,34,'BOR',1,0),(511,34,'BLG',1,0),(512,34,'BOK',1,0),(513,34,'COM',1,0),(514,34,'GAN',1,0),(515,34,'GNA',1,0),(516,34,'GOU',1,0),(517,34,'HOU',1,0),(518,34,'IOA',1,0),(519,34,'KAD',1,0),(520,34,'KEN',1,0),(521,34,'KOD',1,0),(522,34,'KOP',1,0),(523,34,'KOS',1,0),(524,34,'KOL',1,0),(525,34,'KOT',1,0),(526,34,'KOW',1,0),(527,34,'LER',1,0),(528,34,'LOR',1,0),(529,34,'MOU',1,0),(530,34,'NAH',1,0),(531,34,'NAM',1,0),(532,34,'NAY',1,0),(533,34,'NOU',1,0),(534,34,'OUB',1,0),(535,34,'OUD',1,0),(536,34,'PAS',1,0),(537,34,'PON',1,0),(538,34,'SAG',1,0),(539,34,'SAM',1,0),(540,34,'SEN',1,0),(541,34,'SIS',1,0),(542,34,'SOM',1,0),(543,34,'SOR',1,0),(544,34,'TAP',1,0),(545,34,'TUY',1,0),(546,34,'YAG',1,0),(547,34,'YAT',1,0),(548,34,'ZIR',1,0),(549,34,'ZOD',1,0),(550,34,'ZOW',1,0),(551,35,'BB',1,0),(552,35,'BJ',1,0),(553,35,'BR',1,0),(554,35,'CA',1,0),(555,35,'CI',1,0),(556,35,'GI',1,0),(557,35,'KR',1,0),(558,35,'KY',1,0),(559,35,'KI',1,0),(560,35,'MA',1,0),(561,35,'MU',1,0),(562,35,'MY',1,0),(563,35,'MW',1,0),(564,35,'NG',1,0),(565,35,'RT',1,0),(566,35,'RY',1,0),(567,36,'PP',1,0),(568,36,'PS',1,0),(569,36,'PA',1,0),(570,36,'KB',1,0),(571,36,'BM',1,0),(572,36,'BA',1,0),(573,36,'KM',1,0),(574,36,'KN',1,0),(575,36,'KU',1,0),(576,36,'KO',1,0),(577,36,'KT',1,0),(578,36,'KP',1,0),(579,36,'KL',1,0),(580,36,'KK',1,0),(581,36,'KR',1,0),(582,36,'MK',1,0),(583,36,'OM',1,0),(584,36,'PU',1,0),(585,36,'PR',1,0),(586,36,'PG',1,0),(587,36,'RK',1,0),(588,36,'SI',1,0),(589,36,'ST',1,0),(590,36,'SR',1,0),(591,36,'TK',1,0),(592,37,'ADA',1,0),(593,37,'CEN',1,0),(594,37,'EST',1,0),(595,37,'EXN',1,0),(596,37,'LIT',1,0),(597,37,'NOR',1,0),(598,37,'NOT',1,0),(599,37,'OUE',1,0),(600,37,'SUD',1,0),(601,37,'SOU',1,0),(602,38,'AB',1,0),(603,38,'BC',1,0),(604,38,'MB',1,0),(605,38,'NB',1,0),(606,38,'NL',1,0),(607,38,'NT',1,0),(608,38,'NS',1,0),(609,38,'NU',1,0),(610,38,'ON',1,0),(611,38,'PE',1,0),(612,38,'QC',1,0),(613,38,'SK',1,0),(614,38,'YT',1,0),(615,39,'BV',1,0),(616,39,'BR',1,0),(617,39,'CS',1,0),(618,39,'MA',1,0),(619,39,'MO',1,0),(620,39,'PA',1,0),(621,39,'PN',1,0),(622,39,'PR',1,0),(623,39,'RG',1,0),(624,39,'SL',1,0),(625,39,'CA',1,0),(626,39,'CR',1,0),(627,39,'SD',1,0),(628,39,'SF',1,0),(629,39,'SN',1,0),(630,39,'SV',1,0),(631,39,'TA',1,0),(632,40,'CR',1,0),(633,40,'EA',1,0),(634,40,'ML',1,0),(635,40,'ST',1,0),(636,40,'SP',1,0),(637,40,'SK',1,0),(638,40,'WD',1,0),(639,40,'WN',1,0),(640,41,'BBA',1,0),(641,41,'BKO',1,0),(642,41,'HKO',1,0),(643,41,'HMB',1,0),(644,41,'KEM',1,0),(645,41,'LOB',1,0),(646,41,'MKD',1,0),(647,41,'MBO',1,0),(648,41,'NMM',1,0),(649,41,'OMP',1,0),(650,41,'OUK',1,0),(651,41,'OUH',1,0),(652,41,'OPE',1,0),(653,41,'VAK',1,0),(654,41,'NGR',1,0),(655,41,'SMB',1,0),(656,41,'BAN',1,0),(657,42,'BA',1,0),(658,42,'BI',1,0),(659,42,'BE',1,0),(660,42,'CB',1,0),(661,42,'GU',1,0),(662,42,'KA',1,0),(663,42,'LA',1,0),(664,42,'LC',1,0),(665,42,'LR',1,0),(666,42,'MK',1,0),(667,42,'MC',1,0),(668,42,'OU',1,0),(669,42,'SA',1,0),(670,42,'TA',1,0),(671,43,'AI',1,0),(672,43,'AN',1,0),(673,43,'AR',1,0),(674,43,'AT',1,0),(675,43,'BI',1,0),(676,43,'CO',1,0),(677,43,'LI',1,0),(678,43,'LL',1,0),(679,43,'MA',1,0),(680,43,'ML',1,0),(681,43,'RM',1,0),(682,43,'TA',1,0),(683,43,'VS',1,0),(684,44,'AN',1,0),(685,44,'BE',1,0),(686,44,'CH',1,0),(687,44,'FU',1,0),(688,44,'GA',1,0),(689,44,'GU',1,0),(690,44,'GX',1,0),(691,44,'GZ',1,0),(692,44,'HA',1,0),(693,44,'HB',1,0),(694,44,'HL',1,0),(695,44,'HE',1,0),(696,44,'HK',1,0),(697,44,'HU',1,0),(698,44,'HN',1,0),(699,44,'IM',1,0),(700,44,'JI',1,0),(701,44,'JX',1,0),(702,44,'JL',1,0),(703,44,'LI',1,0),(704,44,'MA',1,0),(705,44,'NI',1,0),(706,44,'SH',1,0),(707,44,'SA',1,0),(708,44,'SG',1,0),(709,44,'SX',1,0),(710,44,'SI',1,0),(711,44,'TI',1,0),(712,44,'XI',1,0),(713,44,'YU',1,0),(714,44,'ZH',1,0),(715,46,'D',1,0),(716,46,'H',1,0),(717,46,'O',1,0),(718,46,'S',1,0),(719,46,'W',1,0),(720,47,'AMZ',1,0),(721,47,'ANT',1,0),(722,47,'ARA',1,0),(723,47,'ATL',1,0),(724,47,'BDC',1,0),(725,47,'BOL',1,0),(726,47,'BOY',1,0),(727,47,'CAL',1,0),(728,47,'CAQ',1,0),(729,47,'CAS',1,0),(730,47,'CAU',1,0),(731,47,'CES',1,0),(732,47,'CHO',1,0),(733,47,'COR',1,0),(734,47,'CAM',1,0),(735,47,'GNA',1,0),(736,47,'GJR',1,0),(737,47,'GVR',1,0),(738,47,'HUI',1,0),(739,47,'MAG',1,0),(740,47,'MET',1,0),(741,47,'NAR',1,0),(742,47,'NDS',1,0),(743,47,'PUT',1,0),(744,47,'QUI',1,0),(745,47,'RIS',1,0),(746,47,'SAP',1,0),(747,47,'SAN',1,0),(748,47,'SUC',1,0),(749,47,'TOL',1,0),(750,47,'VDC',1,0),(751,47,'VAU',1,0),(752,47,'VIC',1,0),(753,48,'G',1,0),(754,48,'A',1,0),(755,48,'M',1,0),(756,49,'BO',1,0),(757,49,'BR',1,0),(758,49,'CU',1,0),(759,49,'CO',1,0),(760,49,'KO',1,0),(761,49,'LE',1,0),(762,49,'LI',1,0),(763,49,'NI',1,0),(764,49,'PL',1,0),(765,49,'PO',1,0),(766,49,'SA',1,0),(767,50,'PU',1,0),(768,50,'RK',1,0),(769,50,'MK',1,0),(770,50,'PE',1,0),(771,50,'NI',1,0),(772,50,'SU',1,0),(773,50,'PA',1,0),(774,50,'AI',1,0),(775,50,'MA',1,0),(776,50,'TA',1,0),(777,50,'MT',1,0),(778,50,'AT',1,0),(779,50,'MU',1,0),(780,50,'RR',1,0),(781,50,'MG',1,0),(782,51,'AL',1,0),(783,51,'CA',1,0),(784,51,'GU',1,0),(785,51,'HE',1,0),(786,51,'LI',1,0),(787,51,'PU',1,0),(788,51,'SJ',1,0),(789,52,'ABE',1,0),(790,52,'ABI',1,0),(791,52,'ABO',1,0),(792,52,'ADI',1,0),(793,52,'ADZ',1,0),(794,52,'AGB',1,0),(795,52,'AGN',1,0),(796,52,'ALE',1,0),(797,52,'BOC',1,0),(798,52,'BAN',1,0),(799,52,'BEO',1,0),(800,52,'BIA',1,0),(801,52,'BDK',1,0),(802,52,'BGN',1,0),(803,52,'BFL',1,0),(804,52,'BKE',1,0),(805,52,'BNA',1,0),(806,52,'BDL',1,0),(807,52,'DKL',1,0),(808,52,'DBU',1,0),(809,52,'DAL',1,0),(810,52,'DAN',1,0),(811,52,'DAO',1,0),(812,52,'DIM',1,0),(813,52,'DIV',1,0),(814,52,'DUE',1,0),(815,52,'FER',1,0),(816,52,'GAG',1,0),(817,52,'GBA',1,0),(818,52,'GLA',1,0),(819,52,'GUI',1,0),(820,52,'ISS',1,0),(821,52,'JAC',1,0),(822,52,'KAT',1,0),(823,52,'KOR',1,0),(824,52,'LAK',1,0),(825,52,'MAN',1,0),(826,52,'MKN',1,0),(827,52,'MBA',1,0),(828,52,'ODI',1,0),(829,52,'OUM',1,0),(830,52,'SAK',1,0),(831,52,'SPE',1,0),(832,52,'SAS',1,0),(833,52,'SEG',1,0),(834,52,'SIN',1,0),(835,52,'SOU',1,0),(836,52,'TAB',1,0),(837,52,'TAN',1,0),(838,52,'TIE',1,0),(839,52,'TIN',1,0),(840,52,'TIA',1,0),(841,52,'TBA',1,0),(842,52,'TLP',1,0),(843,52,'TMD',1,0),(844,52,'VAV',1,0),(845,52,'YAM',1,0),(846,52,'ZUE',1,0),(847,53,'BB',1,0),(848,53,'CZ',1,0),(849,53,'DN',1,0),(850,53,'IS',1,0),(851,53,'KA',1,0),(852,53,'KK',1,0),(853,53,'KZ',1,0),(854,53,'LS',1,0),(855,53,'ME',1,0),(856,53,'OB',1,0),(857,53,'PS',1,0),(858,53,'PG',1,0),(859,53,'SI',1,0),(860,53,'SM',1,0),(861,53,'SB',1,0),(862,53,'SD',1,0),(863,53,'VA',1,0),(864,53,'VP',1,0),(865,53,'VS',1,0),(866,53,'ZK',1,0),(867,53,'ZA',1,0),(868,54,'CA',1,0),(869,54,'CD',1,0),(870,54,'CI',1,0),(871,54,'CH',1,0),(872,54,'GR',1,0),(873,54,'GU',1,0),(874,54,'HO',1,0),(875,54,'IJ',1,0),(876,54,'LH',1,0),(877,54,'LT',1,0),(878,54,'MA',1,0),(879,54,'PR',1,0),(880,54,'SS',1,0),(881,54,'SC',1,0),(882,54,'VC',1,0),(883,55,'F',1,0),(884,55,'K',1,0),(885,55,'A',1,0),(886,55,'I',1,0),(887,55,'N',1,0),(888,55,'P',1,0),(889,56,'U',1,0),(890,56,'C',1,0),(891,56,'B',1,0),(892,56,'K',1,0),(893,56,'H',1,0),(894,56,'L',1,0),(895,56,'T',1,0),(896,56,'M',1,0),(897,56,'E',1,0),(898,56,'P',1,0),(899,56,'A',1,0),(900,56,'S',1,0),(901,56,'J',1,0),(902,56,'Z',1,0),(903,57,'AR',1,0),(904,57,'BH',1,0),(905,57,'CO',1,0),(906,57,'FO',1,0),(907,57,'FR',1,0),(908,57,'FY',1,0),(909,57,'KO',1,0),(910,57,'NO',1,0),(911,57,'RI',1,0),(912,57,'RK',1,0),(913,57,'RO',1,0),(914,57,'SO',1,0),(915,57,'ST',1,0),(916,57,'VK',1,0),(917,57,'VJ',1,0),(918,57,'VB',1,0),(919,58,'S',1,0),(920,58,'K',1,0),(921,58,'J',1,0),(922,58,'O',1,0),(923,58,'T',1,0),(924,59,'AND',1,0),(925,59,'DAV',1,0),(926,59,'GEO',1,0),(927,59,'JOH',1,0),(928,59,'JOS',1,0),(929,59,'LUK',1,0),(930,59,'MAR',1,0),(931,59,'PAT',1,0),(932,59,'PAU',1,0),(933,59,'PET',1,0),(934,60,'DN',1,0),(935,60,'AZ',1,0),(936,60,'BC',1,0),(937,60,'BH',1,0),(938,60,'DJ',1,0),(939,60,'DU',1,0),(940,60,'EL',1,0),(941,60,'SY',1,0),(942,60,'ET',1,0),(943,60,'HM',1,0),(944,60,'IN',1,0),(945,60,'AL',1,0),(946,60,'RO',1,0),(947,60,'VE',1,0),(948,60,'MT',1,0),(949,60,'MN',1,0),(950,60,'MC',1,0),(951,60,'MP',1,0),(952,60,'PD',1,0),(953,60,'PR',1,0),(954,60,'PP',1,0),(955,60,'SL',1,0),(956,60,'SM',1,0),(957,60,'SH',1,0),(958,60,'SC',1,0),(959,60,'JO',1,0),(960,60,'SJ',1,0),(961,60,'PM',1,0),(962,60,'SA',1,0),(963,60,'ST',1,0),(964,60,'SD',1,0),(965,60,'VA',1,0),(966,61,'AL',1,0),(967,61,'AN',1,0),(968,61,'BA',1,0),(969,61,'BO',1,0),(970,61,'CO',1,0),(971,61,'DI',1,0),(972,61,'ER',1,0),(973,61,'LA',1,0),(974,61,'LI',1,0),(975,61,'MT',1,0),(976,61,'MF',1,0),(977,61,'OE',1,0),(978,61,'VI',1,0),(979,62,'AZU',1,0),(980,62,'BOL',1,0),(981,62,'CAN',1,0),(982,62,'CAR',1,0),(983,62,'CHI',1,0),(984,62,'COT',1,0),(985,62,'EOR',1,0),(986,62,'ESM',1,0),(987,62,'GPS',1,0),(988,62,'GUA',1,0),(989,62,'IMB',1,0),(990,62,'LOJ',1,0),(991,62,'LRO',1,0),(992,62,'MAN',1,0),(993,62,'MSA',1,0),(994,62,'NAP',1,0),(995,62,'ORE',1,0),(996,62,'PAS',1,0),(997,62,'PIC',1,0),(998,62,'SUC',1,0),(999,62,'TUN',1,0),(1000,62,'ZCH',1,0),(1001,63,'DHY',1,0),(1002,63,'BAM',1,0),(1003,63,'BHY',1,0),(1004,63,'FYM',1,0),(1005,63,'GBY',1,0),(1006,63,'IDR',1,0),(1007,63,'IML',1,0),(1008,63,'JZH',1,0),(1009,63,'MFY',1,0),(1010,63,'MNY',1,0),(1011,63,'QHR',1,0),(1012,63,'QLY',1,0),(1013,63,'WJD',1,0),(1014,63,'SHQ',1,0),(1015,63,'SWY',1,0),(1016,63,'ASW',1,0),(1017,63,'ASY',1,0),(1018,63,'BSW',1,0),(1019,63,'BSD',1,0),(1020,63,'DMY',1,0),(1021,63,'JNS',1,0),(1022,63,'KSH',1,0),(1023,63,'MAT',1,0),(1024,63,'QIN',1,0),(1025,63,'SHS',1,0),(1026,63,'SUH',1,0),(1027,64,'AH',1,0),(1028,64,'CA',1,0),(1029,64,'CH',1,0),(1030,64,'CU',1,0),(1031,64,'LB',1,0),(1032,64,'PZ',1,0),(1033,64,'UN',1,0),(1034,64,'MO',1,0),(1035,64,'SM',1,0),(1036,64,'SS',1,0),(1037,64,'SV',1,0),(1038,64,'SA',1,0),(1039,64,'SO',1,0),(1040,64,'US',1,0),(1041,65,'AN',1,0),(1042,65,'BN',1,0),(1043,65,'BS',1,0),(1044,65,'CS',1,0),(1045,65,'KN',1,0),(1046,65,'LI',1,0),(1047,65,'WN',1,0),(1048,66,'MA',1,0),(1049,66,'KE',1,0),(1050,66,'DK',1,0),(1051,66,'SK',1,0),(1052,66,'DE',1,0),(1053,66,'BR',1,0),(1054,67,'HA',1,0),(1055,67,'HI',1,0),(1056,67,'IV',1,0),(1057,67,'JA',1,0),(1058,67,'JO',1,0),(1059,67,'LV',1,0),(1060,67,'LA',1,0),(1061,67,'PA',1,0),(1062,67,'PO',1,0),(1063,67,'RA',1,0),(1064,67,'SA',1,0),(1065,67,'TA',1,0),(1066,67,'VA',1,0),(1067,67,'VI',1,0),(1068,67,'VO',1,0),(1069,68,'AF',1,0),(1070,68,'AH',1,0),(1071,68,'BG',1,0),(1072,68,'GB',1,0),(1073,68,'HR',1,0),(1074,68,'OR',1,0),(1075,68,'SM',1,0),(1076,68,'SN',1,0),(1077,68,'TG',1,0),(1078,68,'AA',1,0),(1079,68,'DD',1,0),(1080,71,'C',1,0),(1081,71,'N',1,0),(1082,71,'E',1,0),(1083,71,'W',1,0),(1084,71,'R',1,0),(1085,72,'AL',1,0),(1086,72,'ES',1,0),(1087,72,'IS',1,0),(1088,72,'LS',1,0),(1089,72,'LA',1,0),(1090,72,'OU',1,0),(1091,73,'AL',1,0),(1092,73,'AQ',1,0),(1093,73,'AU',1,0),(1094,73,'BR',1,0),(1095,73,'BU',1,0),(1096,73,'CE',1,0),(1097,73,'CH',1,0),(1098,73,'CO',1,0),(1099,73,'FR',1,0),(1100,73,'LA',1,0),(1101,73,'LI',1,0),(1102,73,'LO',1,0),(1103,73,'MI',1,0),(1104,73,'NO',1,0),(1105,73,'NR',1,0),(1106,73,'PA',1,0),(1107,73,'PI',1,0),(1108,73,'PO',1,0),(1109,73,'PR',1,0),(1110,73,'RH',1,0),(1111,73,'RI',1,0),(1112,73,'WE',1,0),(1113,74,'Et',1,0),(1114,74,'01',1,0),(1115,74,'02',1,0),(1116,74,'03',1,0),(1117,74,'04',1,0),(1118,74,'05',1,0),(1119,74,'06',1,0),(1120,74,'07',1,0),(1121,74,'08',1,0),(1122,74,'09',1,0),(1123,74,'10',1,0),(1124,74,'11',1,0),(1125,74,'12',1,0),(1126,74,'13',1,0),(1127,74,'14',1,0),(1128,74,'15',1,0),(1129,74,'16',1,0),(1130,74,'17',1,0),(1131,74,'18',1,0),(1132,74,'19',1,0),(1133,74,'2A',1,0),(1134,74,'2B',1,0),(1135,74,'21',1,0),(1136,74,'22',1,0),(1137,74,'23',1,0),(1138,74,'24',1,0),(1139,74,'25',1,0),(1140,74,'26',1,0),(1141,74,'27',1,0),(1142,74,'28',1,0),(1143,74,'29',1,0),(1144,74,'30',1,0),(1145,74,'31',1,0),(1146,74,'32',1,0),(1147,74,'33',1,0),(1148,74,'34',1,0),(1149,74,'35',1,0),(1150,74,'36',1,0),(1151,74,'37',1,0),(1152,74,'38',1,0),(1153,74,'39',1,0),(1154,74,'40',1,0),(1155,74,'41',1,0),(1156,74,'42',1,0),(1157,74,'43',1,0),(1158,74,'44',1,0),(1159,74,'45',1,0),(1160,74,'46',1,0),(1161,74,'47',1,0),(1162,74,'48',1,0),(1163,74,'49',1,0),(1164,74,'50',1,0),(1165,74,'51',1,0),(1166,74,'52',1,0),(1167,74,'53',1,0),(1168,74,'54',1,0),(1169,74,'55',1,0),(1170,74,'56',1,0),(1171,74,'57',1,0),(1172,74,'58',1,0),(1173,74,'59',1,0),(1174,74,'60',1,0),(1175,74,'61',1,0),(1176,74,'62',1,0),(1177,74,'63',1,0),(1178,74,'64',1,0),(1179,74,'65',1,0),(1180,74,'66',1,0),(1181,74,'67',1,0),(1182,74,'68',1,0),(1183,74,'69',1,0),(1184,74,'70',1,0),(1185,74,'71',1,0),(1186,74,'72',1,0),(1187,74,'73',1,0),(1188,74,'74',1,0),(1189,74,'75',1,0),(1190,74,'76',1,0),(1191,74,'77',1,0),(1192,74,'78',1,0),(1193,74,'79',1,0),(1194,74,'80',1,0),(1195,74,'81',1,0),(1196,74,'82',1,0),(1197,74,'83',1,0),(1198,74,'84',1,0),(1199,74,'85',1,0),(1200,74,'86',1,0),(1201,74,'87',1,0),(1202,74,'88',1,0),(1203,74,'89',1,0),(1204,74,'90',1,0),(1205,74,'91',1,0),(1206,74,'92',1,0),(1207,74,'93',1,0),(1208,74,'94',1,0),(1209,74,'95',1,0),(1210,76,'M',1,0),(1211,76,'T',1,0),(1212,76,'I',1,0),(1213,76,'V',1,0),(1214,76,'S',1,0),(1215,77,'C',1,0),(1216,77,'K',1,0),(1217,77,'A',1,0),(1218,77,'P',1,0),(1219,77,'D',1,0),(1220,78,'ES',1,0),(1221,78,'HO',1,0),(1222,78,'MO',1,0),(1223,78,'NG',1,0),(1224,78,'NY',1,0),(1225,78,'OI',1,0),(1226,78,'OL',1,0),(1227,78,'OM',1,0),(1228,78,'WN',1,0),(1229,79,'BJ',1,0),(1230,79,'BS',1,0),(1231,79,'BR',1,0),(1232,79,'JA',1,0),(1233,79,'KA',1,0),(1234,79,'KE',1,0),(1235,79,'KU',1,0),(1236,79,'MA',1,0),(1237,79,'LR',1,0),(1238,79,'CR',1,0),(1239,79,'NB',1,0),(1240,79,'UR',1,0),(1241,79,'WE',1,0),(1242,80,'AB',1,0),(1243,80,'AJ',1,0),(1244,80,'TB',1,0),(1245,80,'GU',1,0),(1246,80,'IM',1,0),(1247,80,'KA',1,0),(1248,80,'KK',1,0),(1249,80,'MM',1,0),(1250,80,'RL',1,0),(1251,80,'SZ',1,0),(1252,80,'SJ',1,0),(1253,80,'SK',1,0),(1254,81,'BAW',1,0),(1255,81,'BAY',1,0),(1256,81,'BER',1,0),(1257,81,'BRG',1,0),(1258,81,'BRE',1,0),(1259,81,'HAM',1,0),(1260,81,'HES',1,0),(1261,81,'MEC',1,0),(1262,81,'NDS',1,0),(1263,81,'NRW',1,0),(1264,81,'RHE',1,0),(1265,81,'SAR',1,0),(1266,81,'SAS',1,0),(1267,81,'SAC',1,0),(1268,81,'SCN',1,0),(1269,81,'THE',1,0),(1270,82,'AS',1,0),(1271,82,'BA',1,0),(1272,82,'CE',1,0),(1273,82,'EA',1,0),(1274,82,'GA',1,0),(1275,82,'NO',1,0),(1276,82,'UE',1,0),(1277,82,'UW',1,0),(1278,82,'VO',1,0),(1279,82,'WE',1,0),(1280,84,'AT',1,0),(1281,84,'CN',1,0),(1282,84,'CM',1,0),(1283,84,'CR',1,0),(1284,84,'EM',1,0),(1285,84,'EP',1,0),(1286,84,'II',1,0),(1287,84,'NA',1,0),(1288,84,'PP',1,0),(1289,84,'SA',1,0),(1290,84,'TH',1,0),(1291,84,'WG',1,0),(1292,84,'WM',1,0),(1293,85,'A',1,0),(1294,85,'T',1,0),(1295,85,'K',1,0),(1296,86,'A',1,0),(1297,86,'D',1,0),(1298,86,'G',1,0),(1299,86,'J',1,0),(1300,86,'M',1,0),(1301,86,'P',1,0),(1302,86,'C',1,0),(1303,86,'Q',1,0),(1304,89,'AV',1,0),(1305,89,'BV',1,0),(1306,89,'CM',1,0),(1307,89,'CQ',1,0),(1308,89,'PE',1,0),(1309,89,'PR',1,0),(1310,89,'QC',1,0),(1311,89,'ES',1,0),(1312,89,'GU',1,0),(1313,89,'HU',1,0),(1314,89,'IZ',1,0),(1315,89,'JA',1,0),(1316,89,'JU',1,0),(1317,89,'QZ',1,0),(1318,89,'RE',1,0),(1319,89,'ST',1,0),(1320,89,'SM',1,0),(1321,89,'SR',1,0),(1322,89,'SO',1,0),(1323,89,'SU',1,0),(1324,89,'TO',1,0),(1325,89,'ZA',1,0),(1326,90,'CNK',1,0),(1327,90,'BYL',1,0),(1328,90,'BFA',1,0),(1329,90,'BOK',1,0),(1330,90,'COY',1,0),(1331,90,'DBL',1,0),(1332,90,'DLB',1,0),(1333,90,'DGR',1,0),(1334,90,'DBR',1,0),(1335,90,'FRN',1,0),(1336,90,'FRC',1,0),(1337,90,'FRI',1,0),(1338,90,'GAO',1,0),(1339,90,'GCD',1,0),(1340,90,'KNK',1,0),(1341,90,'KRN',1,0),(1342,90,'KND',1,0),(1343,90,'KSD',1,0),(1344,90,'KBA',1,0),(1345,90,'KDA',1,0),(1346,90,'KRA',1,0),(1347,90,'LAB',1,0),(1348,90,'LLM',1,0),(1349,90,'LOL',1,0),(1350,90,'MCT',1,0),(1351,90,'MAL',1,0),(1352,90,'MAM',1,0),(1353,90,'MAN',1,0),(1354,90,'NZR',1,0),(1355,90,'PIT',1,0),(1356,90,'SIG',1,0),(1357,90,'TLM',1,0),(1358,90,'TOG',1,0),(1359,90,'YOM',1,0),(1360,91,'BF',1,0),(1361,91,'BB',1,0),(1362,91,'BS',1,0),(1363,91,'BL',1,0),(1364,91,'CA',1,0),(1365,91,'GA',1,0),(1366,91,'OI',1,0),(1367,91,'QU',1,0),(1368,91,'TO',1,0),(1369,92,'BW',1,0),(1370,92,'CM',1,0),(1371,92,'DM',1,0),(1372,92,'EC',1,0),(1373,92,'EW',1,0),(1374,92,'MB',1,0),(1375,92,'PM',1,0),(1376,92,'PI',1,0),(1377,92,'UD',1,0),(1378,92,'UT',1,0),(1379,93,'AR',1,0),(1380,93,'CE',1,0),(1381,93,'GA',1,0),(1382,93,'ND',1,0),(1383,93,'NE',1,0),(1384,93,'NO',1,0),(1385,93,'OU',1,0),(1386,93,'SD',1,0),(1387,93,'SE',1,0),(1388,94,'F',1,0),(1389,94,'M',1,0),(1390,94,'S',1,0),(1391,94,'H',1,0),(1392,95,'AT',1,0),(1393,95,'CH',1,0),(1394,95,'CL',1,0),(1395,95,'CM',1,0),(1396,95,'CP',1,0),(1397,95,'CR',1,0),(1398,95,'PA',1,0),(1399,95,'FM',1,0),(1400,95,'GD',1,0),(1401,95,'IN',1,0),(1402,95,'IB',1,0),(1403,95,'PZ',1,0),(1404,95,'LE',1,0),(1405,95,'OC',1,0),(1406,95,'OL',1,0),(1407,95,'SB',1,0),(1408,95,'VA',1,0),(1409,95,'YO',1,0),(1410,96,'HCW',1,0),(1411,96,'HEA',1,0),(1412,96,'HSO',1,0),(1413,96,'HWC',1,0),(1414,96,'KKC',1,0),(1415,96,'KKT',1,0),(1416,96,'KSS',1,0),(1417,96,'KWT',1,0),(1418,96,'KYT',1,0),(1419,96,'NIS',1,0),(1420,96,'NKT',1,0),(1421,96,'NNO',1,0),(1422,96,'NSK',1,0),(1423,96,'NST',1,0),(1424,96,'NTP',1,0),(1425,96,'NTW',1,0),(1426,96,'NTM',1,0),(1427,96,'NYL',1,0),(1428,97,'BK',1,0),(1429,97,'BA',1,0),(1430,97,'BE',1,0),(1431,97,'BS',1,0),(1432,97,'BZ',1,0),(1433,97,'BU',1,0),(1434,97,'CS',1,0),(1435,97,'DE',1,0),(1436,97,'DU',1,0),(1437,97,'EG',1,0),(1438,97,'FE',1,0),(1439,97,'GY',1,0),(1440,97,'GM',1,0),(1441,97,'HB',1,0),(1442,97,'HE',1,0),(1443,97,'HO',1,0),(1444,97,'JN',1,0),(1445,97,'KA',1,0),(1446,97,'KE',1,0),(1447,97,'KO',1,0),(1448,97,'MI',1,0),(1449,97,'NA',1,0),(1450,97,'NO',1,0),(1451,97,'NY',1,0),(1452,97,'PE',1,0),(1453,97,'PS',1,0),(1454,97,'SO',1,0),(1455,97,'SP',1,0),(1456,97,'SS',1,0),(1457,97,'SZ',1,0),(1458,97,'SE',1,0),(1459,97,'SL',1,0),(1460,97,'SM',1,0),(1461,97,'TA',1,0),(1462,97,'TO',1,0),(1463,97,'VA',1,0),(1464,97,'VE',1,0),(1465,97,'ZA',1,0),(1466,97,'ZZ',1,0),(1467,98,'AL',1,0),(1468,98,'HF',1,0),(1469,98,'NE',1,0),(1470,98,'NV',1,0),(1471,98,'SL',1,0),(1472,98,'SN',1,0),(1473,98,'VF',1,0),(1474,98,'VL',1,0),(1475,99,'AN',1,0),(1476,99,'AP',1,0),(1477,99,'AR',1,0),(1478,99,'AS',1,0),(1479,99,'BI',1,0),(1480,99,'CH',1,0),(1481,99,'DA',1,0),(1482,99,'DM',1,0),(1483,99,'DE',1,0),(1484,99,'GO',1,0),(1485,99,'GU',1,0),(1486,99,'HA',1,0),(1487,99,'HP',1,0),(1488,99,'JA',1,0),(1489,99,'KA',1,0),(1490,99,'KE',1,0),(1491,99,'LI',1,0),(1492,99,'MP',1,0),(1493,99,'MA',1,0),(1494,99,'MN',1,0),(1495,99,'ME',1,0),(1496,99,'MI',1,0),(1497,99,'NA',1,0),(1498,99,'OR',1,0),(1499,99,'PO',1,0),(1500,99,'PU',1,0),(1501,99,'RA',1,0),(1502,99,'SI',1,0),(1503,99,'TN',1,0),(1504,99,'TR',1,0),(1505,99,'UP',1,0),(1506,99,'WB',1,0),(1507,100,'AC',1,0),(1508,100,'BA',1,0),(1509,100,'BT',1,0),(1510,100,'BE',1,0),(1511,100,'BD',1,0),(1512,100,'GO',1,0),(1513,100,'JK',1,0),(1514,100,'JA',1,0),(1515,100,'JB',1,0),(1516,100,'JT',1,0),(1517,100,'JI',1,0),(1518,100,'KB',1,0),(1519,100,'KS',1,0),(1520,100,'KT',1,0),(1521,100,'KI',1,0),(1522,100,'BB',1,0),(1523,100,'LA',1,0),(1524,100,'MA',1,0),(1525,100,'MU',1,0),(1526,100,'NB',1,0),(1527,100,'NT',1,0),(1528,100,'PA',1,0),(1529,100,'RI',1,0),(1530,100,'SN',1,0),(1531,100,'ST',1,0),(1532,100,'SG',1,0),(1533,100,'SA',1,0),(1534,100,'SB',1,0),(1535,100,'SS',1,0),(1536,100,'SU',1,0),(1537,100,'YO',1,0),(1538,101,'TEH',1,0),(1539,101,'QOM',1,0),(1540,101,'MKZ',1,0),(1541,101,'QAZ',1,0),(1542,101,'GIL',1,0),(1543,101,'ARD',1,0),(1544,101,'ZAN',1,0),(1545,101,'EAZ',1,0),(1546,101,'WEZ',1,0),(1547,101,'KRD',1,0),(1548,101,'HMD',1,0),(1549,101,'KRM',1,0),(1550,101,'ILM',1,0),(1551,101,'LRS',1,0),(1552,101,'KZT',1,0),(1553,101,'CMB',1,0),(1554,101,'KBA',1,0),(1555,101,'BSH',1,0),(1556,101,'FAR',1,0),(1557,101,'HRM',1,0),(1558,101,'SBL',1,0),(1559,101,'KRB',1,0),(1560,101,'YZD',1,0),(1561,101,'EFH',1,0),(1562,101,'SMN',1,0),(1563,101,'MZD',1,0),(1564,101,'GLS',1,0),(1565,101,'NKH',1,0),(1566,101,'RKH',1,0),(1567,101,'SKH',1,0),(1568,102,'BD',1,0),(1569,102,'SD',1,0),(1570,102,'DY',1,0),(1571,102,'WS',1,0),(1572,102,'MY',1,0),(1573,102,'BA',1,0),(1574,102,'DQ',1,0),(1575,102,'MU',1,0),(1576,102,'QA',1,0),(1577,102,'BB',1,0),(1578,102,'KB',1,0),(1579,102,'NJ',1,0),(1580,102,'AB',1,0),(1581,102,'NN',1,0),(1582,102,'DH',1,0),(1583,102,'AL',1,0),(1584,102,'TM',1,0),(1585,102,'SL',1,0),(1586,103,'CA',1,0),(1587,103,'CV',1,0),(1588,103,'CL',1,0),(1589,103,'CO',1,0),(1590,103,'DO',1,0),(1591,103,'DU',1,0),(1592,103,'GA',1,0),(1593,103,'KE',1,0),(1594,103,'KI',1,0),(1595,103,'KL',1,0),(1596,103,'LA',1,0),(1597,103,'LE',1,0),(1598,103,'LI',1,0),(1599,103,'LO',1,0),(1600,103,'LU',1,0),(1601,103,'MA',1,0),(1602,103,'ME',1,0),(1603,103,'MO',1,0),(1604,103,'OF',1,0),(1605,103,'RO',1,0),(1606,103,'SL',1,0),(1607,103,'TI',1,0),(1608,103,'WA',1,0),(1609,103,'WE',1,0),(1610,103,'WX',1,0),(1611,103,'WI',1,0),(1612,104,'BS',1,0),(1613,104,'BH',1,0),(1614,104,'EA',1,0),(1615,104,'GA',1,0),(1616,104,'HA',1,0),(1617,104,'JM',1,0),(1618,104,'JE',1,0),(1619,104,'NE',1,0),(1620,104,'SE',1,0),(1621,104,'SH',1,0),(1622,104,'TA',1,0),(3860,105,'CL',1,0),(3842,105,'AG',1,0),(3843,105,'AL',1,0),(3844,105,'AN',1,0),(3845,105,'AO',1,0),(3846,105,'AR',1,0),(3847,105,'AP',1,0),(3848,105,'AT',1,0),(3849,105,'AV',1,0),(3850,105,'BA',1,0),(3851,105,'BL',1,0),(3852,105,'BN',1,0),(3853,105,'BG',1,0),(3854,105,'BI',1,0),(3855,105,'BO',1,0),(3856,105,'BZ',1,0),(3857,105,'BS',1,0),(3858,105,'BR',1,0),(3859,105,'CA',1,0),(1643,106,'CLA',1,0),(1644,106,'HAN',1,0),(1645,106,'KIN',1,0),(1646,106,'MAN',1,0),(1647,106,'POR',1,0),(1648,106,'AND',1,0),(1649,106,'ANN',1,0),(1650,106,'CAT',1,0),(1651,106,'ELI',1,0),(1652,106,'JAM',1,0),(1653,106,'MAR',1,0),(1654,106,'THO',1,0),(1655,106,'TRL',1,0),(1656,106,'WML',1,0),(1657,107,'AI',1,0),(1658,107,'AK',1,0),(1659,107,'AO',1,0),(1660,107,'CH',1,0),(1661,107,'EH',1,0),(1662,107,'FK',1,0),(1663,107,'FU',1,0),(1664,107,'FS',1,0),(1665,107,'GI',1,0),(1666,107,'GU',1,0),(1667,107,'HI',1,0),(1668,107,'HO',1,0),(1669,107,'HY',1,0),(1670,107,'IB',1,0),(1671,107,'IS',1,0),(1672,107,'IW',1,0),(1673,107,'KA',1,0),(1674,107,'KG',1,0),(1675,107,'KN',1,0),(1676,107,'KO',1,0),(1677,107,'KU',1,0),(1678,107,'KY',1,0),(1679,107,'MI',1,0),(1680,107,'MY',1,0),(1681,107,'MZ',1,0),(1682,107,'NA',1,0),(1683,107,'NG',1,0),(1684,107,'NR',1,0),(1685,107,'NI',1,0),(1686,107,'OI',1,0),(1687,107,'OK',1,0),(1688,107,'ON',1,0),(1689,107,'OS',1,0),(1690,107,'SA',1,0),(1691,107,'SI',1,0),(1692,107,'SH',1,0),(1693,107,'SM',1,0),(1694,107,'SZ',1,0),(1695,107,'TO',1,0),(1696,107,'TS',1,0),(1697,107,'TK',1,0),(1698,107,'TT',1,0),(1699,107,'TY',1,0),(1700,107,'WA',1,0),(1701,107,'YA',1,0),(1702,107,'YM',1,0),(1703,107,'YN',1,0),(1704,108,'AM',1,0),(1705,108,'AJ',1,0),(1706,108,'AA',1,0),(1707,108,'AB',1,0),(1708,108,'AK',1,0),(1709,108,'AL',1,0),(1710,108,'AT',1,0),(1711,108,'AZ',1,0),(1712,108,'IR',1,0),(1713,108,'JA',1,0),(1714,108,'MA',1,0),(1715,108,'MD',1,0),(1716,109,'AL',1,0),(1717,109,'AC',1,0),(1718,109,'AM',1,0),(1719,109,'AQ',1,0),(1720,109,'AS',1,0),(1721,109,'AT',1,0),(1722,109,'BA',1,0),(1723,109,'BY',1,0),(1724,109,'MA',1,0),(1725,109,'ON',1,0),(1726,109,'PA',1,0),(1727,109,'QA',1,0),(1728,109,'QO',1,0),(1729,109,'QY',1,0),(1730,109,'SH',1,0),(1731,109,'SO',1,0),(1732,109,'ZH',1,0),(1733,110,'CE',1,0),(1734,110,'CO',1,0),(1735,110,'EA',1,0),(1736,110,'NA',1,0),(1737,110,'NE',1,0),(1738,110,'NY',1,0),(1739,110,'RV',1,0),(1740,110,'WE',1,0),(1741,111,'AG',1,0),(1742,111,'AM',1,0),(1743,111,'AK',1,0),(1744,111,'AO',1,0),(1745,111,'BA',1,0),(1746,111,'BE',1,0),(1747,111,'bT',1,0),(1748,111,'KA',1,0),(1749,111,'KR',1,0),(1750,111,'KU',1,0),(1751,111,'MI',1,0),(1752,111,'MN',1,0),(1753,111,'ME',1,0),(1754,111,'NI',1,0),(1755,111,'NO',1,0),(1756,111,'ON',1,0),(1757,111,'TT',1,0),(1758,111,'TR',1,0),(1759,111,'TM',1,0),(1760,111,'TW',1,0),(1761,111,'TE',1,0),(1762,112,'CHA',1,0),(1763,112,'HAB',1,0),(1764,112,'HAN',1,0),(1765,112,'HWB',1,0),(1766,112,'HWN',1,0),(1767,112,'KAN',1,0),(1768,112,'PYB',1,0),(1769,112,'PYN',1,0),(1770,112,'YAN',1,0),(1771,112,'NAJ',1,0),(1772,112,'PYO',1,0),(1773,113,'CO',1,0),(1774,113,'CH',1,0),(1775,113,'CD',1,0),(1776,113,'CB',1,0),(1777,113,'CN',1,0),(1778,113,'IG',1,0),(1779,113,'KA',1,0),(1780,113,'KG',1,0),(1781,113,'KD',1,0),(1782,113,'KB',1,0),(1783,113,'KN',1,0),(1784,113,'PG',1,0),(1785,113,'SO',1,0),(1786,113,'TA',1,0),(1787,113,'TG',1,0),(1788,114,'AL',1,0),(1789,114,'AA',1,0),(1790,114,'AF',1,0),(1791,114,'AJ',1,0),(1792,114,'HA',1,0),(1793,115,'GB',1,0),(1794,115,'B',1,0),(1795,115,'C',1,0),(1796,115,'J',1,0),(1797,115,'N',1,0),(1798,115,'O',1,0),(1799,115,'T',1,0),(1800,115,'Y',1,0),(1801,116,'VT',1,0),(1802,116,'AT',1,0),(1803,116,'BK',1,0),(1804,116,'BL',1,0),(1805,116,'CH',1,0),(1806,116,'HO',1,0),(1807,116,'KH',1,0),(1808,116,'LM',1,0),(1809,116,'LP',1,0),(1810,116,'OU',1,0),(1811,116,'PH',1,0),(1812,116,'SL',1,0),(1813,116,'SV',1,0),(1814,116,'VI',1,0),(1815,116,'XA',1,0),(1816,116,'XE',1,0),(1817,116,'XI',1,0),(1818,116,'XN',1,0),(1819,117,'AIZ',1,0),(1820,117,'ALU',1,0),(1821,117,'BAL',1,0),(1822,117,'BAU',1,0),(1823,117,'CES',1,0),(1824,117,'DGR',1,0),(1825,117,'DOB',1,0),(1826,117,'GUL',1,0),(1827,117,'JEK',1,0),(1828,117,'JGR',1,0),(1829,117,'KRA',1,0),(1830,117,'KUL',1,0),(1831,117,'LPR',1,0),(1832,117,'LIM',1,0),(1833,117,'LUD',1,0),(1834,117,'MAD',1,0),(1835,117,'OGR',1,0),(1836,117,'PRE',1,0),(1837,117,'RZR',1,0),(1838,117,'RGR',1,0),(1839,117,'SAL',1,0),(1840,117,'TAL',1,0),(1841,117,'TUK',1,0),(1842,117,'VLK',1,0),(1843,117,'VLM',1,0),(1844,117,'VSR',1,0),(1845,117,'DGV',1,0),(1846,117,'JGV',1,0),(1847,117,'JUR',1,0),(1848,117,'LPK',1,0),(1849,117,'RZK',1,0),(1850,117,'RGA',1,0),(1851,117,'VSL',1,0),(1852,119,'BE',1,0),(1853,119,'BB',1,0),(1854,119,'LE',1,0),(1855,119,'MF',1,0),(1856,119,'MS',1,0),(1857,119,'MH',1,0),(1858,119,'MK',1,0),(1859,119,'QN',1,0),(1860,119,'QT',1,0),(1861,119,'TT',1,0),(1862,120,'BI',1,0),(1863,120,'BG',1,0),(1864,120,'GB',1,0),(1865,120,'CM',1,0),(1866,120,'GG',1,0),(1867,120,'GK',1,0),(1868,120,'LO',1,0),(1869,120,'MG',1,0),(1870,120,'ML',1,0),(1871,120,'MS',1,0),(1872,120,'NB',1,0),(1873,120,'RC',1,0),(1874,120,'SN',1,0),(1875,121,'AJ',1,0),(1876,121,'AZ',1,0),(1877,121,'FA',1,0),(1878,121,'JA',1,0),(1879,121,'JU',1,0),(1880,121,'KH',1,0),(1881,121,'KU',1,0),(1882,121,'NK',1,0),(1883,121,'AS',1,0),(1884,121,'AW',1,0),(1885,121,'ZA',1,0),(1886,121,'BA',1,0),(1887,121,'DA',1,0),(1888,121,'GD',1,0),(1889,121,'GY',1,0),(1890,121,'MI',1,0),(1891,121,'MZ',1,0),(1892,121,'SB',1,0),(1893,121,'SW',1,0),(1894,121,'SU',1,0),(1895,121,'TL',1,0),(1896,121,'TH',1,0),(1897,121,'TU',1,0),(1898,121,'YA',1,0),(1899,121,'ZL',1,0),(1900,122,'V',1,0),(1901,122,'A',1,0),(1902,122,'B',1,0),(1903,122,'N',1,0),(1904,122,'E',1,0),(1905,122,'M',1,0),(1906,122,'T',1,0),(1907,122,'R',1,0),(1908,122,'G',1,0),(1909,122,'L',1,0),(1910,122,'P',1,0),(1911,123,'AL',1,0),(1912,123,'KA',1,0),(1913,123,'KL',1,0),(1914,123,'MA',1,0),(1915,123,'PA',1,0),(1916,123,'SI',1,0),(1917,123,'TA',1,0),(1918,123,'TE',1,0),(1919,123,'UT',1,0),(1920,123,'VI',1,0),(1921,124,'DD',1,0),(1922,124,'DC',1,0),(1923,124,'DR',1,0),(1924,124,'DV',1,0),(1925,124,'DW',1,0),(1926,124,'GG',1,0),(1927,124,'GE',1,0),(1928,124,'GR',1,0),(1929,124,'LL',1,0),(1930,124,'LC',1,0),(1931,124,'LE',1,0),(1932,124,'LM',1,0),(1933,125,'OLF',1,0),(1934,125,'ANT',1,0),(1935,125,'LAZ',1,0),(1936,125,'CAT',1,0),(1937,125,'LAW',1,0),(1938,127,'AN',1,0),(1939,127,'AS',1,0),(1940,127,'FN',1,0),(1941,127,'MJ',1,0),(1942,127,'TM',1,0),(1943,127,'TL',1,0),(1944,128,'BLK',1,0),(1945,128,'BLT',1,0),(1946,128,'CKW',1,0),(1947,128,'CRD',1,0),(1948,128,'CTP',1,0),(1949,128,'DDZ',1,0),(1950,128,'DWA',1,0),(1951,128,'KRG',1,0),(1952,128,'KSG',1,0),(1953,128,'LKM',1,0),(1954,128,'LLG',1,0),(1955,128,'MCG',1,0),(1956,128,'MGC',1,0),(1957,128,'MCH',1,0),(1958,128,'MLJ',1,0),(1959,128,'MWZ',1,0),(1960,128,'MZM',1,0),(1961,128,'NTU',1,0),(1962,128,'NKB',1,0),(1963,128,'NKH',1,0),(1964,128,'NSJ',1,0),(1965,128,'NTI',1,0),(1966,128,'PHL',1,0),(1967,128,'RMP',1,0),(1968,128,'SLM',1,0),(1969,128,'THY',1,0),(1970,128,'ZBA',1,0),(1971,129,'JO',1,0),(1972,129,'KE',1,0),(1973,129,'KL',1,0),(1974,129,'LA',1,0),(1975,129,'ME',1,0),(1976,129,'NS',1,0),(1977,129,'PA',1,0),(1978,129,'PE',1,0),(1979,129,'PR',1,0),(1980,129,'PP',1,0),(1981,129,'SA',1,0),(1982,129,'SR',1,0),(1983,129,'SE',1,0),(1984,129,'TE',1,0),(1985,129,'WP',1,0),(1986,130,'THU',1,0),(1987,130,'THD',1,0),(1988,130,'MLU',1,0),(1989,130,'MLD',1,0),(1990,130,'MAU',1,0),(1991,130,'MAD',1,0),(1992,130,'FAA',1,0),(1993,130,'MAA',1,0),(1994,130,'AAU',1,0),(1995,130,'AAD',1,0),(1996,130,'FEA',1,0),(1997,130,'MUA',1,0),(1998,130,'NAU',1,0),(1999,130,'NAD',1,0),(2000,130,'KLH',1,0),(2001,130,'HDH',1,0),(2002,130,'HAU',1,0),(2003,130,'HAD',1,0),(2004,130,'FMU',1,0),(2005,130,'ADD',1,0),(2006,131,'GA',1,0),(2007,131,'KY',1,0),(2008,131,'KD',1,0),(2009,131,'KL',1,0),(2010,131,'MP',1,0),(2011,131,'SG',1,0),(2012,131,'SK',1,0),(2013,131,'TB',1,0),(2014,131,'CD',1,0),(2015,132,'ATT',1,0),(2016,132,'BAL',1,0),(2017,132,'BGU',1,0),(2018,132,'BKK',1,0),(2019,132,'BRZ',1,0),(2020,132,'BOR',1,0),(2021,132,'DIN',1,0),(2022,132,'FGU',1,0),(2023,132,'FLO',1,0),(2024,132,'GDJ',1,0),(2025,132,'GZR',1,0),(2026,132,'GRG',1,0),(2027,132,'GXQ',1,0),(2028,132,'HMR',1,0),(2029,132,'IKL',1,0),(2030,132,'ISL',1,0),(2031,132,'KLK',1,0),(2032,132,'KRK',1,0),(2033,132,'LIJ',1,0),(2034,132,'LUQ',1,0),(2035,132,'MRS',1,0),(2036,132,'MKL',1,0),(2037,132,'MXL',1,0),(2038,132,'MDN',1,0),(2039,132,'MEL',1,0),(2040,132,'MGR',1,0),(2041,132,'MST',1,0),(2042,132,'MQA',1,0),(2043,132,'MSI',1,0),(2044,132,'MTF',1,0),(2045,132,'NAX',1,0),(2046,132,'PAO',1,0),(2047,132,'PEM',1,0),(2048,132,'PIE',1,0),(2049,132,'QOR',1,0),(2050,132,'QRE',1,0),(2051,132,'RAB',1,0),(2052,132,'SAF',1,0),(2053,132,'SGI',1,0),(2054,132,'SLU',1,0),(2055,132,'SPB',1,0),(2056,132,'SGW',1,0),(2057,132,'SVE',1,0),(2058,132,'SIG',1,0),(2059,132,'SLM',1,0),(2060,132,'SWQ',1,0),(2061,132,'TXB',1,0),(2062,132,'TRX',1,0),(2063,132,'VLT',1,0),(2064,132,'XGJ',1,0),(2065,132,'ZBR',1,0),(2066,132,'ZBG',1,0),(2067,132,'ZJT',1,0),(2068,132,'ZRQ',1,0),(2069,132,'FNT',1,0),(2070,132,'GHJ',1,0),(2071,132,'GHR',1,0),(2072,132,'GHS',1,0),(2073,132,'KRC',1,0),(2074,132,'MUN',1,0),(2075,132,'NAD',1,0),(2076,132,'QAL',1,0),(2077,132,'VIC',1,0),(2078,132,'SLA',1,0),(2079,132,'SNT',1,0),(2080,132,'ZAG',1,0),(2081,132,'XEW',1,0),(2082,132,'ZEB',1,0),(2083,133,'ALG',1,0),(2084,133,'ALL',1,0),(2085,133,'ALK',1,0),(2086,133,'ARN',1,0),(2087,133,'AUR',1,0),(2088,133,'BKR',1,0),(2089,133,'BKN',1,0),(2090,133,'BKK',1,0),(2091,133,'EBN',1,0),(2092,133,'ENT',1,0),(2093,133,'EKB',1,0),(2094,133,'JBT',1,0),(2095,133,'JLT',1,0),(2096,133,'JEM',1,0),(2097,133,'KIL',1,0),(2098,133,'KWJ',1,0),(2099,133,'LAE',1,0),(2100,133,'LIB',1,0),(2101,133,'LKP',1,0),(2102,133,'MJR',1,0),(2103,133,'MLP',1,0),(2104,133,'MJT',1,0),(2105,133,'MIL',1,0),(2106,133,'NMK',1,0),(2107,133,'NAM',1,0),(2108,133,'RGL',1,0),(2109,133,'RGK',1,0),(2110,133,'TOK',1,0),(2111,133,'UJA',1,0),(2112,133,'UJL',1,0),(2113,133,'UTK',1,0),(2114,133,'WTH',1,0),(2115,133,'WTJ',1,0),(2116,135,'AD',1,0),(2117,135,'AS',1,0),(2118,135,'BR',1,0),(2119,135,'DN',1,0),(2120,135,'GO',1,0),(2121,135,'GM',1,0),(2122,135,'HC',1,0),(2123,135,'HG',1,0),(2124,135,'IN',1,0),(2125,135,'TA',1,0),(2126,135,'TZ',1,0),(2127,135,'TR',1,0),(2128,135,'NO',1,0),(2129,136,'BR',1,0),(2130,136,'CU',1,0),(2131,136,'PU',1,0),(2132,136,'QB',1,0),(2133,136,'VP',1,0),(2134,136,'AG',1,0),(2135,136,'CC',1,0),(2136,136,'RO',1,0),(2137,136,'BL',1,0),(2138,136,'FL',1,0),(2139,136,'GP',1,0),(2140,136,'MO',1,0),(2141,136,'PA',1,0),(2142,136,'PW',1,0),(2143,136,'PL',1,0),(2144,136,'RR',1,0),(2145,136,'SA',1,0),(2146,138,'BN',1,0),(2147,138,'BS',1,0),(2148,138,'CA',1,0),(2149,138,'CI',1,0),(2150,138,'CH',1,0),(2151,138,'CZ',1,0),(2152,138,'CL',1,0),(2153,138,'DF',1,0),(2154,138,'DU',1,0),(2155,138,'GA',1,0),(2156,138,'GE',1,0),(2157,138,'HI',1,0),(2158,138,'JA',1,0),(2159,138,'ME',1,0),(2160,138,'MI',1,0),(2161,138,'MO',1,0),(2162,138,'NA',1,0),(2163,138,'NL',1,0),(2164,138,'OA',1,0),(2165,138,'PU',1,0),(2166,138,'QA',1,0),(2167,138,'QR',1,0),(2168,138,'SA',1,0),(2169,138,'SI',1,0),(2170,138,'SO',1,0),(2171,138,'TB',1,0),(2172,138,'TM',1,0),(2173,138,'TL',1,0),(2174,138,'VE',1,0),(2175,138,'YU',1,0),(2176,138,'ZA',1,0),(2177,139,'C',1,0),(2178,139,'K',1,0),(2179,139,'P',1,0),(2180,139,'Y',1,0),(2181,140,'GA',1,0),(2182,140,'CU',1,0),(2183,140,'BA',1,0),(2184,140,'CA',1,0),(2185,140,'ED',1,0),(2186,140,'LA',1,0),(2187,140,'OR',1,0),(2188,140,'SO',1,0),(2189,140,'TI',1,0),(2190,140,'UN',1,0),(2191,140,'SN',1,0),(2192,141,'FV',1,0),(2193,141,'LC',1,0),(2194,141,'MV',1,0),(2195,141,'MC',1,0),(2196,142,'1',1,0),(2197,142,'035',1,0),(2198,142,'037',1,0),(2199,142,'039',1,0),(2200,142,'041',1,0),(2201,142,'043',1,0),(2202,142,'046',1,0),(2203,142,'047',1,0),(2204,142,'049',1,0),(2205,142,'051',1,0),(2206,142,'053',1,0),(2207,142,'055',1,0),(2208,142,'057',1,0),(2209,142,'059',1,0),(2210,142,'061',1,0),(2211,142,'063',1,0),(2212,142,'064',1,0),(2213,142,'065',1,0),(2214,142,'067',1,0),(2215,142,'069',1,0),(2216,142,'071',1,0),(2217,142,'073',1,0),(2218,143,'A',1,0),(2219,143,'G',1,0),(2220,143,'P',1,0),(2221,144,'AGD',1,0),(2222,144,'HOC',1,0),(2223,144,'AZI',1,0),(2224,144,'BME',1,0),(2225,144,'BSL',1,0),(2226,144,'BLM',1,0),(2227,144,'CBL',1,0),(2228,144,'CHA',1,0),(2229,144,'EJA',1,0),(2230,144,'EKS',1,0),(2231,144,'ERA',1,0),(2232,144,'ESS',1,0),(2233,144,'FES',1,0),(2234,144,'FIG',1,0),(2235,144,'GLM',1,0),(2236,144,'IFR',1,0),(2237,144,'KEN',1,0),(2238,144,'KHM',1,0),(2239,144,'KHN',1,0),(2240,144,'KHO',1,0),(2241,144,'LYN',1,0),(2242,144,'LAR',1,0),(2243,144,'MRK',1,0),(2244,144,'MKN',1,0),(2245,144,'NAD',1,0),(2246,144,'ORZ',1,0),(2247,144,'OUJ',1,0),(2248,144,'RSA',1,0),(2249,144,'SAF',1,0),(2250,144,'SET',1,0),(2251,144,'SKA',1,0),(2252,144,'TGR',1,0),(2253,144,'TAN',1,0),(2254,144,'TAO',1,0),(2255,144,'TRD',1,0),(2256,144,'TAT',1,0),(2257,144,'TAZ',1,0),(2258,144,'TET',1,0),(2259,144,'TIZ',1,0),(2260,144,'ADK',1,0),(2261,144,'BJD',1,0),(2262,144,'ESM',1,0),(2263,145,'CD',1,0),(2264,145,'GZ',1,0),(2265,145,'IN',1,0),(2266,145,'MN',1,0),(2267,145,'MC',1,0),(2268,145,'MP',1,0),(2269,145,'NA',1,0),(2270,145,'NI',1,0),(2271,145,'SO',1,0),(2272,145,'TE',1,0),(2273,145,'ZA',1,0),(2274,146,'AY',1,0),(2275,146,'BG',1,0),(2276,146,'MG',1,0),(2277,146,'MD',1,0),(2278,146,'SG',1,0),(2279,146,'TN',1,0),(2280,146,'YG',1,0),(2281,146,'CH',1,0),(2282,146,'KC',1,0),(2283,146,'KH',1,0),(2284,146,'KN',1,0),(2285,146,'MN',1,0),(2286,146,'RK',1,0),(2287,146,'SH',1,0),(2288,147,'CA',1,0),(2289,147,'ER',1,0),(2290,147,'HA',1,0),(2291,147,'KR',1,0),(2292,147,'KV',1,0),(2293,147,'KH',1,0),(2294,147,'KU',1,0),(2295,147,'OW',1,0),(2296,147,'OK',1,0),(2297,147,'OT',1,0),(2298,147,'ON',1,0),(2299,147,'OO',1,0),(2300,147,'OJ',1,0),(2301,148,'AO',1,0),(2302,148,'AA',1,0),(2303,148,'AT',1,0),(2304,148,'AI',1,0),(2305,148,'BA',1,0),(2306,148,'BO',1,0),(2307,148,'BU',1,0),(2308,148,'DE',1,0),(2309,148,'EW',1,0),(2310,148,'IJ',1,0),(2311,148,'ME',1,0),(2312,148,'NI',1,0),(2313,148,'UA',1,0),(2314,148,'YA',1,0),(2315,149,'BA',1,0),(2316,149,'BH',1,0),(2317,149,'DH',1,0),(2318,149,'GA',1,0),(2319,149,'JA',1,0),(2320,149,'KA',1,0),(2321,149,'KO',1,0),(2322,149,'LU',1,0),(2323,149,'MA',1,0),(2324,149,'ME',1,0),(2325,149,'NA',1,0),(2326,149,'RA',1,0),(2327,149,'SA',1,0),(2328,149,'SE',1,0),(2329,150,'DR',1,0),(2330,150,'FL',1,0),(2331,150,'FR',1,0),(2332,150,'GE',1,0),(2333,150,'GR',1,0),(2334,150,'LI',1,0),(2335,150,'NB',1,0),(2336,150,'NH',1,0),(2337,150,'OV',1,0),(2338,150,'UT',1,0),(2339,150,'ZE',1,0),(2340,150,'ZH',1,0),(2341,152,'L',1,0),(2342,152,'N',1,0),(2343,152,'S',1,0),(2344,153,'AUK',1,0),(2345,153,'BOP',1,0),(2346,153,'CAN',1,0),(2347,153,'COR',1,0),(2348,153,'GIS',1,0),(2349,153,'FIO',1,0),(2350,153,'HKB',1,0),(2351,153,'MBH',1,0),(2352,153,'MWT',1,0),(2353,153,'MCM',1,0),(2354,153,'NSN',1,0),(2355,153,'NTL',1,0),(2356,153,'OTA',1,0),(2357,153,'STL',1,0),(2358,153,'TKI',1,0),(2359,153,'WGN',1,0),(2360,153,'WKO',1,0),(2361,153,'WAI',1,0),(2362,153,'WTC',1,0),(2363,154,'AN',1,0),(2364,154,'AS',1,0),(2365,154,'BO',1,0),(2366,154,'CA',1,0),(2367,154,'CI',1,0),(2368,154,'CO',1,0),(2369,154,'ES',1,0),(2370,154,'GR',1,0),(2371,154,'JI',1,0),(2372,154,'LE',1,0),(2373,154,'MD',1,0),(2374,154,'MN',1,0),(2375,154,'MS',1,0),(2376,154,'MT',1,0),(2377,154,'NS',1,0),(2378,154,'RS',1,0),(2379,154,'RI',1,0),(2380,155,'AG',1,0),(2381,155,'DF',1,0),(2382,155,'DS',1,0),(2383,155,'MA',1,0),(2384,155,'NM',1,0),(2385,155,'TH',1,0),(2386,155,'TL',1,0),(2387,155,'ZD',1,0),(2388,156,'AB',1,0),(2389,156,'CT',1,0),(2390,156,'AD',1,0),(2391,156,'AK',1,0),(2392,156,'AN',1,0),(2393,156,'BC',1,0),(2394,156,'BY',1,0),(2395,156,'BN',1,0),(2396,156,'BO',1,0),(2397,156,'CR',1,0),(2398,156,'DE',1,0),(2399,156,'EB',1,0),(2400,156,'ED',1,0),(2401,156,'EK',1,0),(2402,156,'EN',1,0),(2403,156,'GO',1,0),(2404,156,'IM',1,0),(2405,156,'JI',1,0),(2406,156,'KD',1,0),(2407,156,'KN',1,0),(2408,156,'KT',1,0),(2409,156,'KE',1,0),(2410,156,'KO',1,0),(2411,156,'KW',1,0),(2412,156,'LA',1,0),(2413,156,'NA',1,0),(2414,156,'NI',1,0),(2415,156,'OG',1,0),(2416,156,'ONG',1,0),(2417,156,'OS',1,0),(2418,156,'OY',1,0),(2419,156,'PL',1,0),(2420,156,'RI',1,0),(2421,156,'SO',1,0),(2422,156,'TA',1,0),(2423,156,'YO',1,0),(2424,156,'ZA',1,0),(2425,159,'N',1,0),(2426,159,'R',1,0),(2427,159,'S',1,0),(2428,159,'T',1,0),(2429,160,'AK',1,0),(2430,160,'AA',1,0),(2431,160,'BU',1,0),(2432,160,'FM',1,0),(2433,160,'HM',1,0),(2434,160,'HL',1,0),(2435,160,'MR',1,0),(2436,160,'NT',1,0),(2437,160,'NL',1,0),(2438,160,'OF',1,0),(2439,160,'OP',1,0),(2440,160,'OL',1,0),(2441,160,'RL',1,0),(2442,160,'ST',1,0),(2443,160,'SJ',1,0),(2444,160,'SV',1,0),(2445,160,'TM',1,0),(2446,160,'TR',1,0),(2447,160,'VA',1,0),(2448,160,'VF',1,0),(2449,161,'DA',1,0),(2450,161,'BA',1,0),(2451,161,'WU',1,0),(2452,161,'SH',1,0),(2453,161,'ZA',1,0),(2454,161,'MA',1,0),(2455,161,'MU',1,0),(2456,161,'ZU',1,0),(2457,162,'B',1,0),(2458,162,'T',1,0),(2459,162,'I',1,0),(2460,162,'N',1,0),(2461,162,'P',1,0),(2462,162,'S',1,0),(2463,163,'AM',1,0),(2464,163,'AR',1,0),(2465,163,'AN',1,0),(2466,163,'HA',1,0),(2467,163,'KA',1,0),(2468,163,'KO',1,0),(2469,163,'ME',1,0),(2470,163,'NA',1,0),(2471,163,'NG',1,0),(2472,163,'ND',1,0),(2473,163,'NT',1,0),(2474,163,'NC',1,0),(2475,163,'NR',1,0),(2476,163,'NW',1,0),(2477,163,'PE',1,0),(2478,163,'SO',1,0),(2479,164,'BT',1,0),(2480,164,'CH',1,0),(2481,164,'CC',1,0),(2482,164,'CL',1,0),(2483,164,'DA',1,0),(2484,164,'HE',1,0),(2485,164,'LS',1,0),(2486,164,'PA',1,0),(2487,164,'SB',1,0),(2488,164,'VG',1,0),(2489,165,'BV',1,0),(2490,165,'CE',1,0),(2491,165,'CH',1,0),(2492,165,'EH',1,0),(2493,165,'EB',1,0),(2494,165,'ES',1,0),(2495,165,'EN',1,0),(2496,165,'GU',1,0),(2497,165,'MD',1,0),(2498,165,'MN',1,0),(2499,165,'MB',1,0),(2500,165,'MR',1,0),(2501,165,'NC',1,0),(2502,165,'NI',1,0),(2503,165,'NO',1,0),(2504,165,'SA',1,0),(2505,165,'SH',1,0),(2506,165,'WE',1,0),(2507,165,'WH',1,0),(2508,165,'WB',1,0),(2509,166,'AG',1,0),(2510,166,'AN',1,0),(2511,166,'AM',1,0),(2512,166,'AS',1,0),(2513,166,'BO',1,0),(2514,166,'CG',1,0),(2515,166,'CZ',1,0),(2516,166,'CN',1,0),(2517,166,'CE',1,0),(2518,166,'CC',1,0),(2519,166,'CD',1,0),(2520,166,'GU',1,0),(2521,166,'IT',1,0),(2522,166,'MI',1,0),(2523,166,'NE',1,0),(2524,166,'PA',1,0),(2525,166,'PH',1,0),(2526,166,'SP',1,0),(2527,167,'AM',1,0),(2528,167,'AN',1,0),(2529,167,'AP',1,0),(2530,167,'AR',1,0),(2531,167,'AY',1,0),(2532,167,'CJ',1,0),(2533,167,'CL',1,0),(2534,167,'CU',1,0),(2535,167,'HV',1,0),(2536,167,'HO',1,0),(2537,167,'IC',1,0),(2538,167,'JU',1,0),(2539,167,'LD',1,0),(2540,167,'LY',1,0),(2541,167,'LI',1,0),(2542,167,'LO',1,0),(2543,167,'MD',1,0),(2544,167,'MO',1,0),(2545,167,'PA',1,0),(2546,167,'PI',1,0),(2547,167,'PU',1,0),(2548,167,'SM',1,0),(2549,167,'TA',1,0),(2550,167,'TU',1,0),(2551,167,'UC',1,0),(2552,168,'ABR',1,0),(2553,168,'ANO',1,0),(2554,168,'ASU',1,0),(2555,168,'AKL',1,0),(2556,168,'ALB',1,0),(2557,168,'ANT',1,0),(2558,168,'APY',1,0),(2559,168,'AUR',1,0),(2560,168,'BAS',1,0),(2561,168,'BTA',1,0),(2562,168,'BTE',1,0),(2563,168,'BTG',1,0),(2564,168,'BLR',1,0),(2565,168,'BEN',1,0),(2566,168,'BOL',1,0),(2567,168,'BUK',1,0),(2568,168,'BUL',1,0),(2569,168,'CAG',1,0),(2570,168,'CNO',1,0),(2571,168,'CSU',1,0),(2572,168,'CAM',1,0),(2573,168,'CAP',1,0),(2574,168,'CAT',1,0),(2575,168,'CAV',1,0),(2576,168,'CEB',1,0),(2577,168,'CMP',1,0),(2578,168,'DNO',1,0),(2579,168,'DSU',1,0),(2580,168,'DOR',1,0),(2581,168,'ESA',1,0),(2582,168,'GUI',1,0),(2583,168,'IFU',1,0),(2584,168,'INO',1,0),(2585,168,'ISU',1,0),(2586,168,'ILO',1,0),(2587,168,'ISA',1,0),(2588,168,'KAL',1,0),(2589,168,'LAG',1,0),(2590,168,'LNO',1,0),(2591,168,'LSU',1,0),(2592,168,'UNI',1,0),(2593,168,'LEY',1,0),(2594,168,'MAG',1,0),(2595,168,'MRN',1,0),(2596,168,'MSB',1,0),(2597,168,'MIC',1,0),(2598,168,'MIR',1,0),(2599,168,'MSC',1,0),(2600,168,'MOR',1,0),(2601,168,'MOP',1,0),(2602,168,'NOC',1,0),(2603,168,'NOR',1,0),(2604,168,'NCT',1,0),(2605,168,'NSM',1,0),(2606,168,'NEC',1,0),(2607,168,'NVZ',1,0),(2608,168,'PLW',1,0),(2609,168,'PMP',1,0),(2610,168,'PNG',1,0),(2611,168,'QZN',1,0),(2612,168,'QRN',1,0),(2613,168,'RIZ',1,0),(2614,168,'ROM',1,0),(2615,168,'SMR',1,0),(2616,168,'SRG',1,0),(2617,168,'SQJ',1,0),(2618,168,'SRS',1,0),(2619,168,'SCO',1,0),(2620,168,'SLE',1,0),(2621,168,'SKU',1,0),(2622,168,'SLU',1,0),(2623,168,'SNO',1,0),(2624,168,'SSU',1,0),(2625,168,'TAR',1,0),(2626,168,'TAW',1,0),(2627,168,'ZBL',1,0),(2628,168,'ZNO',1,0),(2629,168,'ZSU',1,0),(2630,168,'ZSI',1,0),(2631,170,'DO',1,0),(2632,170,'KP',1,0),(2633,170,'LO',1,0),(2634,170,'LL',1,0),(2635,170,'LU',1,0),(2636,170,'ML',1,0),(2637,170,'MZ',1,0),(2638,170,'OP',1,0),(2639,170,'PP',1,0),(2640,170,'PL',1,0),(2641,170,'PM',1,0),(2642,170,'SL',1,0),(2643,170,'SW',1,0),(2644,170,'WM',1,0),(2645,170,'WP',1,0),(2646,170,'ZA',1,0),(2647,198,'P',1,0),(2648,198,'M',1,0),(2649,171,'AC',1,0),(2650,171,'AV',1,0),(2651,171,'BE',1,0),(2652,171,'BR',1,0),(2653,171,'BA',1,0),(2654,171,'CB',1,0),(2655,171,'CO',1,0),(2656,171,'EV',1,0),(2657,171,'FA',1,0),(2658,171,'GU',1,0),(2659,171,'LE',1,0),(2660,171,'LI',1,0),(2661,171,'ME',1,0),(2662,171,'PO',1,0),(2663,171,'PR',1,0),(2664,171,'SA',1,0),(2665,171,'SE',1,0),(2666,171,'VC',1,0),(2667,171,'VR',1,0),(2668,171,'VI',1,0),(2669,173,'DW',1,0),(2670,173,'GW',1,0),(2671,173,'JM',1,0),(2672,173,'KR',1,0),(2673,173,'WK',1,0),(2674,173,'RN',1,0),(2675,173,'JB',1,0),(2676,173,'MS',1,0),(2677,173,'UD',1,0),(2678,173,'UL',1,0),(2679,175,'AB',1,0),(2680,175,'AR',1,0),(2681,175,'AG',1,0),(2682,175,'BC',1,0),(2683,175,'BH',1,0),(2684,175,'BN',1,0),(2685,175,'BT',1,0),(2686,175,'BV',1,0),(2687,175,'BR',1,0),(2688,175,'B',1,0),(2689,175,'BZ',1,0),(2690,175,'CS',1,0),(2691,175,'CL',1,0),(2692,175,'CJ',1,0),(2693,175,'CT',1,0),(2694,175,'CV',1,0),(2695,175,'DB',1,0),(2696,175,'DJ',1,0),(2697,175,'GL',1,0),(2698,175,'GR',1,0),(2699,175,'GJ',1,0),(2700,175,'HR',1,0),(2701,175,'HD',1,0),(2702,175,'IL',1,0),(2703,175,'IS',1,0),(2704,175,'IF',1,0),(2705,175,'MM',1,0),(2706,175,'MH',1,0),(2707,175,'MS',1,0),(2708,175,'NT',1,0),(2709,175,'OT',1,0),(2710,175,'PH',1,0),(2711,175,'SM',1,0),(2712,175,'SJ',1,0),(2713,175,'SB',1,0),(2714,175,'SV',1,0),(2715,175,'TR',1,0),(2716,175,'TM',1,0),(2717,175,'TL',1,0),(2718,175,'VS',1,0),(2719,175,'VL',1,0),(2720,175,'VN',1,0),(2721,176,'KK',1,0),(2722,176,'AB',1,0),(2723,176,'CHU',1,0),(2724,176,'ARK',1,0),(2725,176,'AST',1,0),(2726,176,'ALT',1,0),(2727,176,'BEL',1,0),(2728,176,'YEV',1,0),(2729,176,'AMU',1,0),(2730,176,'BRY',1,0),(2731,176,'CU',1,0),(2732,176,'CHE',1,0),(2733,176,'KC',1,0),(2734,176,'ZAB',1,0),(2735,176,'TDN',1,0),(2736,176,'KL',1,0),(2737,176,'MOS',1,0),(2738,176,'AL',1,0),(2739,176,'CE',1,0),(2740,176,'IRK',1,0),(2741,176,'IVA',1,0),(2742,176,'UD',1,0),(2743,176,'KGD',1,0),(2744,176,'KLU',1,0),(2745,176,'KIR',1,0),(2746,176,'TA',1,0),(2747,176,'KEM',1,0),(2748,176,'KHA',1,0),(2749,176,'KHM',1,0),(2750,176,'KOS',1,0),(2751,176,'KDA',1,0),(2752,176,'KYA',1,0),(2753,176,'KPO',1,0),(2754,176,'KGN',1,0),(2755,176,'KRS',1,0),(2756,176,'TY',1,0),(2757,176,'LIP',1,0),(2758,176,'MAG',1,0),(2759,176,'DA',1,0),(2760,176,'AD',1,0),(2761,176,'MOW',1,0),(2762,176,'MUR',1,0),(2763,176,'KB',1,0),(2764,176,'NEN',1,0),(2765,176,'IN',1,0),(2766,176,'NIZ',1,0),(2767,176,'NGR',1,0),(2768,176,'NVS',1,0),(2769,176,'OMS',1,0),(2770,176,'ORL',1,0),(2771,176,'ORE',1,0),(2772,176,'LEN',1,0),(2773,176,'PNZ',1,0),(2774,176,'PER',1,0),(2775,176,'KAM',1,0),(2776,176,'KR',1,0),(2777,176,'PSK',1,0),(2778,176,'ROS',1,0),(2779,176,'RYA',1,0),(2780,176,'YAN',1,0),(2781,176,'SAM',1,0),(2782,176,'MO',1,0),(2783,176,'SAR',1,0),(2784,176,'SMO',1,0),(2785,176,'SPE',1,0),(2786,176,'STA',1,0),(2787,176,'KO',1,0),(2788,176,'TAM',1,0),(2789,176,'TOM',1,0),(2790,176,'TUL',1,0),(2791,176,'EO',1,0),(2792,176,'TVE',1,0),(2793,176,'TYU',1,0),(2794,176,'BA',1,0),(2795,176,'ULY',1,0),(2796,176,'BU',1,0),(2797,176,'UOB',1,0),(2798,176,'SE',1,0),(2799,176,'VLA',1,0),(2800,176,'PRI',1,0),(2801,176,'VGG',1,0),(2802,176,'VLG',1,0),(2803,176,'VOR',1,0),(2804,176,'SAK',1,0),(2805,176,'SA',1,0),(2806,176,'YAR',1,0),(2807,176,'SVE',1,0),(2808,176,'ME',1,0),(2809,177,'BU',1,0),(2810,177,'BY',1,0),(2811,177,'CY',1,0),(2812,177,'GK',1,0),(2813,177,'GS',1,0),(2814,177,'GT',1,0),(2815,177,'KG',1,0),(2816,177,'KY',1,0),(2817,177,'KR',1,0),(2818,177,'KV',1,0),(2819,177,'RU',1,0),(2820,177,'UM',1,0),(2821,178,'CCN',1,0),(2822,178,'SAS',1,0),(2823,178,'SGB',1,0),(2824,178,'SGG',1,0),(2825,178,'SJW',1,0),(2826,178,'SJC',1,0),(2827,178,'SJF',1,0),(2828,178,'SMC',1,0),(2829,178,'CAP',1,0),(2830,178,'CHA',1,0),(2831,178,'SPB',1,0),(2832,178,'STL',1,0),(2833,178,'STM',1,0),(2834,178,'TPP',1,0),(2835,179,'AR',1,0),(2836,179,'CA',1,0),(2837,179,'CH',1,0),(2838,179,'DA',1,0),(2839,179,'DE',1,0),(2840,179,'GI',1,0),(2841,179,'LA',1,0),(2842,179,'MI',1,0),(2843,179,'PR',1,0),(2844,179,'SO',1,0),(2845,179,'VF',1,0),(2846,180,'C',1,0),(2847,180,'R',1,0),(2848,180,'A',1,0),(2849,180,'D',1,0),(2850,180,'G',1,0),(2851,180,'P',1,0),(2852,181,'AN',1,0),(2853,181,'AI',1,0),(2854,181,'AT',1,0),(2855,181,'FA',1,0),(2856,181,'GE',1,0),(2857,181,'GF',1,0),(2858,181,'PA',1,0),(2859,181,'SA',1,0),(2860,181,'TU',1,0),(2861,181,'VF',1,0),(2862,181,'VS',1,0),(2863,182,'AC',1,0),(2864,182,'BM',1,0),(2865,182,'CH',1,0),(2866,182,'DO',1,0),(2867,182,'FA',1,0),(2868,182,'FI',1,0),(2869,182,'MO',1,0),(2870,182,'SM',1,0),(2871,182,'SE',1,0),(2872,183,'S',1,0),(2873,183,'P',1,0),(2874,184,'BH',1,0),(2875,184,'HS',1,0),(2876,184,'JF',1,0),(2877,184,'MD',1,0),(2878,184,'QS',1,0),(2879,184,'RD',1,0),(2880,184,'AQ',1,0),(2881,184,'AS',1,0),(2882,184,'HL',1,0),(2883,184,'JZ',1,0),(2884,184,'ML',1,0),(2885,184,'NR',1,0),(2886,184,'TB',1,0),(2887,185,'DA',1,0),(2888,185,'DI',1,0),(2889,185,'FA',1,0),(2890,185,'KA',1,0),(2891,185,'KO',1,0),(2892,185,'LO',1,0),(2893,185,'MA',1,0),(2894,185,'SL',1,0),(2895,185,'TA',1,0),(2896,185,'TH',1,0),(2897,185,'ZI',1,0),(2898,186,'AP',1,0),(2899,186,'AB',1,0),(2900,186,'AE',1,0),(2901,186,'AL',1,0),(2902,186,'AR',1,0),(2903,186,'BL',1,0),(2904,186,'BS',1,0),(2905,186,'BV',1,0),(2906,186,'BA',1,0),(2907,186,'BO',1,0),(2908,186,'CA',1,0),(2909,186,'GL',1,0),(2910,186,'GM',1,0),(2911,186,'GP',1,0),(2912,186,'DG',1,0),(2913,186,'RA',1,0),(2914,186,'MB',1,0),(2915,186,'MF',1,0),(2916,186,'PL',1,0),(2917,186,'PR',1,0),(2918,186,'PG',1,0),(2919,186,'SL',1,0),(2920,186,'TA',1,0),(2921,187,'E',1,0),(2922,187,'N',1,0),(2923,187,'S',1,0),(2924,187,'W',1,0),(2925,189,'BA',1,0),(2926,189,'BR',1,0),(2927,189,'KO',1,0),(2928,189,'NI',1,0),(2929,189,'PR',1,0),(2930,189,'TC',1,0),(2931,189,'TV',1,0),(2932,189,'ZI',1,0),(2933,191,'CE',1,0),(2934,191,'CH',1,0),(2935,191,'GC',1,0),(2936,191,'HO',1,0),(2937,191,'IS',1,0),(2938,191,'MK',1,0),(2939,191,'ML',1,0),(2940,191,'RB',1,0),(2941,191,'TM',1,0),(2942,191,'WE',1,0),(2943,192,'AW',1,0),(2944,192,'BK',1,0),(2945,192,'BN',1,0),(2946,192,'BR',1,0),(2947,192,'BY',1,0),(2948,192,'GA',1,0),(2949,192,'GE',1,0),(2950,192,'HI',1,0),(2951,192,'JD',1,0),(2952,192,'JH',1,0),(2953,192,'MU',1,0),(2954,192,'NU',1,0),(2955,192,'SA',1,0),(2956,192,'SD',1,0),(2957,192,'SH',1,0),(2958,192,'SL',1,0),(2959,192,'TO',1,0),(2960,192,'WG',1,0),(2961,193,'EC',1,0),(2962,193,'FS',1,0),(2963,193,'GT',1,0),(2964,193,'KN',1,0),(2965,193,'LP',1,0),(2966,193,'MP',1,0),(2967,193,'NW',1,0),(2968,193,'NC',1,0),(2969,193,'WC',1,0),(2970,195,'CA',1,0),(2971,195,'AL',1,0),(2972,195,'AB',1,0),(2973,195,'AC',1,0),(2974,195,'AM',1,0),(2975,195,'AS',1,0),(2976,195,'AV',1,0),(2977,195,'BJ',1,0),(2978,195,'IB',1,0),(2979,195,'BA',1,0),(2980,195,'BU',1,0),(2981,195,'CC',1,0),(2982,195,'CZ',1,0),(2983,195,'CT',1,0),(2984,195,'CL',1,0),(2985,195,'CE',1,0),(2986,195,'CR',1,0),(2987,195,'CD',1,0),(2988,195,'CU',1,0),(2989,195,'GI',1,0),(2990,195,'GD',1,0),(2991,195,'GJ',1,0),(2992,195,'GP',1,0),(2993,195,'HL',1,0),(2994,195,'HS',1,0),(2995,195,'JN',1,0),(2996,195,'RJ',1,0),(2997,195,'PM',1,0),(2998,195,'LE',1,0),(2999,195,'LL',1,0),(3000,195,'LG',1,0),(3001,195,'MD',1,0),(3002,195,'MA',1,0),(3003,195,'ML',1,0),(3004,195,'MU',1,0),(3005,195,'NV',1,0),(3006,195,'OU',1,0),(3007,195,'PL',1,0),(3008,195,'PO',1,0),(3009,195,'SL',1,0),(3010,195,'SC',1,0),(3011,195,'SG',1,0),(3012,195,'SV',1,0),(3013,195,'SO',1,0),(3014,195,'TA',1,0),(3015,195,'TE',1,0),(3016,195,'TO',1,0),(3017,195,'VC',1,0),(3018,195,'VD',1,0),(3019,195,'VZ',1,0),(3020,195,'ZM',1,0),(3021,195,'ZR',1,0),(3022,196,'CE',1,0),(3023,196,'EA',1,0),(3024,196,'NC',1,0),(3025,196,'NO',1,0),(3026,196,'NW',1,0),(3027,196,'SA',1,0),(3028,196,'SO',1,0),(3029,196,'UV',1,0),(3030,196,'WE',1,0),(3031,197,'A',1,0),(3032,197,'S',1,0),(3033,197,'T',1,0),(3034,199,'ANL',1,0),(3035,199,'BAM',1,0),(3036,199,'BRT',1,0),(3037,199,'JZR',1,0),(3038,199,'KRT',1,0),(3039,199,'QDR',1,0),(3040,199,'WDH',1,0),(3041,199,'ANB',1,0),(3042,199,'ANZ',1,0),(3043,199,'ASH',1,0),(3044,199,'BJA',1,0),(3045,199,'GIS',1,0),(3046,199,'GBG',1,0),(3047,199,'GDA',1,0),(3048,199,'GKU',1,0),(3049,199,'JDA',1,0),(3050,199,'JKU',1,0),(3051,199,'JQL',1,0),(3052,199,'KSL',1,0),(3053,199,'NNL',1,0),(3054,199,'SBG',1,0),(3055,199,'SDA',1,0),(3056,199,'SKU',1,0),(3057,199,'SIS',1,0),(3058,199,'SNR',1,0),(3059,199,'WRB',1,0),(3060,200,'BR',1,0),(3061,200,'CM',1,0),(3062,200,'CR',1,0),(3063,200,'MA',1,0),(3064,200,'NI',1,0),(3065,200,'PA',1,0),(3066,200,'PM',1,0),(3067,200,'SA',1,0),(3068,200,'SI',1,0),(3069,200,'WA',1,0),(3070,202,'H',1,0),(3071,202,'L',1,0),(3072,202,'M',1,0),(3073,202,'S',1,0),(3074,203,'K',1,0),(3075,203,'W',1,0),(3076,203,'X',1,0),(3077,203,'I',1,0),(3078,203,'N',1,0),(3079,203,'Z',1,0),(3080,203,'F',1,0),(3081,203,'H',1,0),(3082,203,'G',1,0),(3083,203,'BD',1,0),(3084,203,'T',1,0),(3085,203,'E',1,0),(3086,203,'M',1,0),(3087,203,'D',1,0),(3088,203,'AB',1,0),(3089,203,'C',1,0),(3090,203,'S',1,0),(3091,203,'AC',1,0),(3092,203,'Y',1,0),(3093,203,'U',1,0),(3094,203,'O',1,0),(3095,204,'AG',1,0),(3096,204,'AR',1,0),(3097,204,'AI',1,0),(3098,204,'BS',1,0),(3099,204,'BL',1,0),(3100,204,'BE',1,0),(3101,204,'FR',1,0),(3102,204,'GE',1,0),(3103,204,'GL',1,0),(3104,204,'GR',1,0),(3105,204,'JU',1,0),(3106,204,'LU',1,0),(3107,204,'NE',1,0),(3108,204,'NW',1,0),(3109,204,'OW',1,0),(3110,204,'SG',1,0),(3111,204,'SH',1,0),(3112,204,'SZ',1,0),(3113,204,'SO',1,0),(3114,204,'TG',1,0),(3115,204,'TI',1,0),(3116,204,'UR',1,0),(3117,204,'VS',1,0),(3118,204,'VD',1,0),(3119,204,'ZG',1,0),(3120,204,'ZH',1,0),(3121,205,'HA',1,0),(3122,205,'LA',1,0),(3123,205,'QU',1,0),(3124,205,'RQ',1,0),(3125,205,'SU',1,0),(3126,205,'DA',1,0),(3127,205,'DZ',1,0),(3128,205,'DI',1,0),(3129,205,'HL',1,0),(3130,205,'HM',1,0),(3131,205,'HI',1,0),(3132,205,'ID',1,0),(3133,205,'RD',1,0),(3134,205,'TA',1,0),(3135,206,'CH',1,0),(3136,206,'CI',1,0),(3137,206,'HS',1,0),(3138,206,'HL',1,0),(3139,206,'IL',1,0),(3140,206,'KH',1,0),(3141,206,'KM',1,0),(3142,206,'LC',1,0),(3143,206,'ML',1,0),(3144,206,'NT',1,0),(3145,206,'PH',1,0),(3146,206,'PT',1,0),(3147,206,'TG',1,0),(3148,206,'TA',1,0),(3149,206,'TP',1,0),(3150,206,'TT',1,0),(3151,206,'TY',1,0),(3152,206,'YL',1,0),(3153,206,'CC',1,0),(3154,206,'CL',1,0),(3155,206,'HC',1,0),(3156,206,'TH',1,0),(3157,206,'TN',1,0),(3158,206,'KC',1,0),(3159,206,'TC',1,0),(3160,207,'GB',1,0),(3161,207,'KT',1,0),(3162,207,'SU',1,0),(3163,208,'AR',1,0),(3164,208,'DS',1,0),(3165,208,'DO',1,0),(3166,208,'IR',1,0),(3167,208,'KA',1,0),(3168,208,'KI',1,0),(3169,208,'KJ',1,0),(3170,208,'LN',1,0),(3171,208,'MY',1,0),(3172,208,'MR',1,0),(3173,208,'MB',1,0),(3174,208,'MO',1,0),(3175,208,'MT',1,0),(3176,208,'MW',1,0),(3177,208,'PN',1,0),(3178,208,'PS',1,0),(3179,208,'PW',1,0),(3180,208,'RK',1,0),(3181,208,'RV',1,0),(3182,208,'SH',1,0),(3183,208,'SI',1,0),(3184,208,'TB',1,0),(3185,208,'TN',1,0),(3186,208,'ZC',1,0),(3187,208,'ZN',1,0),(3188,208,'ZU',1,0),(3189,209,'Amnat Charoen',1,0),(3190,209,'Ang Thong',1,0),(3191,209,'Ayutthaya',1,0),(3192,209,'Bangkok',1,0),(3193,209,'Buriram',1,0),(3194,209,'Chachoengsao',1,0),(3195,209,'Chai Nat',1,0),(3196,209,'Chaiyaphum',1,0),(3197,209,'Chanthaburi',1,0),(3198,209,'Chiang Mai',1,0),(3199,209,'Chiang Rai',1,0),(3200,209,'Chon Buri',1,0),(3201,209,'Chumphon',1,0),(3202,209,'Kalasin',1,0),(3203,209,'Kamphaeng Phet',1,0),(3204,209,'Kanchanaburi',1,0),(3205,209,'Khon Kaen',1,0),(3206,209,'Krabi',1,0),(3207,209,'Lampang',1,0),(3208,209,'Lamphun',1,0),(3209,209,'Loei',1,0),(3210,209,'Lop Buri',1,0),(3211,209,'Mae Hong Son',1,0),(3212,209,'Maha Sarakham',1,0),(3213,209,'Mukdahan',1,0),(3214,209,'Nakhon Nayok',1,0),(3215,209,'Nakhon Pathom',1,0),(3216,209,'Nakhon Phanom',1,0),(3217,209,'Nakhon Ratchasima',1,0),(3218,209,'Nakhon Sawan',1,0),(3219,209,'Nakhon Si Thammarat',1,0),(3220,209,'Nan',1,0),(3221,209,'Narathiwat',1,0),(3222,209,'Nong Bua Lamphu',1,0),(3223,209,'Nong Khai',1,0),(3224,209,'Nonthaburi',1,0),(3225,209,'Pathum Thani',1,0),(3226,209,'Pattani',1,0),(3227,209,'Phangnga',1,0),(3228,209,'Phatthalung',1,0),(3229,209,'Phayao',1,0),(3230,209,'Phetchabun',1,0),(3231,209,'Phetchaburi',1,0),(3232,209,'Phichit',1,0),(3233,209,'Phitsanulok',1,0),(3234,209,'Phrae',1,0),(3235,209,'Phuket',1,0),(3236,209,'Prachin Buri',1,0),(3237,209,'Prachuap Khiri Khan',1,0),(3238,209,'Ranong',1,0),(3239,209,'Ratchaburi',1,0),(3240,209,'Rayong',1,0),(3241,209,'Roi Et',1,0),(3242,209,'Sa Kaeo',1,0),(3243,209,'Sakon Nakhon',1,0),(3244,209,'Samut Prakan',1,0),(3245,209,'Samut Sakhon',1,0),(3246,209,'Samut Songkhram',1,0),(3247,209,'Sara Buri',1,0),(3248,209,'Satun',1,0),(3249,209,'Sing Buri',1,0),(3250,209,'Sisaket',1,0),(3251,209,'Songkhla',1,0),(3252,209,'Sukhothai',1,0),(3253,209,'Suphan Buri',1,0),(3254,209,'Surat Thani',1,0),(3255,209,'Surin',1,0),(3256,209,'Tak',1,0),(3257,209,'Trang',1,0),(3258,209,'Trat',1,0),(3259,209,'Ubon Ratchathani',1,0),(3260,209,'Udon Thani',1,0),(3261,209,'Uthai Thani',1,0),(3262,209,'Uttaradit',1,0),(3263,209,'Yala',1,0),(3264,209,'Yasothon',1,0),(3265,210,'K',1,0),(3266,210,'P',1,0),(3267,210,'S',1,0),(3268,210,'C',1,0),(3269,210,'M',1,0),(3270,211,'A',1,0),(3271,211,'F',1,0),(3272,211,'N',1,0),(3273,212,'H',1,0),(3274,212,'T',1,0),(3275,212,'V',1,0),(3276,213,'CT',1,0),(3277,213,'DM',1,0),(3278,213,'MR',1,0),(3279,213,'PD',1,0),(3280,213,'PT',1,0),(3281,213,'SG',1,0),(3282,213,'SL',1,0),(3283,213,'SI',1,0),(3284,213,'TP',1,0),(3285,213,'PS',1,0),(3286,213,'SF',1,0),(3287,213,'AR',1,0),(3288,213,'PF',1,0),(3289,213,'CH',1,0),(3290,213,'TO',1,0),(3291,214,'AR',1,0),(3292,214,'BJ',1,0),(3293,214,'BA',1,0),(3294,214,'BI',1,0),(3295,214,'GB',1,0),(3296,214,'GF',1,0),(3297,214,'JE',1,0),(3298,214,'KR',1,0),(3299,214,'KS',1,0),(3300,214,'KB',1,0),(3301,214,'KF',1,0),(3302,214,'MH',1,0),(3303,214,'MN',1,0),(3304,214,'ME',1,0),(3305,214,'MO',1,0),(3306,214,'NA',1,0),(3307,214,'SF',1,0),(3308,214,'SD',1,0),(3309,214,'SL',1,0),(3310,214,'SO',1,0),(3311,214,'TA',1,0),(3312,214,'TO',1,0),(3313,214,'TU',1,0),(3314,214,'ZA',1,0),(3315,215,'ADA',1,0),(3316,215,'ADI',1,0),(3317,215,'AFY',1,0),(3318,215,'AGR',1,0),(3319,215,'AKS',1,0),(3320,215,'AMA',1,0),(3321,215,'ANK',1,0),(3322,215,'ANT',1,0),(3323,215,'ARD',1,0),(3324,215,'ART',1,0),(3325,215,'AYI',1,0),(3326,215,'BAL',1,0),(3327,215,'BAR',1,0),(3328,215,'BAT',1,0),(3329,215,'BAY',1,0),(3330,215,'BIL',1,0),(3331,215,'BIN',1,0),(3332,215,'BIT',1,0),(3333,215,'BOL',1,0),(3334,215,'BRD',1,0),(3335,215,'BRS',1,0),(3336,215,'CKL',1,0),(3337,215,'CKR',1,0),(3338,215,'COR',1,0),(3339,215,'DEN',1,0),(3340,215,'DIY',1,0),(3341,215,'DUZ',1,0),(3342,215,'EDI',1,0),(3343,215,'ELA',1,0),(3344,215,'EZC',1,0),(3345,215,'EZR',1,0),(3346,215,'ESK',1,0),(3347,215,'GAZ',1,0),(3348,215,'GIR',1,0),(3349,215,'GMS',1,0),(3350,215,'HKR',1,0),(3351,215,'HTY',1,0),(3352,215,'IGD',1,0),(3353,215,'ISP',1,0),(3354,215,'IST',1,0),(3355,215,'IZM',1,0),(3356,215,'KAH',1,0),(3357,215,'KRB',1,0),(3358,215,'KRM',1,0),(3359,215,'KRS',1,0),(3360,215,'KAS',1,0),(3361,215,'KAY',1,0),(3362,215,'KLS',1,0),(3363,215,'KRK',1,0),(3364,215,'KLR',1,0),(3365,215,'KRH',1,0),(3366,215,'KOC',1,0),(3367,215,'KON',1,0),(3368,215,'KUT',1,0),(3369,215,'MAL',1,0),(3370,215,'MAN',1,0),(3371,215,'MAR',1,0),(3372,215,'MER',1,0),(3373,215,'MUG',1,0),(3374,215,'MUS',1,0),(3375,215,'NEV',1,0),(3376,215,'NIG',1,0),(3377,215,'ORD',1,0),(3378,215,'OSM',1,0),(3379,215,'RIZ',1,0),(3380,215,'SAK',1,0),(3381,215,'SAM',1,0),(3382,215,'SAN',1,0),(3383,215,'SII',1,0),(3384,215,'SIN',1,0),(3385,215,'SIR',1,0),(3386,215,'SIV',1,0),(3387,215,'TEL',1,0),(3388,215,'TOK',1,0),(3389,215,'TRA',1,0),(3390,215,'TUN',1,0),(3391,215,'USK',1,0),(3392,215,'VAN',1,0),(3393,215,'YAL',1,0),(3394,215,'YOZ',1,0),(3395,215,'ZON',1,0),(3396,216,'A',1,0),(3397,216,'B',1,0),(3398,216,'D',1,0),(3399,216,'L',1,0),(3400,216,'M',1,0),(3401,217,'AC',1,0),(3402,217,'DC',1,0),(3403,217,'FC',1,0),(3404,217,'LW',1,0),(3405,217,'RC',1,0),(3406,217,'PN',1,0),(3407,217,'SL',1,0),(3408,217,'GT',1,0),(3409,217,'SC',1,0),(3410,217,'EC',1,0),(3411,217,'MC',1,0),(3412,217,'NC',1,0),(3413,217,'PR',1,0),(3414,217,'WC',1,0),(3415,218,'NMG',1,0),(3416,218,'NLK',1,0),(3417,218,'NTO',1,0),(3418,218,'FUN',1,0),(3419,218,'NME',1,0),(3420,218,'NUI',1,0),(3421,218,'NFT',1,0),(3422,218,'NLL',1,0),(3423,218,'VAI',1,0),(3424,219,'KAL',1,0),(3425,219,'KMP',1,0),(3426,219,'KAY',1,0),(3427,219,'KIB',1,0),(3428,219,'LUW',1,0),(3429,219,'MAS',1,0),(3430,219,'MPI',1,0),(3431,219,'MUB',1,0),(3432,219,'MUK',1,0),(3433,219,'NKS',1,0),(3434,219,'RAK',1,0),(3435,219,'SEM',1,0),(3436,219,'WAK',1,0),(3437,219,'BUG',1,0),(3438,219,'BUS',1,0),(3439,219,'IGA',1,0),(3440,219,'JIN',1,0),(3441,219,'KAB',1,0),(3442,219,'KML',1,0),(3443,219,'KPC',1,0),(3444,219,'KTK',1,0),(3445,219,'KUM',1,0),(3446,219,'MAY',1,0),(3447,219,'MBA',1,0),(3448,219,'PAL',1,0),(3449,219,'SIR',1,0),(3450,219,'SOR',1,0),(3451,219,'TOR',1,0),(3452,219,'ADJ',1,0),(3453,219,'APC',1,0),(3454,219,'ARU',1,0),(3455,219,'GUL',1,0),(3456,219,'KIT',1,0),(3457,219,'KOT',1,0),(3458,219,'LIR',1,0),(3459,219,'MRT',1,0),(3460,219,'MOY',1,0),(3461,219,'NAK',1,0),(3462,219,'NEB',1,0),(3463,219,'PAD',1,0),(3464,219,'YUM',1,0),(3465,219,'BUN',1,0),(3466,219,'BSH',1,0),(3467,219,'HOI',1,0),(3468,219,'KBL',1,0),(3469,219,'KAR',1,0),(3470,219,'KAM',1,0),(3471,219,'KAN',1,0),(3472,219,'KAS',1,0),(3473,219,'KBA',1,0),(3474,219,'KIS',1,0),(3475,219,'KYE',1,0),(3476,219,'MSN',1,0),(3477,219,'MBR',1,0),(3478,219,'NTU',1,0),(3479,219,'RUK',1,0),(3480,220,'CK',1,0),(3481,220,'CH',1,0),(3482,220,'CV',1,0),(3483,220,'CR',1,0),(3484,220,'DN',1,0),(3485,220,'DO',1,0),(3486,220,'IV',1,0),(3487,220,'KL',1,0),(3488,220,'KM',1,0),(3489,220,'KR',1,0),(3490,220,'KV',1,0),(3491,220,'KS',1,0),(3492,220,'LU',1,0),(3493,220,'LV',1,0),(3494,220,'MY',1,0),(3495,220,'OD',1,0),(3496,220,'PO',1,0),(3497,220,'RI',1,0),(3498,220,'SE',1,0),(3499,220,'SU',1,0),(3500,220,'TE',1,0),(3501,220,'VI',1,0),(3502,220,'VO',1,0),(3503,220,'ZK',1,0),(3504,220,'ZA',1,0),(3505,220,'ZH',1,0),(3506,221,'AZ',1,0),(3507,221,'AJ',1,0),(3508,221,'FU',1,0),(3509,221,'SH',1,0),(3510,221,'DU',1,0),(3511,221,'RK',1,0),(3512,221,'UQ',1,0),(3513,222,'ABN',1,0),(3514,222,'ABNS',1,0),(3515,222,'ANG',1,0),(3516,222,'AGS',1,0),(3517,222,'ARY',1,0),(3518,222,'BEDS',1,0),(3519,222,'BERKS',1,0),(3520,222,'BLA',1,0),(3521,222,'BRI',1,0),(3522,222,'BSTL',1,0),(3523,222,'BUCKS',1,0),(3524,222,'CAE',1,0),(3525,222,'CAMBS',1,0),(3526,222,'CDF',1,0),(3527,222,'CARM',1,0),(3528,222,'CDGN',1,0),(3529,222,'CHES',1,0),(3530,222,'CLACK',1,0),(3531,222,'CON',1,0),(3532,222,'CORN',1,0),(3533,222,'DNBG',1,0),(3534,222,'DERBY',1,0),(3535,222,'DVN',1,0),(3536,222,'DOR',1,0),(3537,222,'DGL',1,0),(3538,222,'DUND',1,0),(3539,222,'DHM',1,0),(3540,222,'ARYE',1,0),(3541,222,'DUNBE',1,0),(3542,222,'LOTE',1,0),(3543,222,'RENE',1,0),(3544,222,'ERYS',1,0),(3545,222,'SXE',1,0),(3546,222,'EDIN',1,0),(3547,222,'ESX',1,0),(3548,222,'FALK',1,0),(3549,222,'FFE',1,0),(3550,222,'FLINT',1,0),(3551,222,'GLAS',1,0),(3552,222,'GLOS',1,0),(3553,222,'LDN',1,0),(3554,222,'MCH',1,0),(3555,222,'GDD',1,0),(3556,222,'HANTS',1,0),(3557,222,'HWR',1,0),(3558,222,'HERTS',1,0),(3559,222,'HLD',1,0),(3560,222,'IVER',1,0),(3561,222,'IOW',1,0),(3562,222,'KNT',1,0),(3563,222,'LANCS',1,0),(3564,222,'LEICS',1,0),(3565,222,'LINCS',1,0),(3566,222,'MSY',1,0),(3567,222,'MERT',1,0),(3568,222,'MLOT',1,0),(3569,222,'MMOUTH',1,0),(3570,222,'MORAY',1,0),(3571,222,'NPRTAL',1,0),(3572,222,'NEWPT',1,0),(3573,222,'NOR',1,0),(3574,222,'ARYN',1,0),(3575,222,'LANN',1,0),(3576,222,'YSN',1,0),(3577,222,'NHM',1,0),(3578,222,'NLD',1,0),(3579,222,'NOT',1,0),(3580,222,'ORK',1,0),(3581,222,'OFE',1,0),(3582,222,'PEM',1,0),(3583,222,'PERTH',1,0),(3584,222,'PWS',1,0),(3585,222,'REN',1,0),(3586,222,'RHON',1,0),(3587,222,'RUT',1,0),(3588,222,'BOR',1,0),(3589,222,'SHET',1,0),(3590,222,'SPE',1,0),(3591,222,'SOM',1,0),(3592,222,'ARYS',1,0),(3593,222,'LANS',1,0),(3594,222,'YSS',1,0),(3595,222,'SFD',1,0),(3596,222,'STIR',1,0),(3597,222,'SFK',1,0),(3598,222,'SRY',1,0),(3599,222,'SWAN',1,0),(3600,222,'TORF',1,0),(3601,222,'TWR',1,0),(3602,222,'VGLAM',1,0),(3603,222,'WARKS',1,0),(3604,222,'WDUN',1,0),(3605,222,'WLOT',1,0),(3606,222,'WMD',1,0),(3607,222,'SXW',1,0),(3608,222,'YSW',1,0),(3609,222,'WIL',1,0),(3610,222,'WLT',1,0),(3611,222,'WORCS',1,0),(3612,222,'WRX',1,0),(3613,223,'AL',1,0),(3614,223,'AK',1,0),(3615,223,'AS',1,0),(3616,223,'AZ',1,0),(3617,223,'AR',1,0),(3618,223,'AF',1,0),(3619,223,'AA',1,0),(3620,223,'AC',1,0),(3621,223,'AE',1,0),(3622,223,'AM',1,0),(3623,223,'AP',1,0),(3624,223,'CA',1,0),(3625,223,'CO',1,0),(3626,223,'CT',1,0),(3627,223,'DE',1,0),(3628,223,'DC',1,0),(3629,223,'FM',1,0),(3630,223,'FL',1,0),(3631,223,'GA',1,0),(3632,223,'GU',1,0),(3633,223,'HI',1,0),(3634,223,'ID',1,0),(3635,223,'IL',1,0),(3636,223,'IN',1,0),(3637,223,'IA',1,0),(3638,223,'KS',1,0),(3639,223,'KY',1,0),(3640,223,'LA',1,0),(3641,223,'ME',1,0),(3642,223,'MH',1,0),(3643,223,'MD',1,0),(3644,223,'MA',1,0),(3645,223,'MI',1,0),(3646,223,'MN',1,0),(3647,223,'MS',1,0),(3648,223,'MO',1,0),(3649,223,'MT',1,0),(3650,223,'NE',1,0),(3651,223,'NV',1,0),(3652,223,'NH',1,0),(3653,223,'NJ',1,0),(3654,223,'NM',1,0),(3655,223,'NY',1,0),(3656,223,'NC',1,0),(3657,223,'ND',1,0),(3658,223,'MP',1,0),(3659,223,'OH',1,0),(3660,223,'OK',1,0),(3661,223,'OR',1,0),(3662,223,'PW',1,0),(3663,223,'PA',1,0),(3664,223,'PR',1,0),(3665,223,'RI',1,0),(3666,223,'SC',1,0),(3667,223,'SD',1,0),(3668,223,'TN',1,0),(3669,223,'TX',1,0),(3670,223,'UT',1,0),(3671,223,'VT',1,0),(3672,223,'VI',1,0),(3673,223,'VA',1,0),(3674,223,'WA',1,0),(3675,223,'WV',1,0),(3676,223,'WI',1,0),(3677,223,'WY',1,0),(3678,224,'BI',1,0),(3679,224,'HI',1,0),(3680,224,'JI',1,0),(3681,224,'JA',1,0),(3682,224,'KR',1,0),(3683,224,'MA',1,0),(3684,224,'NI',1,0),(3685,224,'PA',1,0),(3686,224,'WI',1,0),(3687,225,'AR',1,0),(3688,225,'CA',1,0),(3689,225,'CL',1,0),(3690,225,'CO',1,0),(3691,225,'DU',1,0),(3692,225,'FS',1,0),(3693,225,'FA',1,0),(3694,225,'LA',1,0),(3695,225,'MA',1,0),(3696,225,'MO',1,0),(3697,225,'PA',1,0),(3698,225,'RN',1,0),(3699,225,'RV',1,0),(3700,225,'RO',1,0),(3701,225,'SL',1,0),(3702,225,'SJ',1,0),(3703,225,'SO',1,0),(3704,225,'TA',1,0),(3705,225,'TT',1,0),(3706,226,'AN',1,0),(3707,226,'BU',1,0),(3708,226,'FA',1,0),(3709,226,'JI',1,0),(3710,226,'NG',1,0),(3711,226,'NW',1,0),(3712,226,'QA',1,0),(3713,226,'QR',1,0),(3714,226,'SA',1,0),(3715,226,'SI',1,0),(3716,226,'SU',1,0),(3717,226,'TK',1,0),(3718,226,'TO',1,0),(3719,226,'XO',1,0),(3720,227,'MA',1,0),(3721,227,'PE',1,0),(3722,227,'SA',1,0),(3723,227,'SH',1,0),(3724,227,'TA',1,0),(3725,227,'TO',1,0),(3726,229,'AM',1,0),(3727,229,'AN',1,0),(3728,229,'AP',1,0),(3729,229,'AR',1,0),(3730,229,'BA',1,0),(3731,229,'BO',1,0),(3732,229,'CA',1,0),(3733,229,'CO',1,0),(3734,229,'DA',1,0),(3735,229,'DF',1,0),(3736,229,'DI',1,0),(3737,229,'FA',1,0),(3738,229,'GU',1,0),(3739,229,'LA',1,0),(3740,229,'ME',1,0),(3741,229,'MI',1,0),(3742,229,'MO',1,0),(3743,229,'NE',1,0),(3744,229,'PO',1,0),(3745,229,'SU',1,0),(3746,229,'TA',1,0),(3747,229,'TR',1,0),(3748,229,'VA',1,0),(3749,229,'YA',1,0),(3750,229,'ZU',1,0),(3751,230,'AG',1,0),(3752,230,'BG',1,0),(3753,230,'BK',1,0),(3754,230,'BL',1,0),(3755,230,'BC',1,0),(3756,230,'BR',1,0),(3757,230,'BN',1,0),(3758,230,'BH',1,0),(3759,230,'BU',1,0),(3760,230,'BP',1,0),(3761,230,'BT',1,0),(3762,230,'CM',1,0),(3763,230,'CT',1,0),(3764,230,'CB',1,0),(3765,230,'DL',1,0),(3766,230,'DG',1,0),(3767,230,'DN',1,0),(3768,230,'DB',1,0),(3769,230,'DI',1,0),(3770,230,'DT',1,0),(3771,230,'GL',1,0),(3772,230,'HG',1,0),(3773,230,'HD',1,0),(3774,230,'HP',1,0),(3775,230,'HM',1,0),(3776,230,'HI',1,0),(3777,230,'HT',1,0),(3778,230,'HH',1,0),(3779,230,'HB',1,0),(3780,230,'HC',1,0),(3781,230,'HU',1,0),(3782,230,'HY',1,0),(3783,232,'C',1,0),(3784,232,'J',1,0),(3785,232,'T',1,0),(3786,233,'A',1,0),(3787,233,'S',1,0),(3788,233,'W',1,0),(3789,235,'AB',1,0),(3790,235,'AD',1,0),(3791,235,'AM',1,0),(3792,235,'BA',1,0),(3793,235,'DA',1,0),(3794,235,'DH',1,0),(3795,235,'HD',1,0),(3796,235,'HJ',1,0),(3797,235,'HU',1,0),(3798,235,'IB',1,0),(3799,235,'JA',1,0),(3800,235,'LA',1,0),(3801,235,'MA',1,0),(3802,235,'MR',1,0),(3803,235,'MW',1,0),(3804,235,'SD',1,0),(3805,235,'SN',1,0),(3806,235,'SH',1,0),(3807,235,'TA',1,0),(3808,236,'KOS',1,0),(3809,236,'MON',1,0),(3810,236,'SER',1,0),(3811,236,'VOJ',1,0),(3812,237,'BC',1,0),(3813,237,'BN',1,0),(3814,237,'EQ',1,0),(3815,237,'KA',1,0),(3816,237,'KE',1,0),(3817,237,'KN',1,0),(3818,237,'KW',1,0),(3819,237,'MA',1,0),(3820,237,'NK',1,0),(3821,237,'OR',1,0),(3822,237,'SK',1,0),(3823,238,'CE',1,0),(3824,238,'CB',1,0),(3825,238,'EA',1,0),(3826,238,'LP',1,0),(3827,238,'LK',1,0),(3828,238,'NO',1,0),(3829,238,'NW',1,0),(3830,238,'SO',1,0),(3831,238,'WE',1,0),(3832,239,'BU',1,0),(3833,239,'HA',1,0),(3834,239,'ML',1,0),(3835,239,'MC',1,0),(3836,239,'ME',1,0),(3837,239,'MW',1,0),(3838,239,'MV',1,0),(3839,239,'MN',1,0),(3840,239,'MS',1,0),(3841,239,'MD',1,0),(3861,105,'CB',1,0),(3862,105,'CI',1,0),(3863,105,'CE',1,0),(3864,105,'CT',1,0),(3865,105,'CZ',1,0),(3866,105,'CH',1,0),(3867,105,'CO',1,0),(3868,105,'CS',1,0),(3869,105,'CR',1,0),(3870,105,'KR',1,0),(3871,105,'CN',1,0),(3872,105,'EN',1,0),(3873,105,'FE',1,0),(3874,105,'FI',1,0),(3875,105,'FG',1,0),(3876,105,'FC',1,0),(3877,105,'FR',1,0),(3878,105,'GE',1,0),(3879,105,'GO',1,0),(3880,105,'GR',1,0),(3881,105,'IM',1,0),(3882,105,'IS',1,0),(3883,105,'AQ',1,0),(3884,105,'SP',1,0),(3885,105,'LT',1,0),(3886,105,'LE',1,0),(3887,105,'LC',1,0),(3888,105,'LI',1,0),(3889,105,'LO',1,0),(3890,105,'LU',1,0),(3891,105,'MC',1,0),(3892,105,'MN',1,0),(3893,105,'MS',1,0),(3894,105,'MT',1,0),(3895,105,'VS',1,0),(3896,105,'ME',1,0),(3897,105,'MI',1,0),(3898,105,'MO',1,0),(3899,105,'NA',1,0),(3900,105,'NO',1,0),(3901,105,'NU',1,0),(3902,105,'OG',1,0),(3903,105,'OT',1,0),(3904,105,'OR',1,0),(3905,105,'PD',1,0),(3906,105,'PA',1,0),(3907,105,'PR',1,0),(3908,105,'PV',1,0),(3909,105,'PG',1,0),(3910,105,'PU',1,0),(3911,105,'PE',1,0),(3912,105,'PC',1,0),(3913,105,'PI',1,0),(3914,105,'PT',1,0),(3915,105,'PN',1,0),(3916,105,'PZ',1,0),(3917,105,'PO',1,0),(3918,105,'RG',1,0),(3919,105,'RA',1,0),(3920,105,'RC',1,0),(3921,105,'RE',1,0),(3922,105,'RI',1,0),(3923,105,'RN',1,0),(3924,105,'RM',1,0),(3925,105,'RO',1,0),(3926,105,'SA',1,0),(3927,105,'SS',1,0),(3928,105,'SV',1,0),(3929,105,'SI',1,0),(3930,105,'SR',1,0),(3931,105,'SO',1,0),(3932,105,'TA',1,0),(3933,105,'TE',1,0),(3934,105,'TR',1,0),(3935,105,'TO',1,0),(3936,105,'TP',1,0),(3937,105,'TN',1,0),(3938,105,'TV',1,0),(3939,105,'TS',1,0),(3940,105,'UD',1,0),(3941,105,'VA',1,0),(3942,105,'VE',1,0),(3943,105,'VB',1,0),(3944,105,'VC',1,0),(3945,105,'VR',1,0),(3946,105,'VV',1,0),(3947,105,'VI',1,0),(3948,105,'VT',1,0),(3949,240,'',1,0),(3950,240,'',1,0),(3951,240,'',1,0),(3952,240,'',1,0),(3953,240,'',1,0),(3954,240,'',1,0),(3955,190,'MR',1,0),(3956,190,'DR',1,0),(3957,190,'CR',1,0),(3958,190,'SV',1,0),(3959,190,'CV',1,0),(3960,190,'LS',1,0),(3961,190,'SS',1,0),(3962,190,'LC',1,0),(3963,190,'CS',1,0),(3964,190,'UC',1,0),(3965,190,'GZ',1,0),(3966,190,'CK',1,0),(3967,188,'SG',1,0),(3968,168,'MTM',1,0);
/*!40000 ALTER TABLE `abc_zones` ENABLE KEYS */;
UNLOCK TABLES;

--
-- Table structure for table `abc_zones_to_locations`
--

DROP TABLE IF EXISTS `abc_zones_to_locations`;
/*!40101 SET @saved_cs_client     = @@character_set_client */;
/*!40101 SET character_set_client = utf8 */;
CREATE TABLE `abc_zones_to_locations` (
  `zone_to_location_id` int(11) NOT NULL AUTO_INCREMENT,
  `country_id` int(11) NOT NULL,
  `zone_id` int(11) NOT NULL DEFAULT '0',
  `location_id` int(11) NOT NULL,
  `date_added` timestamp NOT NULL DEFAULT '0000-00-00 00:00:00',
  `date_modified` timestamp NOT NULL DEFAULT CURRENT_TIMESTAMP ON UPDATE CURRENT_TIMESTAMP,
  PRIMARY KEY (`zone_to_location_id`),
  KEY `ac_zones_to_locations_idx` (`country_id`,`zone_id`,`location_id`)
) ENGINE=MyISAM AUTO_INCREMENT=80 DEFAULT CHARSET=utf8;
/*!40101 SET character_set_client = @saved_cs_client */;

--
-- Dumping data for table `abc_zones_to_locations`
--

LOCK TABLES `abc_zones_to_locations` WRITE;
/*!40000 ALTER TABLE `abc_zones_to_locations` DISABLE KEYS */;
INSERT INTO `abc_zones_to_locations` VALUES (66,223,3677,1,'2019-07-12 07:21:52','2019-07-12 07:21:52'),(65,223,3676,1,'2019-07-12 07:21:52','2019-07-12 07:21:52'),(64,223,3675,1,'2019-07-12 07:21:52','2019-07-12 07:21:52'),(63,223,3674,1,'2019-07-12 07:21:52','2019-07-12 07:21:52'),(62,223,3673,1,'2019-07-12 07:21:52','2019-07-12 07:21:52'),(61,223,3672,1,'2019-07-12 07:21:52','2019-07-12 07:21:52'),(60,223,3671,1,'2019-07-12 07:21:52','2019-07-12 07:21:52'),(59,223,3670,1,'2019-07-12 07:21:52','2019-07-12 07:21:52'),(58,223,3669,1,'2019-07-12 07:21:52','2019-07-12 07:21:52'),(57,223,3668,1,'2019-07-12 07:21:52','2019-07-12 07:21:52'),(56,223,3667,1,'2019-07-12 07:21:52','2019-07-12 07:21:52'),(55,223,3666,1,'2019-07-12 07:21:52','2019-07-12 07:21:52'),(54,223,3665,1,'2019-07-12 07:21:52','2019-07-12 07:21:52'),(53,223,3664,1,'2019-07-12 07:21:52','2019-07-12 07:21:52'),(52,223,3663,1,'2019-07-12 07:21:52','2019-07-12 07:21:52'),(51,223,3662,1,'2019-07-12 07:21:52','2019-07-12 07:21:52'),(50,223,3661,1,'2019-07-12 07:21:52','2019-07-12 07:21:52'),(49,223,3660,1,'2019-07-12 07:21:52','2019-07-12 07:21:52'),(48,223,3659,1,'2019-07-12 07:21:52','2019-07-12 07:21:52'),(47,223,3658,1,'2019-07-12 07:21:52','2019-07-12 07:21:52'),(46,223,3657,1,'2019-07-12 07:21:52','2019-07-12 07:21:52'),(45,223,3656,1,'2019-07-12 07:21:52','2019-07-12 07:21:52'),(44,223,3655,1,'2019-07-12 07:21:52','2019-07-12 07:21:52'),(43,223,3654,1,'2019-07-12 07:21:52','2019-07-12 07:21:52'),(42,223,3653,1,'2019-07-12 07:21:52','2019-07-12 07:21:52'),(41,223,3652,1,'2019-07-12 07:21:52','2019-07-12 07:21:52'),(40,223,3651,1,'2019-07-12 07:21:52','2019-07-12 07:21:52'),(39,223,3650,1,'2019-07-12 07:21:52','2019-07-12 07:21:52'),(38,223,3649,1,'2019-07-12 07:21:52','2019-07-12 07:21:52'),(37,223,3648,1,'2019-07-12 07:21:52','2019-07-12 07:21:52'),(36,223,3647,1,'2019-07-12 07:21:52','2019-07-12 07:21:52'),(35,223,3646,1,'2019-07-12 07:21:52','2019-07-12 07:21:52'),(34,223,3645,1,'2019-07-12 07:21:52','2019-07-12 07:21:52'),(33,223,3644,1,'2019-07-12 07:21:52','2019-07-12 07:21:52'),(32,223,3643,1,'2019-07-12 07:21:52','2019-07-12 07:21:52'),(31,223,3642,1,'2019-07-12 07:21:52','2019-07-12 07:21:52'),(30,223,3641,1,'2019-07-12 07:21:52','2019-07-12 07:21:52'),(29,223,3640,1,'2019-07-12 07:21:52','2019-07-12 07:21:52'),(28,223,3639,1,'2019-07-12 07:21:52','2019-07-12 07:21:52'),(27,223,3638,1,'2019-07-12 07:21:52','2019-07-12 07:21:52'),(26,223,3637,1,'2019-07-12 07:21:52','2019-07-12 07:21:52'),(25,223,3636,1,'2019-07-12 07:21:52','2019-07-12 07:21:52'),(24,223,3635,1,'2019-07-12 07:21:52','2019-07-12 07:21:52'),(23,223,3634,1,'2019-07-12 07:21:52','2019-07-12 07:21:52'),(22,223,3633,1,'2019-07-12 07:21:52','2019-07-12 07:21:52'),(21,223,3632,1,'2019-07-12 07:21:52','2019-07-12 07:21:52'),(20,223,3631,1,'2019-07-12 07:21:52','2019-07-12 07:21:52'),(19,223,3630,1,'2019-07-12 07:21:52','2019-07-12 07:21:52'),(18,223,3629,1,'2019-07-12 07:21:52','2019-07-12 07:21:52'),(17,223,3628,1,'2019-07-12 07:21:52','2019-07-12 07:21:52'),(16,223,3627,1,'2019-07-12 07:21:52','2019-07-12 07:21:52'),(15,223,3626,1,'2019-07-12 07:21:52','2019-07-12 07:21:52'),(14,223,3625,1,'2019-07-12 07:21:52','2019-07-12 07:21:52'),(13,223,3624,1,'2019-07-12 07:21:52','2019-07-12 07:21:52'),(12,223,3623,1,'2019-07-12 07:21:52','2019-07-12 07:21:52'),(11,223,3622,1,'2019-07-12 07:21:52','2019-07-12 07:21:52'),(10,223,3621,1,'2019-07-12 07:21:52','2019-07-12 07:21:52'),(9,223,3620,1,'2019-07-12 07:21:52','2019-07-12 07:21:52'),(8,223,3619,1,'2019-07-12 07:21:52','2019-07-12 07:21:52'),(7,223,3618,1,'2019-07-12 07:21:52','2019-07-12 07:21:52'),(6,223,3617,1,'2019-07-12 07:21:52','2019-07-12 07:21:52'),(5,223,3616,1,'2019-07-12 07:21:52','2019-07-12 07:21:52'),(4,223,3615,1,'2019-07-12 07:21:52','2019-07-12 07:21:52'),(3,223,3614,1,'2019-07-12 07:21:52','2019-07-12 07:21:52'),(2,223,3613,1,'2019-07-12 07:21:52','2019-07-12 07:21:52'),(67,38,602,2,'2019-07-12 07:21:52','2019-07-12 07:21:52'),(68,38,603,2,'2019-07-12 07:21:52','2019-07-12 07:21:52'),(69,38,604,2,'2019-07-12 07:21:52','2019-07-12 07:21:52'),(70,38,605,2,'2019-07-12 07:21:52','2019-07-12 07:21:52'),(71,38,606,2,'2019-07-12 07:21:52','2019-07-12 07:21:52'),(72,38,607,2,'2019-07-12 07:21:52','2019-07-12 07:21:52'),(73,38,608,2,'2019-07-12 07:21:52','2019-07-12 07:21:52'),(74,38,609,2,'2019-07-12 07:21:52','2019-07-12 07:21:52'),(75,38,610,2,'2019-07-12 07:21:52','2019-07-12 07:21:52'),(76,38,611,2,'2019-07-12 07:21:52','2019-07-12 07:21:52'),(77,38,612,2,'2019-07-12 07:21:52','2019-07-12 07:21:52'),(78,38,613,2,'2019-07-12 07:21:52','2019-07-12 07:21:52'),(79,38,614,2,'2019-07-12 07:21:52','2019-07-12 07:21:52');
/*!40000 ALTER TABLE `abc_zones_to_locations` ENABLE KEYS */;
UNLOCK TABLES;
/*!40103 SET TIME_ZONE=@OLD_TIME_ZONE */;

/*!40101 SET SQL_MODE=@OLD_SQL_MODE */;
/*!40014 SET FOREIGN_KEY_CHECKS=@OLD_FOREIGN_KEY_CHECKS */;
/*!40014 SET UNIQUE_CHECKS=@OLD_UNIQUE_CHECKS */;
/*!40101 SET CHARACTER_SET_CLIENT=@OLD_CHARACTER_SET_CLIENT */;
/*!40101 SET CHARACTER_SET_RESULTS=@OLD_CHARACTER_SET_RESULTS */;
/*!40101 SET COLLATION_CONNECTION=@OLD_COLLATION_CONNECTION */;
/*!40111 SET SQL_NOTES=@OLD_SQL_NOTES */;

-- Dump completed on 2019-07-17  6:25:32
